group,window_id,origin,covariate_name,pre_norm_mean,pre_norm_std,pre_norm_min,pre_norm_max
aligned,w0,2013-10-20T16:00:00.000000000,fusion_emb_000,0.9823898077011108,0.0,0.9823898077011108,0.9823898077011108
aligned,w0,2013-10-20T16:00:00.000000000,fusion_emb_001,0.34639525413513184,0.0,0.34639525413513184,0.34639525413513184
aligned,w0,2013-10-20T16:00:00.000000000,fusion_emb_002,1.1775693893432617,0.0,1.1775693893432617,1.1775693893432617
aligned,w0,2013-10-20T16:00:00.000000000,fusion_emb_003,-0.10703516006469727,0.0,-0.10703516006469727,-0.10703516006469727
aligned,w0,2013-10-20T16:00:00.000000000,fusion_emb_004,-0.9579089879989624,0.0,-0.9579089879989624,-0.9579089879989624
aligned,w0,2013-10-20T16:00:00.000000000,fusion_emb_005,0.44451528787612915,5.960464477539063e-08,0.4445153474807739,0.4445153474807739
aligned,w0,2013-10-20T16:00:00.000000000,fusion_emb_006,-0.18626998364925385,1.4901161193847656e-08,-0.18626996874809265,-0.18626996874809265
aligned,w0,2013-10-20T16:00:00.000000000,fusion_emb_007,0.022025881335139275,1.862645149230957e-09,0.022025879472494125,0.022025879472494125
aligned,w0,2013-10-20T16:00:00.000000000,fusion_emb_008,0.34737592935562134,2.9802322387695312e-08,0.3473759591579437,0.3473759591579437
aligned,w0,2013-10-20T16:00:00.000000000,fusion_emb_009,0.7676934599876404,0.0,0.7676934599876404,0.7676934599876404
aligned,w0,2013-10-20T16:00:00.000000000,fusion_emb_010,0.5757126808166504,0.0,0.5757126808166504,0.5757126808166504
aligned,w0,2013-10-20T16:00:00.000000000,fusion_emb_011,-0.22607752680778503,2.9802322387695312e-08,-0.22607749700546265,-0.22607749700546265
aligned,w0,2013-10-20T16:00:00.000000000,fusion_emb_012,-0.5796900987625122,5.960464477539063e-08,-0.579690158367157,-0.579690158367157
aligned,w0,2013-10-20T16:00:00.000000000,fusion_emb_013,-0.7374402284622192,5.960464477539063e-08,-0.737440288066864,-0.737440288066864
aligned,w0,2013-10-20T16:00:00.000000000,fusion_emb_014,-0.7597097754478455,5.960464477539063e-08,-0.7597097158432007,-0.7597097158432007
aligned,w0,2013-10-20T16:00:00.000000000,fusion_emb_015,-0.29633423686027527,0.0,-0.29633423686027527,-0.29633423686027527
aligned,w0,2013-10-20T16:00:00.000000000,fusion_emb_016,0.15949022769927979,0.0,0.15949022769927979,0.15949022769927979
aligned,w0,2013-10-20T16:00:00.000000000,fusion_emb_017,0.0469326376914978,0.0,0.0469326376914978,0.0469326376914978
aligned,w0,2013-10-20T16:00:00.000000000,fusion_emb_018,-0.09707062691450119,7.450580596923828e-09,-0.09707063436508179,-0.09707063436508179
aligned,w0,2013-10-20T16:00:00.000000000,fusion_emb_019,-0.1604447215795517,1.4901161193847656e-08,-0.1604447066783905,-0.1604447066783905
aligned,w0,2013-10-20T16:00:00.000000000,fusion_emb_020,-0.03601941466331482,7.450580596923828e-09,-0.036019422113895416,-0.036019422113895416
aligned,w0,2013-10-20T16:00:00.000000000,fusion_emb_021,-0.3251914083957672,2.9802322387695312e-08,-0.3251913785934448,-0.3251913785934448
aligned,w0,2013-10-20T16:00:00.000000000,fusion_emb_022,-1.010555624961853,1.1920928955078125e-07,-1.0105557441711426,-1.0105557441711426
aligned,w0,2013-10-20T16:00:00.000000000,fusion_emb_023,0.6713334321975708,5.960464477539063e-08,0.6713334918022156,0.6713334918022156
aligned,w0,2013-10-20T16:00:00.000000000,fusion_emb_024,0.13015758991241455,1.4901161193847656e-08,0.13015757501125336,0.13015757501125336
aligned,w0,2013-10-20T16:00:00.000000000,fusion_emb_025,0.06289833039045334,0.0,0.06289833039045334,0.06289833039045334
aligned,w0,2013-10-20T16:00:00.000000000,fusion_emb_026,-1.2429933547973633,2.384185791015625e-07,-1.2429931163787842,-1.2429931163787842
aligned,w0,2013-10-20T16:00:00.000000000,fusion_emb_027,-0.46631234884262085,0.0,-0.46631234884262085,-0.46631234884262085
aligned,w0,2013-10-20T16:00:00.000000000,fusion_emb_028,-0.03720706328749657,3.725290298461914e-09,-0.03720705956220627,-0.03720705956220627
aligned,w0,2013-10-20T16:00:00.000000000,fusion_emb_029,-0.3970973491668701,0.0,-0.3970973491668701,-0.3970973491668701
aligned,w0,2013-10-20T16:00:00.000000000,fusion_emb_030,0.008031967096030712,9.313225746154785e-10,0.008031968027353287,0.008031968027353287
aligned,w0,2013-10-20T16:00:00.000000000,fusion_emb_031,0.21112896502017975,1.4901161193847656e-08,0.21112895011901855,0.21112895011901855
aligned,w0,2013-10-20T16:00:00.000000000,fusion_emb_032,-0.009396836161613464,0.0,-0.009396836161613464,-0.009396836161613464
aligned,w0,2013-10-20T16:00:00.000000000,fusion_emb_033,0.31290000677108765,2.9802322387695312e-08,0.31289997696876526,0.31289997696876526
aligned,w0,2013-10-20T16:00:00.000000000,fusion_emb_034,0.2927785813808441,2.9802322387695312e-08,0.2927786111831665,0.2927786111831665
aligned,w0,2013-10-20T16:00:00.000000000,fusion_emb_035,0.048022206872701645,0.0,0.048022206872701645,0.048022206872701645
aligned,w0,2013-10-20T16:00:00.000000000,fusion_emb_036,0.7008847594261169,5.960464477539063e-08,0.7008846998214722,0.7008846998214722
aligned,w0,2013-10-20T16:00:00.000000000,fusion_emb_037,0.3928026854991913,2.9802322387695312e-08,0.3928026556968689,0.3928026556968689
aligned,w0,2013-10-20T16:00:00.000000000,fusion_emb_038,-0.5173988342285156,0.0,-0.5173988342285156,-0.5173988342285156
aligned,w0,2013-10-20T16:00:00.000000000,fusion_emb_039,-0.7079548835754395,0.0,-0.7079548835754395,-0.7079548835754395
aligned,w0,2013-10-20T16:00:00.000000000,fusion_emb_040,0.9857820868492126,0.0,0.9857820868492126,0.9857820868492126
aligned,w0,2013-10-20T16:00:00.000000000,fusion_emb_041,0.4288902282714844,0.0,0.4288902282714844,0.4288902282714844
aligned,w0,2013-10-20T16:00:00.000000000,fusion_emb_042,1.3046178817749023,1.1920928955078125e-07,1.304618000984192,1.304618000984192
aligned,w0,2013-10-20T16:00:00.000000000,fusion_emb_043,-0.6155930161476135,5.960464477539063e-08,-0.6155930757522583,-0.6155930757522583
aligned,w0,2013-10-20T16:00:00.000000000,fusion_emb_044,-0.3308420181274414,0.0,-0.3308420181274414,-0.3308420181274414
aligned,w0,2013-10-20T16:00:00.000000000,fusion_emb_045,0.7995480298995972,1.1920928955078125e-07,0.7995479106903076,0.7995479106903076
aligned,w0,2013-10-20T16:00:00.000000000,fusion_emb_046,-0.720276415348053,1.1920928955078125e-07,-0.7202765345573425,-0.7202765345573425
aligned,w0,2013-10-20T16:00:00.000000000,fusion_emb_047,0.6734510064125061,1.1920928955078125e-07,0.6734511256217957,0.6734511256217957
aligned,w0,2013-10-20T16:00:00.000000000,fusion_emb_048,-0.32729417085647583,2.9802322387695312e-08,-0.3272942006587982,-0.3272942006587982
aligned,w0,2013-10-20T16:00:00.000000000,fusion_emb_049,-0.805422306060791,0.0,-0.805422306060791,-0.805422306060791
aligned,w0,2013-10-20T16:00:00.000000000,fusion_emb_050,-0.27821388840675354,2.9802322387695312e-08,-0.27821385860443115,-0.27821385860443115
aligned,w0,2013-10-20T16:00:00.000000000,fusion_emb_051,-0.13684403896331787,2.9802322387695312e-08,-0.13684406876564026,-0.13684406876564026
aligned,w0,2013-10-20T16:00:00.000000000,fusion_emb_052,-0.09014692157506943,7.450580596923828e-09,-0.09014692902565002,-0.09014692902565002
aligned,w0,2013-10-20T16:00:00.000000000,fusion_emb_053,-0.06516027450561523,0.0,-0.06516027450561523,-0.06516027450561523
aligned,w0,2013-10-20T16:00:00.000000000,fusion_emb_054,0.19280460476875305,1.4901161193847656e-08,0.19280461966991425,0.19280461966991425
aligned,w0,2013-10-20T16:00:00.000000000,fusion_emb_055,0.013521814718842506,9.313225746154785e-10,0.013521815650165081,0.013521815650165081
aligned,w0,2013-10-20T16:00:00.000000000,fusion_emb_056,-0.47202667593955994,0.0,-0.47202667593955994,-0.47202667593955994
aligned,w0,2013-10-20T16:00:00.000000000,fusion_emb_057,1.0966615676879883,1.1920928955078125e-07,1.0966614484786987,1.0966614484786987
aligned,w0,2013-10-20T16:00:00.000000000,fusion_emb_058,0.3868122696876526,2.9802322387695312e-08,0.386812299489975,0.386812299489975
aligned,w0,2013-10-20T16:00:00.000000000,fusion_emb_059,-0.04431232810020447,0.0,-0.04431232810020447,-0.04431232810020447
aligned,w0,2013-10-20T16:00:00.000000000,fusion_emb_060,0.37878918647766113,0.0,0.37878918647766113,0.37878918647766113
aligned,w0,2013-10-20T16:00:00.000000000,fusion_emb_061,-0.3979945480823517,5.960464477539063e-08,-0.39799460768699646,-0.39799460768699646
aligned,w0,2013-10-20T16:00:00.000000000,fusion_emb_062,-0.3337898850440979,2.9802322387695312e-08,-0.3337899148464203,-0.3337899148464203
aligned,w0,2013-10-20T16:00:00.000000000,fusion_emb_063,-0.49524661898612976,0.0,-0.49524661898612976,-0.49524661898612976
aligned,w1,2013-10-20T17:00:00.000000000,fusion_emb_000,0.9801893830299377,5.960464477539063e-08,0.9801894426345825,0.9801894426345825
aligned,w1,2013-10-20T17:00:00.000000000,fusion_emb_001,0.3350231945514679,2.9802322387695312e-08,0.3350232243537903,0.3350232243537903
aligned,w1,2013-10-20T17:00:00.000000000,fusion_emb_002,1.1773996353149414,2.384185791015625e-07,1.1773993968963623,1.1773993968963623
aligned,w1,2013-10-20T17:00:00.000000000,fusion_emb_003,-0.11912406980991364,7.450580596923828e-09,-0.11912407726049423,-0.11912407726049423
aligned,w1,2013-10-20T17:00:00.000000000,fusion_emb_004,-0.9357930421829224,0.0,-0.9357930421829224,-0.9357930421829224
aligned,w1,2013-10-20T17:00:00.000000000,fusion_emb_005,0.41003721952438354,0.0,0.41003721952438354,0.41003721952438354
aligned,w1,2013-10-20T17:00:00.000000000,fusion_emb_006,-0.19910553097724915,1.4901161193847656e-08,-0.19910554587841034,-0.19910554587841034
aligned,w1,2013-10-20T17:00:00.000000000,fusion_emb_007,-0.03739447519183159,3.725290298461914e-09,-0.03739447891712189,-0.03739447891712189
aligned,w1,2013-10-20T17:00:00.000000000,fusion_emb_008,0.3373200595378876,2.9802322387695312e-08,0.3373200297355652,0.3373200297355652
aligned,w1,2013-10-20T17:00:00.000000000,fusion_emb_009,0.8151049017906189,5.960464477539063e-08,0.8151048421859741,0.8151048421859741
aligned,w1,2013-10-20T17:00:00.000000000,fusion_emb_010,0.5566322207450867,5.960464477539063e-08,0.5566322803497314,0.5566322803497314
aligned,w1,2013-10-20T17:00:00.000000000,fusion_emb_011,-0.2516140639781952,0.0,-0.2516140639781952,-0.2516140639781952
aligned,w1,2013-10-20T17:00:00.000000000,fusion_emb_012,-0.5603550672531128,5.960464477539063e-08,-0.560355007648468,-0.560355007648468
aligned,w1,2013-10-20T17:00:00.000000000,fusion_emb_013,-0.716275155544281,5.960464477539063e-08,-0.7162750959396362,-0.7162750959396362
aligned,w1,2013-10-20T17:00:00.000000000,fusion_emb_014,-0.7157840132713318,0.0,-0.7157840132713318,-0.7157840132713318
aligned,w1,2013-10-20T17:00:00.000000000,fusion_emb_015,-0.30196288228034973,0.0,-0.30196288228034973,-0.30196288228034973
aligned,w1,2013-10-20T17:00:00.000000000,fusion_emb_016,0.1833721548318863,1.4901161193847656e-08,0.18337216973304749,0.18337216973304749
aligned,w1,2013-10-20T17:00:00.000000000,fusion_emb_017,0.04122660309076309,3.725290298461914e-09,0.04122660681605339,0.04122660681605339
aligned,w1,2013-10-20T17:00:00.000000000,fusion_emb_018,-0.07571745663881302,7.450580596923828e-09,-0.07571746408939362,-0.07571746408939362
aligned,w1,2013-10-20T17:00:00.000000000,fusion_emb_019,-0.20939414203166962,0.0,-0.20939414203166962,-0.20939414203166962
aligned,w1,2013-10-20T17:00:00.000000000,fusion_emb_020,0.006731232162564993,0.0,0.006731232162564993,0.006731232162564993
aligned,w1,2013-10-20T17:00:00.000000000,fusion_emb_021,-0.34473612904548645,2.9802322387695312e-08,-0.34473615884780884,-0.34473615884780884
aligned,w1,2013-10-20T17:00:00.000000000,fusion_emb_022,-1.0126419067382812,0.0,-1.0126419067382812,-1.0126419067382812
aligned,w1,2013-10-20T17:00:00.000000000,fusion_emb_023,0.6631723046302795,5.960464477539063e-08,0.6631723642349243,0.6631723642349243
aligned,w1,2013-10-20T17:00:00.000000000,fusion_emb_024,0.10434705018997192,0.0,0.10434705018997192,0.10434705018997192
aligned,w1,2013-10-20T17:00:00.000000000,fusion_emb_025,0.07351881265640259,7.450580596923828e-09,0.07351880520582199,0.07351880520582199
aligned,w1,2013-10-20T17:00:00.000000000,fusion_emb_026,-1.2581052780151367,2.384185791015625e-07,-1.2581055164337158,-1.2581055164337158
aligned,w1,2013-10-20T17:00:00.000000000,fusion_emb_027,-0.4580356478691101,2.9802322387695312e-08,-0.4580356776714325,-0.4580356776714325
aligned,w1,2013-10-20T17:00:00.000000000,fusion_emb_028,-0.027744730934500694,1.862645149230957e-09,-0.027744729071855545,-0.027744729071855545
aligned,w1,2013-10-20T17:00:00.000000000,fusion_emb_029,-0.36997300386428833,2.9802322387695312e-08,-0.3699730336666107,-0.3699730336666107
aligned,w1,2013-10-20T17:00:00.000000000,fusion_emb_030,0.03183218836784363,0.0,0.03183218836784363,0.03183218836784363
aligned,w1,2013-10-20T17:00:00.000000000,fusion_emb_031,0.21771080791950226,2.9802322387695312e-08,0.21771083772182465,0.21771083772182465
aligned,w1,2013-10-20T17:00:00.000000000,fusion_emb_032,-0.025844590738415718,3.725290298461914e-09,-0.025844594463706017,-0.025844594463706017
aligned,w1,2013-10-20T17:00:00.000000000,fusion_emb_033,0.2896866798400879,0.0,0.2896866798400879,0.2896866798400879
aligned,w1,2013-10-20T17:00:00.000000000,fusion_emb_034,0.27437254786491394,2.9802322387695312e-08,0.27437251806259155,0.27437251806259155
aligned,w1,2013-10-20T17:00:00.000000000,fusion_emb_035,0.014886762015521526,0.0,0.014886762015521526,0.014886762015521526
aligned,w1,2013-10-20T17:00:00.000000000,fusion_emb_036,0.7123546600341797,0.0,0.7123546600341797,0.7123546600341797
aligned,w1,2013-10-20T17:00:00.000000000,fusion_emb_037,0.40189260244369507,0.0,0.40189260244369507,0.40189260244369507
aligned,w1,2013-10-20T17:00:00.000000000,fusion_emb_038,-0.5271115303039551,0.0,-0.5271115303039551,-0.5271115303039551
aligned,w1,2013-10-20T17:00:00.000000000,fusion_emb_039,-0.7677060961723328,5.960464477539063e-08,-0.7677061557769775,-0.7677061557769775
aligned,w1,2013-10-20T17:00:00.000000000,fusion_emb_040,0.9674159288406372,1.1920928955078125e-07,0.9674160480499268,0.9674160480499268
aligned,w1,2013-10-20T17:00:00.000000000,fusion_emb_041,0.38551783561706543,5.960464477539063e-08,0.3855178952217102,0.3855178952217102
aligned,w1,2013-10-20T17:00:00.000000000,fusion_emb_042,1.3092819452285767,1.1920928955078125e-07,1.309281826019287,1.309281826019287
aligned,w1,2013-10-20T17:00:00.000000000,fusion_emb_043,-0.6037243604660034,5.960464477539063e-08,-0.6037243008613586,-0.6037243008613586
aligned,w1,2013-10-20T17:00:00.000000000,fusion_emb_044,-0.30178189277648926,5.960464477539063e-08,-0.3017818331718445,-0.3017818331718445
aligned,w1,2013-10-20T17:00:00.000000000,fusion_emb_045,0.7986372709274292,0.0,0.7986372709274292,0.7986372709274292
aligned,w1,2013-10-20T17:00:00.000000000,fusion_emb_046,-0.7162298560142517,5.960464477539063e-08,-0.7162297964096069,-0.7162297964096069
aligned,w1,2013-10-20T17:00:00.000000000,fusion_emb_047,0.6971731185913086,0.0,0.6971731185913086,0.6971731185913086
aligned,w1,2013-10-20T17:00:00.000000000,fusion_emb_048,-0.33402398228645325,2.9802322387695312e-08,-0.33402401208877563,-0.33402401208877563
aligned,w1,2013-10-20T17:00:00.000000000,fusion_emb_049,-0.8588398694992065,1.1920928955078125e-07,-0.858839750289917,-0.858839750289917
aligned,w1,2013-10-20T17:00:00.000000000,fusion_emb_050,-0.2770259380340576,5.960464477539063e-08,-0.2770259976387024,-0.2770259976387024
aligned,w1,2013-10-20T17:00:00.000000000,fusion_emb_051,-0.11729167401790619,0.0,-0.11729167401790619,-0.11729167401790619
aligned,w1,2013-10-20T17:00:00.000000000,fusion_emb_052,-0.0492134653031826,0.0,-0.0492134653031826,-0.0492134653031826
aligned,w1,2013-10-20T17:00:00.000000000,fusion_emb_053,0.0016079843044281006,0.0,0.0016079843044281006,0.0016079843044281006
aligned,w1,2013-10-20T17:00:00.000000000,fusion_emb_054,0.20490632951259613,0.0,0.20490632951259613,0.20490632951259613
aligned,w1,2013-10-20T17:00:00.000000000,fusion_emb_055,0.009995430707931519,0.0,0.009995430707931519,0.009995430707931519
aligned,w1,2013-10-20T17:00:00.000000000,fusion_emb_056,-0.5316777229309082,0.0,-0.5316777229309082,-0.5316777229309082
aligned,w1,2013-10-20T17:00:00.000000000,fusion_emb_057,1.1135486364364624,1.1920928955078125e-07,1.113548755645752,1.113548755645752
aligned,w1,2013-10-20T17:00:00.000000000,fusion_emb_058,0.42700913548469543,2.9802322387695312e-08,0.4270091652870178,0.4270091652870178
aligned,w1,2013-10-20T17:00:00.000000000,fusion_emb_059,-0.04821798950433731,3.725290298461914e-09,-0.04821799322962761,-0.04821799322962761
aligned,w1,2013-10-20T17:00:00.000000000,fusion_emb_060,0.3925633132457733,0.0,0.3925633132457733,0.3925633132457733
aligned,w1,2013-10-20T17:00:00.000000000,fusion_emb_061,-0.4147956967353821,2.9802322387695312e-08,-0.41479572653770447,-0.41479572653770447
aligned,w1,2013-10-20T17:00:00.000000000,fusion_emb_062,-0.3311154842376709,5.960464477539063e-08,-0.3311155438423157,-0.3311155438423157
aligned,w1,2013-10-20T17:00:00.000000000,fusion_emb_063,-0.45499688386917114,5.960464477539063e-08,-0.45499682426452637,-0.45499682426452637
aligned,w2,2013-10-20T18:00:00.000000000,fusion_emb_000,0.9498167634010315,5.960464477539063e-08,0.9498167037963867,0.9498167037963867
aligned,w2,2013-10-20T18:00:00.000000000,fusion_emb_001,0.31191006302833557,2.9802322387695312e-08,0.3119100332260132,0.3119100332260132
aligned,w2,2013-10-20T18:00:00.000000000,fusion_emb_002,1.1514042615890503,0.0,1.1514042615890503,1.1514042615890503
aligned,w2,2013-10-20T18:00:00.000000000,fusion_emb_003,-0.12135549634695053,0.0,-0.12135549634695053,-0.12135549634695053
aligned,w2,2013-10-20T18:00:00.000000000,fusion_emb_004,-0.8942440748214722,5.960464477539063e-08,-0.8942441344261169,-0.8942441344261169
aligned,w2,2013-10-20T18:00:00.000000000,fusion_emb_005,0.4176364243030548,2.9802322387695312e-08,0.4176363945007324,0.4176363945007324
aligned,w2,2013-10-20T18:00:00.000000000,fusion_emb_006,-0.20382854342460632,0.0,-0.20382854342460632,-0.20382854342460632
aligned,w2,2013-10-20T18:00:00.000000000,fusion_emb_007,-0.08394143730401993,7.450580596923828e-09,-0.08394142985343933,-0.08394142985343933
aligned,w2,2013-10-20T18:00:00.000000000,fusion_emb_008,0.3118417263031006,2.9802322387695312e-08,0.311841756105423,0.311841756105423
aligned,w2,2013-10-20T18:00:00.000000000,fusion_emb_009,0.8432168364524841,0.0,0.8432168364524841,0.8432168364524841
aligned,w2,2013-10-20T18:00:00.000000000,fusion_emb_010,0.5437594056129456,5.960464477539063e-08,0.5437594652175903,0.5437594652175903
aligned,w2,2013-10-20T18:00:00.000000000,fusion_emb_011,-0.2566538155078888,0.0,-0.2566538155078888,-0.2566538155078888
aligned,w2,2013-10-20T18:00:00.000000000,fusion_emb_012,-0.5382641553878784,5.960464477539063e-08,-0.5382640957832336,-0.5382640957832336
aligned,w2,2013-10-20T18:00:00.000000000,fusion_emb_013,-0.6927726864814758,5.960464477539063e-08,-0.692772626876831,-0.692772626876831
aligned,w2,2013-10-20T18:00:00.000000000,fusion_emb_014,-0.692686140537262,5.960464477539063e-08,-0.6926862001419067,-0.6926862001419067
aligned,w2,2013-10-20T18:00:00.000000000,fusion_emb_015,-0.29739800095558167,2.9802322387695312e-08,-0.2973979711532593,-0.2973979711532593
aligned,w2,2013-10-20T18:00:00.000000000,fusion_emb_016,0.1871795654296875,0.0,0.1871795654296875,0.1871795654296875
aligned,w2,2013-10-20T18:00:00.000000000,fusion_emb_017,0.006248903460800648,4.656612873077393e-10,0.006248903926461935,0.006248903926461935
aligned,w2,2013-10-20T18:00:00.000000000,fusion_emb_018,-0.04799607768654823,7.450580596923828e-09,-0.04799608513712883,-0.04799608513712883
aligned,w2,2013-10-20T18:00:00.000000000,fusion_emb_019,-0.25469014048576355,2.9802322387695312e-08,-0.25469011068344116,-0.25469011068344116
aligned,w2,2013-10-20T18:00:00.000000000,fusion_emb_020,0.016463473439216614,1.862645149230957e-09,0.016463471576571465,0.016463471576571465
aligned,w2,2013-10-20T18:00:00.000000000,fusion_emb_021,-0.374767541885376,5.960464477539063e-08,-0.3747674822807312,-0.3747674822807312
aligned,w2,2013-10-20T18:00:00.000000000,fusion_emb_022,-0.9723467230796814,5.960464477539063e-08,-0.9723466634750366,-0.9723466634750366
aligned,w2,2013-10-20T18:00:00.000000000,fusion_emb_023,0.6271399855613708,5.960464477539063e-08,0.6271399259567261,0.6271399259567261
aligned,w2,2013-10-20T18:00:00.000000000,fusion_emb_024,0.0830250009894371,7.450580596923828e-09,0.0830250084400177,0.0830250084400177
aligned,w2,2013-10-20T18:00:00.000000000,fusion_emb_025,0.08980154991149902,0.0,0.08980154991149902,0.08980154991149902
aligned,w2,2013-10-20T18:00:00.000000000,fusion_emb_026,-1.2409504652023315,1.1920928955078125e-07,-1.240950345993042,-1.240950345993042
aligned,w2,2013-10-20T18:00:00.000000000,fusion_emb_027,-0.4400355815887451,0.0,-0.4400355815887451,-0.4400355815887451
aligned,w2,2013-10-20T18:00:00.000000000,fusion_emb_028,-0.027633866295218468,1.862645149230957e-09,-0.02763386443257332,-0.02763386443257332
aligned,w2,2013-10-20T18:00:00.000000000,fusion_emb_029,-0.3645322918891907,2.9802322387695312e-08,-0.36453232169151306,-0.36453232169151306
aligned,w2,2013-10-20T18:00:00.000000000,fusion_emb_030,0.06295745819807053,7.450580596923828e-09,0.06295745074748993,0.06295745074748993
aligned,w2,2013-10-20T18:00:00.000000000,fusion_emb_031,0.21604636311531067,1.4901161193847656e-08,0.21604637801647186,0.21604637801647186
aligned,w2,2013-10-20T18:00:00.000000000,fusion_emb_032,-0.02644660882651806,1.862645149230957e-09,-0.02644660696387291,-0.02644660696387291
aligned,w2,2013-10-20T18:00:00.000000000,fusion_emb_033,0.31067705154418945,0.0,0.31067705154418945,0.31067705154418945
aligned,w2,2013-10-20T18:00:00.000000000,fusion_emb_034,0.2728092670440674,5.960464477539063e-08,0.2728092074394226,0.2728092074394226
aligned,w2,2013-10-20T18:00:00.000000000,fusion_emb_035,-0.001529211993329227,1.1641532182693481e-10,-0.0015292118769139051,-0.0015292118769139051
aligned,w2,2013-10-20T18:00:00.000000000,fusion_emb_036,0.6986604332923889,1.1920928955078125e-07,0.6986605525016785,0.6986605525016785
aligned,w2,2013-10-20T18:00:00.000000000,fusion_emb_037,0.3742220401763916,0.0,0.3742220401763916,0.3742220401763916
aligned,w2,2013-10-20T18:00:00.000000000,fusion_emb_038,-0.5044794678688049,5.960464477539063e-08,-0.5044795274734497,-0.5044795274734497
aligned,w2,2013-10-20T18:00:00.000000000,fusion_emb_039,-0.7946454286575317,5.960464477539063e-08,-0.7946454882621765,-0.7946454882621765
aligned,w2,2013-10-20T18:00:00.000000000,fusion_emb_040,0.9306014776229858,0.0,0.9306014776229858,0.9306014776229858
aligned,w2,2013-10-20T18:00:00.000000000,fusion_emb_041,0.35172411799430847,2.9802322387695312e-08,0.3517240881919861,0.3517240881919861
aligned,w2,2013-10-20T18:00:00.000000000,fusion_emb_042,1.275537371635437,0.0,1.275537371635437,1.275537371635437
aligned,w2,2013-10-20T18:00:00.000000000,fusion_emb_043,-0.6159831881523132,5.960464477539063e-08,-0.615983247756958,-0.615983247756958
aligned,w2,2013-10-20T18:00:00.000000000,fusion_emb_044,-0.28109875321388245,2.9802322387695312e-08,-0.28109872341156006,-0.28109872341156006
aligned,w2,2013-10-20T18:00:00.000000000,fusion_emb_045,0.8081470727920532,5.960464477539063e-08,0.808147132396698,0.808147132396698
aligned,w2,2013-10-20T18:00:00.000000000,fusion_emb_046,-0.7164903283119202,1.1920928955078125e-07,-0.7164904475212097,-0.7164904475212097
aligned,w2,2013-10-20T18:00:00.000000000,fusion_emb_047,0.6933174133300781,0.0,0.6933174133300781,0.6933174133300781
aligned,w2,2013-10-20T18:00:00.000000000,fusion_emb_048,-0.31560203433036804,0.0,-0.31560203433036804,-0.31560203433036804
aligned,w2,2013-10-20T18:00:00.000000000,fusion_emb_049,-0.8456648588180542,1.1920928955078125e-07,-0.8456647396087646,-0.8456647396087646
aligned,w2,2013-10-20T18:00:00.000000000,fusion_emb_050,-0.2729456424713135,2.9802322387695312e-08,-0.2729456126689911,-0.2729456126689911
aligned,w2,2013-10-20T18:00:00.000000000,fusion_emb_051,-0.09149576723575592,7.450580596923828e-09,-0.09149577468633652,-0.09149577468633652
aligned,w2,2013-10-20T18:00:00.000000000,fusion_emb_052,-0.025688620284199715,1.862645149230957e-09,-0.025688618421554565,-0.025688618421554565
aligned,w2,2013-10-20T18:00:00.000000000,fusion_emb_053,0.032881464809179306,3.725290298461914e-09,0.03288146108388901,0.03288146108388901
aligned,w2,2013-10-20T18:00:00.000000000,fusion_emb_054,0.2129300832748413,0.0,0.2129300832748413,0.2129300832748413
aligned,w2,2013-10-20T18:00:00.000000000,fusion_emb_055,-0.0192406065762043,1.862645149230957e-09,-0.01924060843884945,-0.01924060843884945
aligned,w2,2013-10-20T18:00:00.000000000,fusion_emb_056,-0.5640478730201721,0.0,-0.5640478730201721,-0.5640478730201721
aligned,w2,2013-10-20T18:00:00.000000000,fusion_emb_057,1.105805516242981,0.0,1.105805516242981,1.105805516242981
aligned,w2,2013-10-20T18:00:00.000000000,fusion_emb_058,0.4675672650337219,0.0,0.4675672650337219,0.4675672650337219
aligned,w2,2013-10-20T18:00:00.000000000,fusion_emb_059,-0.04772382602095604,3.725290298461914e-09,-0.04772382974624634,-0.04772382974624634
aligned,w2,2013-10-20T18:00:00.000000000,fusion_emb_060,0.3934582769870758,2.9802322387695312e-08,0.3934582471847534,0.3934582471847534
aligned,w2,2013-10-20T18:00:00.000000000,fusion_emb_061,-0.39718374609947205,0.0,-0.39718374609947205,-0.39718374609947205
aligned,w2,2013-10-20T18:00:00.000000000,fusion_emb_062,-0.3437056541442871,0.0,-0.3437056541442871,-0.3437056541442871
aligned,w2,2013-10-20T18:00:00.000000000,fusion_emb_063,-0.4066784381866455,0.0,-0.4066784381866455,-0.4066784381866455
aligned,w3,2013-10-20T19:00:00.000000000,fusion_emb_000,0.9378803968429565,0.0,0.9378803968429565,0.9378803968429565
aligned,w3,2013-10-20T19:00:00.000000000,fusion_emb_001,0.33058762550354004,2.9802322387695312e-08,0.33058759570121765,0.33058759570121765
aligned,w3,2013-10-20T19:00:00.000000000,fusion_emb_002,1.1471328735351562,0.0,1.1471328735351562,1.1471328735351562
aligned,w3,2013-10-20T19:00:00.000000000,fusion_emb_003,-0.11939539015293121,0.0,-0.11939539015293121,-0.11939539015293121
aligned,w3,2013-10-20T19:00:00.000000000,fusion_emb_004,-0.8632403612136841,5.960464477539063e-08,-0.8632404208183289,-0.8632404208183289
aligned,w3,2013-10-20T19:00:00.000000000,fusion_emb_005,0.424684077501297,5.960464477539063e-08,0.4246841371059418,0.4246841371059418
aligned,w3,2013-10-20T19:00:00.000000000,fusion_emb_006,-0.2416098415851593,0.0,-0.2416098415851593,-0.2416098415851593
aligned,w3,2013-10-20T19:00:00.000000000,fusion_emb_007,-0.057676903903484344,3.725290298461914e-09,-0.05767690762877464,-0.05767690762877464
aligned,w3,2013-10-20T19:00:00.000000000,fusion_emb_008,0.2934300899505615,5.960464477539063e-08,0.2934301495552063,0.2934301495552063
aligned,w3,2013-10-20T19:00:00.000000000,fusion_emb_009,0.7876554131507874,5.960464477539063e-08,0.7876553535461426,0.7876553535461426
aligned,w3,2013-10-20T19:00:00.000000000,fusion_emb_010,0.5731940269470215,1.1920928955078125e-07,0.573194146156311,0.573194146156311
aligned,w3,2013-10-20T19:00:00.000000000,fusion_emb_011,-0.2793557643890381,5.960464477539063e-08,-0.27935582399368286,-0.27935582399368286
aligned,w3,2013-10-20T19:00:00.000000000,fusion_emb_012,-0.5535944700241089,5.960464477539063e-08,-0.5535944104194641,-0.5535944104194641
aligned,w3,2013-10-20T19:00:00.000000000,fusion_emb_013,-0.6691665053367615,0.0,-0.6691665053367615,-0.6691665053367615
aligned,w3,2013-10-20T19:00:00.000000000,fusion_emb_014,-0.7017479538917542,5.960464477539063e-08,-0.7017480134963989,-0.7017480134963989
aligned,w3,2013-10-20T19:00:00.000000000,fusion_emb_015,-0.2846162021160126,2.9802322387695312e-08,-0.2846161723136902,-0.2846161723136902
aligned,w3,2013-10-20T19:00:00.000000000,fusion_emb_016,0.1731327623128891,0.0,0.1731327623128891,0.1731327623128891
aligned,w3,2013-10-20T19:00:00.000000000,fusion_emb_017,0.06139705702662468,0.0,0.06139705702662468,0.06139705702662468
aligned,w3,2013-10-20T19:00:00.000000000,fusion_emb_018,-0.04888630658388138,3.725290298461914e-09,-0.04888631030917168,-0.04888631030917168
aligned,w3,2013-10-20T19:00:00.000000000,fusion_emb_019,-0.24277618527412415,1.4901161193847656e-08,-0.24277620017528534,-0.24277620017528534
aligned,w3,2013-10-20T19:00:00.000000000,fusion_emb_020,-0.0026650801301002502,0.0,-0.0026650801301002502,-0.0026650801301002502
aligned,w3,2013-10-20T19:00:00.000000000,fusion_emb_021,-0.38592293858528137,5.960464477539063e-08,-0.38592299818992615,-0.38592299818992615
aligned,w3,2013-10-20T19:00:00.000000000,fusion_emb_022,-0.9684328436851501,0.0,-0.9684328436851501,-0.9684328436851501
aligned,w3,2013-10-20T19:00:00.000000000,fusion_emb_023,0.6197109818458557,5.960464477539063e-08,0.6197110414505005,0.6197110414505005
aligned,w3,2013-10-20T19:00:00.000000000,fusion_emb_024,0.06459957361221313,0.0,0.06459957361221313,0.06459957361221313
aligned,w3,2013-10-20T19:00:00.000000000,fusion_emb_025,0.08299439400434494,7.450580596923828e-09,0.08299438655376434,0.08299438655376434
aligned,w3,2013-10-20T19:00:00.000000000,fusion_emb_026,-1.209533929824829,1.1920928955078125e-07,-1.2095340490341187,-1.2095340490341187
aligned,w3,2013-10-20T19:00:00.000000000,fusion_emb_027,-0.4156866669654846,2.9802322387695312e-08,-0.415686696767807,-0.415686696767807
aligned,w3,2013-10-20T19:00:00.000000000,fusion_emb_028,-0.042634278535842896,0.0,-0.042634278535842896,-0.042634278535842896
aligned,w3,2013-10-20T19:00:00.000000000,fusion_emb_029,-0.3671395778656006,5.960464477539063e-08,-0.36713963747024536,-0.36713963747024536
aligned,w3,2013-10-20T19:00:00.000000000,fusion_emb_030,0.03895926475524902,0.0,0.03895926475524902,0.03895926475524902
aligned,w3,2013-10-20T19:00:00.000000000,fusion_emb_031,0.1761942207813263,1.4901161193847656e-08,0.1761942356824875,0.1761942356824875
aligned,w3,2013-10-20T19:00:00.000000000,fusion_emb_032,0.022659096866846085,1.862645149230957e-09,0.022659098729491234,0.022659098729491234
aligned,w3,2013-10-20T19:00:00.000000000,fusion_emb_033,0.3099076747894287,5.960464477539063e-08,0.3099077343940735,0.3099077343940735
aligned,w3,2013-10-20T19:00:00.000000000,fusion_emb_034,0.2983182966709137,2.9802322387695312e-08,0.2983182668685913,0.2983182668685913
aligned,w3,2013-10-20T19:00:00.000000000,fusion_emb_035,0.001739824772812426,1.1641532182693481e-10,0.001739824889227748,0.001739824889227748
aligned,w3,2013-10-20T19:00:00.000000000,fusion_emb_036,0.6737595200538635,5.960464477539063e-08,0.6737595796585083,0.6737595796585083
aligned,w3,2013-10-20T19:00:00.000000000,fusion_emb_037,0.3829849362373352,2.9802322387695312e-08,0.3829849660396576,0.3829849660396576
aligned,w3,2013-10-20T19:00:00.000000000,fusion_emb_038,-0.502659797668457,0.0,-0.502659797668457,-0.502659797668457
aligned,w3,2013-10-20T19:00:00.000000000,fusion_emb_039,-0.7343558073043823,0.0,-0.7343558073043823,-0.7343558073043823
aligned,w3,2013-10-20T19:00:00.000000000,fusion_emb_040,0.9265992045402527,0.0,0.9265992045402527,0.9265992045402527
aligned,w3,2013-10-20T19:00:00.000000000,fusion_emb_041,0.3446384072303772,2.9802322387695312e-08,0.3446384370326996,0.3446384370326996
aligned,w3,2013-10-20T19:00:00.000000000,fusion_emb_042,1.2838430404663086,0.0,1.2838430404663086,1.2838430404663086
aligned,w3,2013-10-20T19:00:00.000000000,fusion_emb_043,-0.6174912452697754,1.1920928955078125e-07,-0.6174911260604858,-0.6174911260604858
aligned,w3,2013-10-20T19:00:00.000000000,fusion_emb_044,-0.28916504979133606,2.9802322387695312e-08,-0.28916507959365845,-0.28916507959365845
aligned,w3,2013-10-20T19:00:00.000000000,fusion_emb_045,0.7921224236488342,5.960464477539063e-08,0.792122483253479,0.792122483253479
aligned,w3,2013-10-20T19:00:00.000000000,fusion_emb_046,-0.7142532467842102,5.960464477539063e-08,-0.7142531871795654,-0.7142531871795654
aligned,w3,2013-10-20T19:00:00.000000000,fusion_emb_047,0.6435670256614685,5.960464477539063e-08,0.6435669660568237,0.6435669660568237
aligned,w3,2013-10-20T19:00:00.000000000,fusion_emb_048,-0.28524667024612427,2.9802322387695312e-08,-0.28524670004844666,-0.28524670004844666
aligned,w3,2013-10-20T19:00:00.000000000,fusion_emb_049,-0.8238600492477417,0.0,-0.8238600492477417,-0.8238600492477417
aligned,w3,2013-10-20T19:00:00.000000000,fusion_emb_050,-0.27707940340042114,2.9802322387695312e-08,-0.27707943320274353,-0.27707943320274353
aligned,w3,2013-10-20T19:00:00.000000000,fusion_emb_051,-0.07915327697992325,7.450580596923828e-09,-0.07915326952934265,-0.07915326952934265
aligned,w3,2013-10-20T19:00:00.000000000,fusion_emb_052,-0.00574828265234828,4.656612873077393e-10,-0.005748282186686993,-0.005748282186686993
aligned,w3,2013-10-20T19:00:00.000000000,fusion_emb_053,-0.04736337810754776,3.725290298461914e-09,-0.04736338183283806,-0.04736338183283806
aligned,w3,2013-10-20T19:00:00.000000000,fusion_emb_054,0.1742674857378006,1.4901161193847656e-08,0.1742674708366394,0.1742674708366394
aligned,w3,2013-10-20T19:00:00.000000000,fusion_emb_055,-0.04371088370680809,3.725290298461914e-09,-0.04371087998151779,-0.04371087998151779
aligned,w3,2013-10-20T19:00:00.000000000,fusion_emb_056,-0.5294209718704224,5.960464477539063e-08,-0.5294210314750671,-0.5294210314750671
aligned,w3,2013-10-20T19:00:00.000000000,fusion_emb_057,1.0582696199417114,1.1920928955078125e-07,1.058269739151001,1.058269739151001
aligned,w3,2013-10-20T19:00:00.000000000,fusion_emb_058,0.48190516233444214,5.960464477539063e-08,0.4819052219390869,0.4819052219390869
aligned,w3,2013-10-20T19:00:00.000000000,fusion_emb_059,-0.07608772069215775,0.0,-0.07608772069215775,-0.07608772069215775
aligned,w3,2013-10-20T19:00:00.000000000,fusion_emb_060,0.42245370149612427,2.9802322387695312e-08,0.42245373129844666,0.42245373129844666
aligned,w3,2013-10-20T19:00:00.000000000,fusion_emb_061,-0.37040120363235474,2.9802322387695312e-08,-0.3704012334346771,-0.3704012334346771
aligned,w3,2013-10-20T19:00:00.000000000,fusion_emb_062,-0.28352808952331543,0.0,-0.28352808952331543,-0.28352808952331543
aligned,w3,2013-10-20T19:00:00.000000000,fusion_emb_063,-0.40672874450683594,0.0,-0.40672874450683594,-0.40672874450683594
aligned,w4,2013-10-20T20:00:00.000000000,fusion_emb_000,0.9434887766838074,0.0,0.9434887766838074,0.9434887766838074
aligned,w4,2013-10-20T20:00:00.000000000,fusion_emb_001,0.3614494800567627,5.960464477539063e-08,0.3614494204521179,0.3614494204521179
aligned,w4,2013-10-20T20:00:00.000000000,fusion_emb_002,1.180748701095581,1.1920928955078125e-07,1.1807485818862915,1.1807485818862915
aligned,w4,2013-10-20T20:00:00.000000000,fusion_emb_003,-0.13620039820671082,1.4901161193847656e-08,-0.13620038330554962,-0.13620038330554962
aligned,w4,2013-10-20T20:00:00.000000000,fusion_emb_004,-0.8418731689453125,0.0,-0.8418731689453125,-0.8418731689453125
aligned,w4,2013-10-20T20:00:00.000000000,fusion_emb_005,0.4416825473308563,2.9802322387695312e-08,0.44168251752853394,0.44168251752853394
aligned,w4,2013-10-20T20:00:00.000000000,fusion_emb_006,-0.23917606472969055,0.0,-0.23917606472969055,-0.23917606472969055
aligned,w4,2013-10-20T20:00:00.000000000,fusion_emb_007,-0.06738823652267456,0.0,-0.06738823652267456,-0.06738823652267456
aligned,w4,2013-10-20T20:00:00.000000000,fusion_emb_008,0.29543831944465637,2.9802322387695312e-08,0.29543834924697876,0.29543834924697876
aligned,w4,2013-10-20T20:00:00.000000000,fusion_emb_009,0.7771483063697815,5.960464477539063e-08,0.7771482467651367,0.7771482467651367
aligned,w4,2013-10-20T20:00:00.000000000,fusion_emb_010,0.5726822018623352,5.960464477539063e-08,0.5726821422576904,0.5726821422576904
aligned,w4,2013-10-20T20:00:00.000000000,fusion_emb_011,-0.2782532870769501,0.0,-0.2782532870769501,-0.2782532870769501
aligned,w4,2013-10-20T20:00:00.000000000,fusion_emb_012,-0.5880785584449768,5.960464477539063e-08,-0.5880786180496216,-0.5880786180496216
aligned,w4,2013-10-20T20:00:00.000000000,fusion_emb_013,-0.7008447051048279,5.960464477539063e-08,-0.7008446455001831,-0.7008446455001831
aligned,w4,2013-10-20T20:00:00.000000000,fusion_emb_014,-0.7045230865478516,0.0,-0.7045230865478516,-0.7045230865478516
aligned,w4,2013-10-20T20:00:00.000000000,fusion_emb_015,-0.27772870659828186,0.0,-0.27772870659828186,-0.27772870659828186
aligned,w4,2013-10-20T20:00:00.000000000,fusion_emb_016,0.1653120517730713,0.0,0.1653120517730713,0.1653120517730713
aligned,w4,2013-10-20T20:00:00.000000000,fusion_emb_017,0.06949343532323837,7.450580596923828e-09,0.06949344277381897,0.06949344277381897
aligned,w4,2013-10-20T20:00:00.000000000,fusion_emb_018,-0.027408789843320847,1.862645149230957e-09,-0.027408791705965996,-0.027408791705965996
aligned,w4,2013-10-20T20:00:00.000000000,fusion_emb_019,-0.2386961281299591,2.9802322387695312e-08,-0.2386961579322815,-0.2386961579322815
aligned,w4,2013-10-20T20:00:00.000000000,fusion_emb_020,0.006276163272559643,4.656612873077393e-10,0.00627616373822093,0.00627616373822093
aligned,w4,2013-10-20T20:00:00.000000000,fusion_emb_021,-0.3662552535533905,2.9802322387695312e-08,-0.3662552237510681,-0.3662552237510681
aligned,w4,2013-10-20T20:00:00.000000000,fusion_emb_022,-1.0028218030929565,0.0,-1.0028218030929565,-1.0028218030929565
aligned,w4,2013-10-20T20:00:00.000000000,fusion_emb_023,0.6337413191795349,5.960464477539063e-08,0.6337412595748901,0.6337412595748901
aligned,w4,2013-10-20T20:00:00.000000000,fusion_emb_024,0.04861748218536377,0.0,0.04861748218536377,0.04861748218536377
aligned,w4,2013-10-20T20:00:00.000000000,fusion_emb_025,0.12327165901660919,0.0,0.12327165901660919,0.12327165901660919
aligned,w4,2013-10-20T20:00:00.000000000,fusion_emb_026,-1.209833025932312,1.1920928955078125e-07,-1.2098329067230225,-1.2098329067230225
aligned,w4,2013-10-20T20:00:00.000000000,fusion_emb_027,-0.4405350387096405,2.9802322387695312e-08,-0.4405350089073181,-0.4405350089073181
aligned,w4,2013-10-20T20:00:00.000000000,fusion_emb_028,-0.0560041144490242,3.725290298461914e-09,-0.0560041181743145,-0.0560041181743145
aligned,w4,2013-10-20T20:00:00.000000000,fusion_emb_029,-0.39040857553482056,2.9802322387695312e-08,-0.39040860533714294,-0.39040860533714294
aligned,w4,2013-10-20T20:00:00.000000000,fusion_emb_030,0.017395252361893654,1.862645149230957e-09,0.017395250499248505,0.017395250499248505
aligned,w4,2013-10-20T20:00:00.000000000,fusion_emb_031,0.16020803153514862,1.4901161193847656e-08,0.16020804643630981,0.16020804643630981
aligned,w4,2013-10-20T20:00:00.000000000,fusion_emb_032,0.015783485025167465,1.862645149230957e-09,0.015783483162522316,0.015783483162522316
aligned,w4,2013-10-20T20:00:00.000000000,fusion_emb_033,0.3320518434047699,2.9802322387695312e-08,0.3320518732070923,0.3320518732070923
aligned,w4,2013-10-20T20:00:00.000000000,fusion_emb_034,0.30942001938819885,2.9802322387695312e-08,0.30941998958587646,0.30941998958587646
aligned,w4,2013-10-20T20:00:00.000000000,fusion_emb_035,-0.023067642003297806,1.862645149230957e-09,-0.023067643865942955,-0.023067643865942955
aligned,w4,2013-10-20T20:00:00.000000000,fusion_emb_036,0.7103590965270996,0.0,0.7103590965270996,0.7103590965270996
aligned,w4,2013-10-20T20:00:00.000000000,fusion_emb_037,0.3935888409614563,2.9802322387695312e-08,0.3935888707637787,0.3935888707637787
aligned,w4,2013-10-20T20:00:00.000000000,fusion_emb_038,-0.5381127595901489,5.960464477539063e-08,-0.5381128191947937,-0.5381128191947937
aligned,w4,2013-10-20T20:00:00.000000000,fusion_emb_039,-0.7561964392662048,5.960464477539063e-08,-0.7561963796615601,-0.7561963796615601
aligned,w4,2013-10-20T20:00:00.000000000,fusion_emb_040,0.9452136754989624,0.0,0.9452136754989624,0.9452136754989624
aligned,w4,2013-10-20T20:00:00.000000000,fusion_emb_041,0.34570935368537903,2.9802322387695312e-08,0.3457093834877014,0.3457093834877014
aligned,w4,2013-10-20T20:00:00.000000000,fusion_emb_042,1.2843475341796875,0.0,1.2843475341796875,1.2843475341796875
aligned,w4,2013-10-20T20:00:00.000000000,fusion_emb_043,-0.6541013121604919,5.960464477539063e-08,-0.6541012525558472,-0.6541012525558472
aligned,w4,2013-10-20T20:00:00.000000000,fusion_emb_044,-0.3168416917324066,2.9802322387695312e-08,-0.316841721534729,-0.316841721534729
aligned,w4,2013-10-20T20:00:00.000000000,fusion_emb_045,0.8083695769309998,5.960464477539063e-08,0.808369517326355,0.808369517326355
aligned,w4,2013-10-20T20:00:00.000000000,fusion_emb_046,-0.6926412582397461,0.0,-0.6926412582397461,-0.6926412582397461
aligned,w4,2013-10-20T20:00:00.000000000,fusion_emb_047,0.6502318382263184,1.1920928955078125e-07,0.6502319574356079,0.6502319574356079
aligned,w4,2013-10-20T20:00:00.000000000,fusion_emb_048,-0.2983105182647705,0.0,-0.2983105182647705,-0.2983105182647705
aligned,w4,2013-10-20T20:00:00.000000000,fusion_emb_049,-0.8241420984268188,5.960464477539063e-08,-0.8241421580314636,-0.8241421580314636
aligned,w4,2013-10-20T20:00:00.000000000,fusion_emb_050,-0.27730992436408997,0.0,-0.27730992436408997,-0.27730992436408997
aligned,w4,2013-10-20T20:00:00.000000000,fusion_emb_051,-0.07521795481443405,7.450580596923828e-09,-0.07521794736385345,-0.07521794736385345
aligned,w4,2013-10-20T20:00:00.000000000,fusion_emb_052,-0.019206663593649864,0.0,-0.019206663593649864,-0.019206663593649864
aligned,w4,2013-10-20T20:00:00.000000000,fusion_emb_053,-0.09902197867631912,7.450580596923828e-09,-0.09902198612689972,-0.09902198612689972
aligned,w4,2013-10-20T20:00:00.000000000,fusion_emb_054,0.17841103672981262,1.4901161193847656e-08,0.17841105163097382,0.17841105163097382
aligned,w4,2013-10-20T20:00:00.000000000,fusion_emb_055,-0.031562987715005875,3.725290298461914e-09,-0.03156299144029617,-0.03156299144029617
aligned,w4,2013-10-20T20:00:00.000000000,fusion_emb_056,-0.5304251909255981,5.960464477539063e-08,-0.5304252505302429,-0.5304252505302429
aligned,w4,2013-10-20T20:00:00.000000000,fusion_emb_057,1.0760589838027954,1.1920928955078125e-07,1.0760588645935059,1.0760588645935059
aligned,w4,2013-10-20T20:00:00.000000000,fusion_emb_058,0.4955355226993561,2.9802322387695312e-08,0.49553555250167847,0.49553555250167847
aligned,w4,2013-10-20T20:00:00.000000000,fusion_emb_059,-0.061801593750715256,0.0,-0.061801593750715256,-0.061801593750715256
aligned,w4,2013-10-20T20:00:00.000000000,fusion_emb_060,0.43131452798843384,2.9802322387695312e-08,0.4313145577907562,0.4313145577907562
aligned,w4,2013-10-20T20:00:00.000000000,fusion_emb_061,-0.35776761174201965,2.9802322387695312e-08,-0.35776764154434204,-0.35776764154434204
aligned,w4,2013-10-20T20:00:00.000000000,fusion_emb_062,-0.2286788821220398,1.4901161193847656e-08,-0.2286788672208786,-0.2286788672208786
aligned,w4,2013-10-20T20:00:00.000000000,fusion_emb_063,-0.43091729283332825,2.9802322387695312e-08,-0.43091732263565063,-0.43091732263565063
aligned,w5,2013-10-20T21:00:00.000000000,fusion_emb_000,0.9191510081291199,0.0,0.9191510081291199,0.9191510081291199
aligned,w5,2013-10-20T21:00:00.000000000,fusion_emb_001,0.31356531381607056,2.9802322387695312e-08,0.31356534361839294,0.31356534361839294
aligned,w5,2013-10-20T21:00:00.000000000,fusion_emb_002,1.1576881408691406,0.0,1.1576881408691406,1.1576881408691406
aligned,w5,2013-10-20T21:00:00.000000000,fusion_emb_003,-0.1324768215417862,1.4901161193847656e-08,-0.1324768364429474,-0.1324768364429474
aligned,w5,2013-10-20T21:00:00.000000000,fusion_emb_004,-0.829986035823822,5.960464477539063e-08,-0.8299860954284668,-0.8299860954284668
aligned,w5,2013-10-20T21:00:00.000000000,fusion_emb_005,0.4336419701576233,2.9802322387695312e-08,0.4336419999599457,0.4336419999599457
aligned,w5,2013-10-20T21:00:00.000000000,fusion_emb_006,-0.26425740122795105,0.0,-0.26425740122795105,-0.26425740122795105
aligned,w5,2013-10-20T21:00:00.000000000,fusion_emb_007,-0.03308487311005592,3.725290298461914e-09,-0.03308487683534622,-0.03308487683534622
aligned,w5,2013-10-20T21:00:00.000000000,fusion_emb_008,0.3157539665699005,2.9802322387695312e-08,0.3157539963722229,0.3157539963722229
aligned,w5,2013-10-20T21:00:00.000000000,fusion_emb_009,0.7210265398025513,5.960464477539063e-08,0.721026599407196,0.721026599407196
aligned,w5,2013-10-20T21:00:00.000000000,fusion_emb_010,0.5657474398612976,5.960464477539063e-08,0.5657474994659424,0.5657474994659424
aligned,w5,2013-10-20T21:00:00.000000000,fusion_emb_011,-0.29427650570869446,2.9802322387695312e-08,-0.29427653551101685,-0.29427653551101685
aligned,w5,2013-10-20T21:00:00.000000000,fusion_emb_012,-0.5859928131103516,0.0,-0.5859928131103516,-0.5859928131103516
aligned,w5,2013-10-20T21:00:00.000000000,fusion_emb_013,-0.714375913143158,0.0,-0.714375913143158,-0.714375913143158
aligned,w5,2013-10-20T21:00:00.000000000,fusion_emb_014,-0.7035531997680664,0.0,-0.7035531997680664,-0.7035531997680664
aligned,w5,2013-10-20T21:00:00.000000000,fusion_emb_015,-0.24843022227287292,0.0,-0.24843022227287292,-0.24843022227287292
aligned,w5,2013-10-20T21:00:00.000000000,fusion_emb_016,0.15094377100467682,1.4901161193847656e-08,0.150943785905838,0.150943785905838
aligned,w5,2013-10-20T21:00:00.000000000,fusion_emb_017,0.12425684928894043,0.0,0.12425684928894043,0.12425684928894043
aligned,w5,2013-10-20T21:00:00.000000000,fusion_emb_018,-0.027674134820699692,3.725290298461914e-09,-0.027674131095409393,-0.027674131095409393
aligned,w5,2013-10-20T21:00:00.000000000,fusion_emb_019,-0.2034476101398468,1.4901161193847656e-08,-0.203447625041008,-0.203447625041008
aligned,w5,2013-10-20T21:00:00.000000000,fusion_emb_020,0.017743751406669617,1.862645149230957e-09,0.017743753269314766,0.017743753269314766
aligned,w5,2013-10-20T21:00:00.000000000,fusion_emb_021,-0.3567068576812744,5.960464477539063e-08,-0.35670679807662964,-0.35670679807662964
aligned,w5,2013-10-20T21:00:00.000000000,fusion_emb_022,-1.0200804471969604,1.1920928955078125e-07,-1.020080327987671,-1.020080327987671
aligned,w5,2013-10-20T21:00:00.000000000,fusion_emb_023,0.6388568878173828,0.0,0.6388568878173828,0.6388568878173828
aligned,w5,2013-10-20T21:00:00.000000000,fusion_emb_024,0.03469255566596985,0.0,0.03469255566596985,0.03469255566596985
aligned,w5,2013-10-20T21:00:00.000000000,fusion_emb_025,0.15828454494476318,2.9802322387695312e-08,0.15828457474708557,0.15828457474708557
aligned,w5,2013-10-20T21:00:00.000000000,fusion_emb_026,-1.212920069694519,0.0,-1.212920069694519,-1.212920069694519
aligned,w5,2013-10-20T21:00:00.000000000,fusion_emb_027,-0.4498900771141052,0.0,-0.4498900771141052,-0.4498900771141052
aligned,w5,2013-10-20T21:00:00.000000000,fusion_emb_028,-0.08965438604354858,1.4901161193847656e-08,-0.08965440094470978,-0.08965440094470978
aligned,w5,2013-10-20T21:00:00.000000000,fusion_emb_029,-0.3773481845855713,5.960464477539063e-08,-0.3773481249809265,-0.3773481249809265
aligned,w5,2013-10-20T21:00:00.000000000,fusion_emb_030,-0.01165802776813507,0.0,-0.01165802776813507,-0.01165802776813507
aligned,w5,2013-10-20T21:00:00.000000000,fusion_emb_031,0.16074658930301666,1.4901161193847656e-08,0.16074660420417786,0.16074660420417786
aligned,w5,2013-10-20T21:00:00.000000000,fusion_emb_032,0.026219232007861137,0.0,0.026219232007861137,0.026219232007861137
aligned,w5,2013-10-20T21:00:00.000000000,fusion_emb_033,0.28777050971984863,5.960464477539063e-08,0.28777045011520386,0.28777045011520386
aligned,w5,2013-10-20T21:00:00.000000000,fusion_emb_034,0.31968116760253906,0.0,0.31968116760253906,0.31968116760253906
aligned,w5,2013-10-20T21:00:00.000000000,fusion_emb_035,-0.06387221068143845,0.0,-0.06387221068143845,-0.06387221068143845
aligned,w5,2013-10-20T21:00:00.000000000,fusion_emb_036,0.727048397064209,1.1920928955078125e-07,0.7270485162734985,0.7270485162734985
aligned,w5,2013-10-20T21:00:00.000000000,fusion_emb_037,0.3978397846221924,0.0,0.3978397846221924,0.3978397846221924
aligned,w5,2013-10-20T21:00:00.000000000,fusion_emb_038,-0.5491342544555664,0.0,-0.5491342544555664,-0.5491342544555664
aligned,w5,2013-10-20T21:00:00.000000000,fusion_emb_039,-0.7406803369522095,5.960464477539063e-08,-0.7406803965568542,-0.7406803965568542
aligned,w5,2013-10-20T21:00:00.000000000,fusion_emb_040,0.9667519927024841,5.960464477539063e-08,0.9667519330978394,0.9667519330978394
aligned,w5,2013-10-20T21:00:00.000000000,fusion_emb_041,0.3769074082374573,0.0,0.3769074082374573,0.3769074082374573
aligned,w5,2013-10-20T21:00:00.000000000,fusion_emb_042,1.2905033826828003,0.0,1.2905033826828003,1.2905033826828003
aligned,w5,2013-10-20T21:00:00.000000000,fusion_emb_043,-0.6623239517211914,0.0,-0.6623239517211914,-0.6623239517211914
aligned,w5,2013-10-20T21:00:00.000000000,fusion_emb_044,-0.3192410469055176,0.0,-0.3192410469055176,-0.3192410469055176
aligned,w5,2013-10-20T21:00:00.000000000,fusion_emb_045,0.8284632563591003,0.0,0.8284632563591003,0.8284632563591003
aligned,w5,2013-10-20T21:00:00.000000000,fusion_emb_046,-0.6837716102600098,1.1920928955078125e-07,-0.6837714910507202,-0.6837714910507202
aligned,w5,2013-10-20T21:00:00.000000000,fusion_emb_047,0.6564797759056091,5.960464477539063e-08,0.6564797163009644,0.6564797163009644
aligned,w5,2013-10-20T21:00:00.000000000,fusion_emb_048,-0.2971350848674774,2.9802322387695312e-08,-0.29713505506515503,-0.29713505506515503
aligned,w5,2013-10-20T21:00:00.000000000,fusion_emb_049,-0.8045505285263062,0.0,-0.8045505285263062,-0.8045505285263062
aligned,w5,2013-10-20T21:00:00.000000000,fusion_emb_050,-0.2482309639453888,1.4901161193847656e-08,-0.24823097884655,-0.24823097884655
aligned,w5,2013-10-20T21:00:00.000000000,fusion_emb_051,-0.08066963404417038,7.450580596923828e-09,-0.08066962659358978,-0.08066962659358978
aligned,w5,2013-10-20T21:00:00.000000000,fusion_emb_052,-0.0354311540722847,3.725290298461914e-09,-0.035431157797575,-0.035431157797575
aligned,w5,2013-10-20T21:00:00.000000000,fusion_emb_053,-0.15446510910987854,1.4901161193847656e-08,-0.15446512401103973,-0.15446512401103973
aligned,w5,2013-10-20T21:00:00.000000000,fusion_emb_054,0.19705794751644135,1.4901161193847656e-08,0.19705793261528015,0.19705793261528015
aligned,w5,2013-10-20T21:00:00.000000000,fusion_emb_055,-0.002716576447710395,2.3283064365386963e-10,-0.002716576214879751,-0.002716576214879751
aligned,w5,2013-10-20T21:00:00.000000000,fusion_emb_056,-0.5542421936988831,5.960464477539063e-08,-0.5542422533035278,-0.5542422533035278
aligned,w5,2013-10-20T21:00:00.000000000,fusion_emb_057,1.045657992362976,1.1920928955078125e-07,1.0456578731536865,1.0456578731536865
aligned,w5,2013-10-20T21:00:00.000000000,fusion_emb_058,0.4833894371986389,0.0,0.4833894371986389,0.4833894371986389
aligned,w5,2013-10-20T21:00:00.000000000,fusion_emb_059,-0.021225526928901672,0.0,-0.021225526928901672,-0.021225526928901672
aligned,w5,2013-10-20T21:00:00.000000000,fusion_emb_060,0.44378477334976196,2.9802322387695312e-08,0.44378480315208435,0.44378480315208435
aligned,w5,2013-10-20T21:00:00.000000000,fusion_emb_061,-0.3381705582141876,2.9802322387695312e-08,-0.33817058801651,-0.33817058801651
aligned,w5,2013-10-20T21:00:00.000000000,fusion_emb_062,-0.18805968761444092,0.0,-0.18805968761444092,-0.18805968761444092
aligned,w5,2013-10-20T21:00:00.000000000,fusion_emb_063,-0.47250619530677795,2.9802322387695312e-08,-0.47250622510910034,-0.47250622510910034
aligned,w6,2013-10-20T22:00:00.000000000,fusion_emb_000,0.904754102230072,5.960464477539063e-08,0.9047540426254272,0.9047540426254272
aligned,w6,2013-10-20T22:00:00.000000000,fusion_emb_001,0.2557673454284668,0.0,0.2557673454284668,0.2557673454284668
aligned,w6,2013-10-20T22:00:00.000000000,fusion_emb_002,1.149515151977539,0.0,1.149515151977539,1.149515151977539
aligned,w6,2013-10-20T22:00:00.000000000,fusion_emb_003,-0.10210759192705154,1.4901161193847656e-08,-0.10210760682821274,-0.10210760682821274
aligned,w6,2013-10-20T22:00:00.000000000,fusion_emb_004,-0.8259869813919067,5.960464477539063e-08,-0.8259870409965515,-0.8259870409965515
aligned,w6,2013-10-20T22:00:00.000000000,fusion_emb_005,0.4374273419380188,0.0,0.4374273419380188,0.4374273419380188
aligned,w6,2013-10-20T22:00:00.000000000,fusion_emb_006,-0.2530629634857178,0.0,-0.2530629634857178,-0.2530629634857178
aligned,w6,2013-10-20T22:00:00.000000000,fusion_emb_007,0.039813410490751266,3.725290298461914e-09,0.039813414216041565,0.039813414216041565
aligned,w6,2013-10-20T22:00:00.000000000,fusion_emb_008,0.3475686013698578,2.9802322387695312e-08,0.3475686311721802,0.3475686311721802
aligned,w6,2013-10-20T22:00:00.000000000,fusion_emb_009,0.6503891944885254,5.960464477539063e-08,0.6503891348838806,0.6503891348838806
aligned,w6,2013-10-20T22:00:00.000000000,fusion_emb_010,0.5640028119087219,5.960464477539063e-08,0.5640027523040771,0.5640027523040771
aligned,w6,2013-10-20T22:00:00.000000000,fusion_emb_011,-0.2733943462371826,2.9802322387695312e-08,-0.273394376039505,-0.273394376039505
aligned,w6,2013-10-20T22:00:00.000000000,fusion_emb_012,-0.5914908647537231,5.960464477539063e-08,-0.5914909243583679,-0.5914909243583679
aligned,w6,2013-10-20T22:00:00.000000000,fusion_emb_013,-0.7381196022033691,1.1920928955078125e-07,-0.7381194829940796,-0.7381194829940796
aligned,w6,2013-10-20T22:00:00.000000000,fusion_emb_014,-0.6996994614601135,5.960464477539063e-08,-0.6996995210647583,-0.6996995210647583
aligned,w6,2013-10-20T22:00:00.000000000,fusion_emb_015,-0.28479474782943726,2.9802322387695312e-08,-0.28479471802711487,-0.28479471802711487
aligned,w6,2013-10-20T22:00:00.000000000,fusion_emb_016,0.16360066831111908,1.4901161193847656e-08,0.16360065340995789,0.16360065340995789
aligned,w6,2013-10-20T22:00:00.000000000,fusion_emb_017,0.17236876487731934,0.0,0.17236876487731934,0.17236876487731934
aligned,w6,2013-10-20T22:00:00.000000000,fusion_emb_018,-0.016864454373717308,1.862645149230957e-09,-0.016864456236362457,-0.016864456236362457
aligned,w6,2013-10-20T22:00:00.000000000,fusion_emb_019,-0.14615917205810547,0.0,-0.14615917205810547,-0.14615917205810547
aligned,w6,2013-10-20T22:00:00.000000000,fusion_emb_020,0.013339797966182232,0.0,0.013339797966182232,0.013339797966182232
aligned,w6,2013-10-20T22:00:00.000000000,fusion_emb_021,-0.36322882771492004,2.9802322387695312e-08,-0.36322885751724243,-0.36322885751724243
aligned,w6,2013-10-20T22:00:00.000000000,fusion_emb_022,-0.9923141002655029,5.960464477539063e-08,-0.9923140406608582,-0.9923140406608582
aligned,w6,2013-10-20T22:00:00.000000000,fusion_emb_023,0.6386313438415527,5.960464477539063e-08,0.6386314034461975,0.6386314034461975
aligned,w6,2013-10-20T22:00:00.000000000,fusion_emb_024,0.0010145306587219238,0.0,0.0010145306587219238,0.0010145306587219238
aligned,w6,2013-10-20T22:00:00.000000000,fusion_emb_025,0.14926673471927643,1.4901161193847656e-08,0.14926674962043762,0.14926674962043762
aligned,w6,2013-10-20T22:00:00.000000000,fusion_emb_026,-1.2279062271118164,1.1920928955078125e-07,-1.2279061079025269,-1.2279061079025269
aligned,w6,2013-10-20T22:00:00.000000000,fusion_emb_027,-0.43414542078971863,2.9802322387695312e-08,-0.43414539098739624,-0.43414539098739624
aligned,w6,2013-10-20T22:00:00.000000000,fusion_emb_028,-0.13863082230091095,1.4901161193847656e-08,-0.13863080739974976,-0.13863080739974976
aligned,w6,2013-10-20T22:00:00.000000000,fusion_emb_029,-0.3790132999420166,0.0,-0.3790132999420166,-0.3790132999420166
aligned,w6,2013-10-20T22:00:00.000000000,fusion_emb_030,0.0053533995524048805,4.656612873077393e-10,0.005353400018066168,0.005353400018066168
aligned,w6,2013-10-20T22:00:00.000000000,fusion_emb_031,0.15173256397247314,0.0,0.15173256397247314,0.15173256397247314
aligned,w6,2013-10-20T22:00:00.000000000,fusion_emb_032,0.036207377910614014,0.0,0.036207377910614014,0.036207377910614014
aligned,w6,2013-10-20T22:00:00.000000000,fusion_emb_033,0.26939424872398376,0.0,0.26939424872398376,0.26939424872398376
aligned,w6,2013-10-20T22:00:00.000000000,fusion_emb_034,0.32559895515441895,2.9802322387695312e-08,0.32559892535209656,0.32559892535209656
aligned,w6,2013-10-20T22:00:00.000000000,fusion_emb_035,-0.04578953608870506,3.725290298461914e-09,-0.045789532363414764,-0.045789532363414764
aligned,w6,2013-10-20T22:00:00.000000000,fusion_emb_036,0.7161025404930115,5.960464477539063e-08,0.7161024808883667,0.7161024808883667
aligned,w6,2013-10-20T22:00:00.000000000,fusion_emb_037,0.4053695797920227,0.0,0.4053695797920227,0.4053695797920227
aligned,w6,2013-10-20T22:00:00.000000000,fusion_emb_038,-0.5807762742042542,0.0,-0.5807762742042542,-0.5807762742042542
aligned,w6,2013-10-20T22:00:00.000000000,fusion_emb_039,-0.7092523574829102,0.0,-0.7092523574829102,-0.7092523574829102
aligned,w6,2013-10-20T22:00:00.000000000,fusion_emb_040,1.0069446563720703,0.0,1.0069446563720703,1.0069446563720703
aligned,w6,2013-10-20T22:00:00.000000000,fusion_emb_041,0.3987230658531189,5.960464477539063e-08,0.3987230062484741,0.3987230062484741
aligned,w6,2013-10-20T22:00:00.000000000,fusion_emb_042,1.325256586074829,1.1920928955078125e-07,1.3252567052841187,1.3252567052841187
aligned,w6,2013-10-20T22:00:00.000000000,fusion_emb_043,-0.6716742515563965,1.1920928955078125e-07,-0.671674370765686,-0.671674370765686
aligned,w6,2013-10-20T22:00:00.000000000,fusion_emb_044,-0.3309832513332367,2.9802322387695312e-08,-0.3309832811355591,-0.3309832811355591
aligned,w6,2013-10-20T22:00:00.000000000,fusion_emb_045,0.8132672905921936,5.960464477539063e-08,0.8132672309875488,0.8132672309875488
aligned,w6,2013-10-20T22:00:00.000000000,fusion_emb_046,-0.6444311738014221,0.0,-0.6444311738014221,-0.6444311738014221
aligned,w6,2013-10-20T22:00:00.000000000,fusion_emb_047,0.6623144745826721,5.960464477539063e-08,0.6623145341873169,0.6623145341873169
aligned,w6,2013-10-20T22:00:00.000000000,fusion_emb_048,-0.3080451190471649,2.9802322387695312e-08,-0.30804508924484253,-0.30804508924484253
aligned,w6,2013-10-20T22:00:00.000000000,fusion_emb_049,-0.7630711793899536,5.960464477539063e-08,-0.7630712389945984,-0.7630712389945984
aligned,w6,2013-10-20T22:00:00.000000000,fusion_emb_050,-0.2603606879711151,0.0,-0.2603606879711151,-0.2603606879711151
aligned,w6,2013-10-20T22:00:00.000000000,fusion_emb_051,-0.09843827784061432,7.450580596923828e-09,-0.09843828529119492,-0.09843828529119492
aligned,w6,2013-10-20T22:00:00.000000000,fusion_emb_052,-0.030958738178014755,0.0,-0.030958738178014755,-0.030958738178014755
aligned,w6,2013-10-20T22:00:00.000000000,fusion_emb_053,-0.228755921125412,1.4901161193847656e-08,-0.22875593602657318,-0.22875593602657318
aligned,w6,2013-10-20T22:00:00.000000000,fusion_emb_054,0.17901767790317535,2.9802322387695312e-08,0.17901770770549774,0.17901770770549774
aligned,w6,2013-10-20T22:00:00.000000000,fusion_emb_055,-0.017775624990463257,0.0,-0.017775624990463257,-0.017775624990463257
aligned,w6,2013-10-20T22:00:00.000000000,fusion_emb_056,-0.5291290879249573,5.960464477539063e-08,-0.529129147529602,-0.529129147529602
aligned,w6,2013-10-20T22:00:00.000000000,fusion_emb_057,1.0097600221633911,1.1920928955078125e-07,1.0097601413726807,1.0097601413726807
aligned,w6,2013-10-20T22:00:00.000000000,fusion_emb_058,0.4603828191757202,2.9802322387695312e-08,0.4603827893733978,0.4603827893733978
aligned,w6,2013-10-20T22:00:00.000000000,fusion_emb_059,-0.0216029305011034,1.862645149230957e-09,-0.02160293236374855,-0.02160293236374855
aligned,w6,2013-10-20T22:00:00.000000000,fusion_emb_060,0.45554250478744507,5.960464477539063e-08,0.4555424451828003,0.4555424451828003
aligned,w6,2013-10-20T22:00:00.000000000,fusion_emb_061,-0.31225231289863586,2.9802322387695312e-08,-0.31225234270095825,-0.31225234270095825
aligned,w6,2013-10-20T22:00:00.000000000,fusion_emb_062,-0.17877231538295746,0.0,-0.17877231538295746,-0.17877231538295746
aligned,w6,2013-10-20T22:00:00.000000000,fusion_emb_063,-0.520388126373291,0.0,-0.520388126373291,-0.520388126373291
aligned,w7,2013-10-20T23:00:00.000000000,fusion_emb_000,0.9218384027481079,0.0,0.9218384027481079,0.9218384027481079
aligned,w7,2013-10-20T23:00:00.000000000,fusion_emb_001,0.24767321348190308,1.4901161193847656e-08,0.24767319858074188,0.24767319858074188
aligned,w7,2013-10-20T23:00:00.000000000,fusion_emb_002,1.1597453355789185,0.0,1.1597453355789185,1.1597453355789185
aligned,w7,2013-10-20T23:00:00.000000000,fusion_emb_003,-0.07045401632785797,7.450580596923828e-09,-0.07045402377843857,-0.07045402377843857
aligned,w7,2013-10-20T23:00:00.000000000,fusion_emb_004,-0.7796064019203186,1.1920928955078125e-07,-0.7796065211296082,-0.7796065211296082
aligned,w7,2013-10-20T23:00:00.000000000,fusion_emb_005,0.4652261734008789,0.0,0.4652261734008789,0.4652261734008789
aligned,w7,2013-10-20T23:00:00.000000000,fusion_emb_006,-0.23224887251853943,0.0,-0.23224887251853943,-0.23224887251853943
aligned,w7,2013-10-20T23:00:00.000000000,fusion_emb_007,-0.00048257410526275635,0.0,-0.00048257410526275635,-0.00048257410526275635
aligned,w7,2013-10-20T23:00:00.000000000,fusion_emb_008,0.3495282232761383,2.9802322387695312e-08,0.3495281934738159,0.3495281934738159
aligned,w7,2013-10-20T23:00:00.000000000,fusion_emb_009,0.6883645057678223,0.0,0.6883645057678223,0.6883645057678223
aligned,w7,2013-10-20T23:00:00.000000000,fusion_emb_010,0.5020655989646912,5.960464477539063e-08,0.5020655393600464,0.5020655393600464
aligned,w7,2013-10-20T23:00:00.000000000,fusion_emb_011,-0.28553494811058044,2.9802322387695312e-08,-0.28553497791290283,-0.28553497791290283
aligned,w7,2013-10-20T23:00:00.000000000,fusion_emb_012,-0.5792669653892517,5.960464477539063e-08,-0.5792669057846069,-0.5792669057846069
aligned,w7,2013-10-20T23:00:00.000000000,fusion_emb_013,-0.7189302444458008,0.0,-0.7189302444458008,-0.7189302444458008
aligned,w7,2013-10-20T23:00:00.000000000,fusion_emb_014,-0.6593310236930847,0.0,-0.6593310236930847,-0.6593310236930847
aligned,w7,2013-10-20T23:00:00.000000000,fusion_emb_015,-0.3156733810901642,2.9802322387695312e-08,-0.3156734108924866,-0.3156734108924866
aligned,w7,2013-10-20T23:00:00.000000000,fusion_emb_016,0.16557195782661438,1.4901161193847656e-08,0.16557197272777557,0.16557197272777557
aligned,w7,2013-10-20T23:00:00.000000000,fusion_emb_017,0.1266530603170395,0.0,0.1266530603170395,0.1266530603170395
aligned,w7,2013-10-20T23:00:00.000000000,fusion_emb_018,-0.01716524176299572,1.862645149230957e-09,-0.01716523990035057,-0.01716523990035057
aligned,w7,2013-10-20T23:00:00.000000000,fusion_emb_019,-0.1901891529560089,1.4901161193847656e-08,-0.1901891678571701,-0.1901891678571701
aligned,w7,2013-10-20T23:00:00.000000000,fusion_emb_020,-0.0017775683663785458,1.1641532182693481e-10,-0.001777568249963224,-0.001777568249963224
aligned,w7,2013-10-20T23:00:00.000000000,fusion_emb_021,-0.35619688034057617,0.0,-0.35619688034057617,-0.35619688034057617
aligned,w7,2013-10-20T23:00:00.000000000,fusion_emb_022,-0.951477587223053,5.960464477539063e-08,-0.9514776468276978,-0.9514776468276978
aligned,w7,2013-10-20T23:00:00.000000000,fusion_emb_023,0.614464282989502,0.0,0.614464282989502,0.614464282989502
aligned,w7,2013-10-20T23:00:00.000000000,fusion_emb_024,-0.01257789134979248,0.0,-0.01257789134979248,-0.01257789134979248
aligned,w7,2013-10-20T23:00:00.000000000,fusion_emb_025,0.1299055814743042,0.0,0.1299055814743042,0.1299055814743042
aligned,w7,2013-10-20T23:00:00.000000000,fusion_emb_026,-1.2251371145248413,0.0,-1.2251371145248413,-1.2251371145248413
aligned,w7,2013-10-20T23:00:00.000000000,fusion_emb_027,-0.43739527463912964,2.9802322387695312e-08,-0.437395304441452,-0.437395304441452
aligned,w7,2013-10-20T23:00:00.000000000,fusion_emb_028,-0.08542024344205856,0.0,-0.08542024344205856,-0.08542024344205856
aligned,w7,2013-10-20T23:00:00.000000000,fusion_emb_029,-0.3537149727344513,2.9802322387695312e-08,-0.3537150025367737,-0.3537150025367737
aligned,w7,2013-10-20T23:00:00.000000000,fusion_emb_030,0.035643111914396286,3.725290298461914e-09,0.035643115639686584,0.035643115639686584
aligned,w7,2013-10-20T23:00:00.000000000,fusion_emb_031,0.09730089455842972,7.450580596923828e-09,0.09730088710784912,0.09730088710784912
aligned,w7,2013-10-20T23:00:00.000000000,fusion_emb_032,0.0362703762948513,0.0,0.0362703762948513,0.0362703762948513
aligned,w7,2013-10-20T23:00:00.000000000,fusion_emb_033,0.297820121049881,2.9802322387695312e-08,0.29782015085220337,0.29782015085220337
aligned,w7,2013-10-20T23:00:00.000000000,fusion_emb_034,0.3444387912750244,5.960464477539063e-08,0.34443873167037964,0.34443873167037964
aligned,w7,2013-10-20T23:00:00.000000000,fusion_emb_035,-0.04794062301516533,3.725290298461914e-09,-0.04794062674045563,-0.04794062674045563
aligned,w7,2013-10-20T23:00:00.000000000,fusion_emb_036,0.6664147973060608,5.960464477539063e-08,0.6664148569107056,0.6664148569107056
aligned,w7,2013-10-20T23:00:00.000000000,fusion_emb_037,0.3970658481121063,0.0,0.3970658481121063,0.3970658481121063
aligned,w7,2013-10-20T23:00:00.000000000,fusion_emb_038,-0.5400248169898987,0.0,-0.5400248169898987,-0.5400248169898987
aligned,w7,2013-10-20T23:00:00.000000000,fusion_emb_039,-0.7247669100761414,5.960464477539063e-08,-0.7247669696807861,-0.7247669696807861
aligned,w7,2013-10-20T23:00:00.000000000,fusion_emb_040,0.9517955780029297,0.0,0.9517955780029297,0.9517955780029297
aligned,w7,2013-10-20T23:00:00.000000000,fusion_emb_041,0.37190619111061096,2.9802322387695312e-08,0.3719061613082886,0.3719061613082886
aligned,w7,2013-10-20T23:00:00.000000000,fusion_emb_042,1.349440574645996,2.384185791015625e-07,1.3494408130645752,1.3494408130645752
aligned,w7,2013-10-20T23:00:00.000000000,fusion_emb_043,-0.6252395510673523,5.960464477539063e-08,-0.6252396106719971,-0.6252396106719971
aligned,w7,2013-10-20T23:00:00.000000000,fusion_emb_044,-0.30649495124816895,5.960464477539063e-08,-0.30649489164352417,-0.30649489164352417
aligned,w7,2013-10-20T23:00:00.000000000,fusion_emb_045,0.8266249299049377,5.960464477539063e-08,0.826624870300293,0.826624870300293
aligned,w7,2013-10-20T23:00:00.000000000,fusion_emb_046,-0.6328114867210388,0.0,-0.6328114867210388,-0.6328114867210388
aligned,w7,2013-10-20T23:00:00.000000000,fusion_emb_047,0.6800013780593872,5.960464477539063e-08,0.680001437664032,0.680001437664032
aligned,w7,2013-10-20T23:00:00.000000000,fusion_emb_048,-0.3109886646270752,2.9802322387695312e-08,-0.3109886348247528,-0.3109886348247528
aligned,w7,2013-10-20T23:00:00.000000000,fusion_emb_049,-0.8204830884933472,0.0,-0.8204830884933472,-0.8204830884933472
aligned,w7,2013-10-20T23:00:00.000000000,fusion_emb_050,-0.2747325599193573,2.9802322387695312e-08,-0.2747325301170349,-0.2747325301170349
aligned,w7,2013-10-20T23:00:00.000000000,fusion_emb_051,-0.0637354776263237,7.450580596923828e-09,-0.0637354701757431,-0.0637354701757431
aligned,w7,2013-10-20T23:00:00.000000000,fusion_emb_052,0.0006619146442972124,5.820766091346741e-11,0.0006619145860895514,0.0006619145860895514
aligned,w7,2013-10-20T23:00:00.000000000,fusion_emb_053,-0.17930267751216888,1.4901161193847656e-08,-0.1793026626110077,-0.1793026626110077
aligned,w7,2013-10-20T23:00:00.000000000,fusion_emb_054,0.15344499051570892,1.4901161193847656e-08,0.15344497561454773,0.15344497561454773
aligned,w7,2013-10-20T23:00:00.000000000,fusion_emb_055,-0.08181964606046677,7.450580596923828e-09,-0.08181963860988617,-0.08181963860988617
aligned,w7,2013-10-20T23:00:00.000000000,fusion_emb_056,-0.5399079918861389,5.960464477539063e-08,-0.5399080514907837,-0.5399080514907837
aligned,w7,2013-10-20T23:00:00.000000000,fusion_emb_057,1.0240784883499146,1.1920928955078125e-07,1.024078607559204,1.024078607559204
aligned,w7,2013-10-20T23:00:00.000000000,fusion_emb_058,0.4736815094947815,2.9802322387695312e-08,0.4736815392971039,0.4736815392971039
aligned,w7,2013-10-20T23:00:00.000000000,fusion_emb_059,-0.04113808646798134,0.0,-0.04113808646798134,-0.04113808646798134
aligned,w7,2013-10-20T23:00:00.000000000,fusion_emb_060,0.4199824631214142,8.940696716308594e-08,0.41998255252838135,0.41998255252838135
aligned,w7,2013-10-20T23:00:00.000000000,fusion_emb_061,-0.3365931510925293,0.0,-0.3365931510925293,-0.3365931510925293
aligned,w7,2013-10-20T23:00:00.000000000,fusion_emb_062,-0.23146295547485352,0.0,-0.23146295547485352,-0.23146295547485352
aligned,w7,2013-10-20T23:00:00.000000000,fusion_emb_063,-0.4856153130531311,2.9802322387695312e-08,-0.4856153428554535,-0.4856153428554535
shuffled,w0,2013-10-20T16:00:00.000000000,fusion_emb_000,0.7605805397033691,1.1920928955078125e-07,0.7605804204940796,0.7605804204940796
shuffled,w0,2013-10-20T16:00:00.000000000,fusion_emb_001,0.45121484994888306,2.9802322387695312e-08,0.45121487975120544,0.45121487975120544
shuffled,w0,2013-10-20T16:00:00.000000000,fusion_emb_002,1.2546871900558472,1.1920928955078125e-07,1.2546870708465576,1.2546870708465576
shuffled,w0,2013-10-20T16:00:00.000000000,fusion_emb_003,0.07481234520673752,7.450580596923828e-09,0.07481233775615692,0.07481233775615692
shuffled,w0,2013-10-20T16:00:00.000000000,fusion_emb_004,-1.1885982751846313,1.1920928955078125e-07,-1.1885981559753418,-1.1885981559753418
shuffled,w0,2013-10-20T16:00:00.000000000,fusion_emb_005,0.39452725648880005,2.9802322387695312e-08,0.39452728629112244,0.39452728629112244
shuffled,w0,2013-10-20T16:00:00.000000000,fusion_emb_006,-0.44782060384750366,5.960464477539063e-08,-0.4478205442428589,-0.4478205442428589
shuffled,w0,2013-10-20T16:00:00.000000000,fusion_emb_007,-0.0005881916731595993,0.0,-0.0005881916731595993,-0.0005881916731595993
shuffled,w0,2013-10-20T16:00:00.000000000,fusion_emb_008,0.04511645436286926,7.450580596923828e-09,0.045116446912288666,0.045116446912288666
shuffled,w0,2013-10-20T16:00:00.000000000,fusion_emb_009,0.6251492500305176,0.0,0.6251492500305176,0.6251492500305176
shuffled,w0,2013-10-20T16:00:00.000000000,fusion_emb_010,0.5397582054138184,5.960464477539063e-08,0.5397582650184631,0.5397582650184631
shuffled,w0,2013-10-20T16:00:00.000000000,fusion_emb_011,-0.6716212630271912,5.960464477539063e-08,-0.6716212034225464,-0.6716212034225464
shuffled,w0,2013-10-20T16:00:00.000000000,fusion_emb_012,-0.6535634398460388,0.0,-0.6535634398460388,-0.6535634398460388
shuffled,w0,2013-10-20T16:00:00.000000000,fusion_emb_013,-0.5462369322776794,0.0,-0.5462369322776794,-0.5462369322776794
shuffled,w0,2013-10-20T16:00:00.000000000,fusion_emb_014,-0.1757090538740158,1.4901161193847656e-08,-0.175709068775177,-0.175709068775177
shuffled,w0,2013-10-20T16:00:00.000000000,fusion_emb_015,-0.8942269682884216,5.960464477539063e-08,-0.8942269086837769,-0.8942269086837769
shuffled,w0,2013-10-20T16:00:00.000000000,fusion_emb_016,0.1976635754108429,2.9802322387695312e-08,0.19766360521316528,0.19766360521316528
shuffled,w0,2013-10-20T16:00:00.000000000,fusion_emb_017,0.29819250106811523,0.0,0.29819250106811523,0.29819250106811523
shuffled,w0,2013-10-20T16:00:00.000000000,fusion_emb_018,0.5914303064346313,5.960464477539063e-08,0.5914303660392761,0.5914303660392761
shuffled,w0,2013-10-20T16:00:00.000000000,fusion_emb_019,0.16856873035430908,1.4901161193847656e-08,0.1685687154531479,0.1685687154531479
shuffled,w0,2013-10-20T16:00:00.000000000,fusion_emb_020,0.7227435111999512,0.0,0.7227435111999512,0.7227435111999512
shuffled,w0,2013-10-20T16:00:00.000000000,fusion_emb_021,-0.27081432938575745,2.9802322387695312e-08,-0.27081429958343506,-0.27081429958343506
shuffled,w0,2013-10-20T16:00:00.000000000,fusion_emb_022,-0.996884286403656,5.960464477539063e-08,-0.9968842267990112,-0.9968842267990112
shuffled,w0,2013-10-20T16:00:00.000000000,fusion_emb_023,0.502166748046875,0.0,0.502166748046875,0.502166748046875
shuffled,w0,2013-10-20T16:00:00.000000000,fusion_emb_024,-0.6894269585609436,1.1920928955078125e-07,-0.6894270777702332,-0.6894270777702332
shuffled,w0,2013-10-20T16:00:00.000000000,fusion_emb_025,0.030495189130306244,1.862645149230957e-09,0.030495187267661095,0.030495187267661095
shuffled,w0,2013-10-20T16:00:00.000000000,fusion_emb_026,-1.2034648656845093,1.1920928955078125e-07,-1.2034649848937988,-1.2034649848937988
shuffled,w0,2013-10-20T16:00:00.000000000,fusion_emb_027,-0.5728521943092346,0.0,-0.5728521943092346,-0.5728521943092346
shuffled,w0,2013-10-20T16:00:00.000000000,fusion_emb_028,0.18139158189296722,1.4901161193847656e-08,0.18139156699180603,0.18139156699180603
shuffled,w0,2013-10-20T16:00:00.000000000,fusion_emb_029,-0.2150340974330902,0.0,-0.2150340974330902,-0.2150340974330902
shuffled,w0,2013-10-20T16:00:00.000000000,fusion_emb_030,-0.14423586428165436,1.4901161193847656e-08,-0.14423587918281555,-0.14423587918281555
shuffled,w0,2013-10-20T16:00:00.000000000,fusion_emb_031,-0.3920693099498749,2.9802322387695312e-08,-0.3920692801475525,-0.3920692801475525
shuffled,w0,2013-10-20T16:00:00.000000000,fusion_emb_032,0.26378628611564636,2.9802322387695312e-08,0.263786256313324,0.263786256313324
shuffled,w0,2013-10-20T16:00:00.000000000,fusion_emb_033,0.39526697993278503,2.9802322387695312e-08,0.39526695013046265,0.39526695013046265
shuffled,w0,2013-10-20T16:00:00.000000000,fusion_emb_034,0.5505490899085999,5.960464477539063e-08,0.5505491495132446,0.5505491495132446
shuffled,w0,2013-10-20T16:00:00.000000000,fusion_emb_035,-0.3385934829711914,0.0,-0.3385934829711914,-0.3385934829711914
shuffled,w0,2013-10-20T16:00:00.000000000,fusion_emb_036,0.5187713503837585,5.960464477539063e-08,0.5187714099884033,0.5187714099884033
shuffled,w0,2013-10-20T16:00:00.000000000,fusion_emb_037,0.7008667588233948,5.960464477539063e-08,0.7008668184280396,0.7008668184280396
shuffled,w0,2013-10-20T16:00:00.000000000,fusion_emb_038,-0.7239370346069336,0.0,-0.7239370346069336,-0.7239370346069336
shuffled,w0,2013-10-20T16:00:00.000000000,fusion_emb_039,-0.9082566499710083,0.0,-0.9082566499710083,-0.9082566499710083
shuffled,w0,2013-10-20T16:00:00.000000000,fusion_emb_040,1.3560980558395386,1.1920928955078125e-07,1.356097936630249,1.356097936630249
shuffled,w0,2013-10-20T16:00:00.000000000,fusion_emb_041,0.5002314448356628,0.0,0.5002314448356628,0.5002314448356628
shuffled,w0,2013-10-20T16:00:00.000000000,fusion_emb_042,1.6273458003997803,1.1920928955078125e-07,1.6273459196090698,1.6273459196090698
shuffled,w0,2013-10-20T16:00:00.000000000,fusion_emb_043,-0.7252141833305359,5.960464477539063e-08,-0.7252142429351807,-0.7252142429351807
shuffled,w0,2013-10-20T16:00:00.000000000,fusion_emb_044,-0.40813153982162476,0.0,-0.40813153982162476,-0.40813153982162476
shuffled,w0,2013-10-20T16:00:00.000000000,fusion_emb_045,0.3943171203136444,2.9802322387695312e-08,0.394317090511322,0.394317090511322
shuffled,w0,2013-10-20T16:00:00.000000000,fusion_emb_046,-0.5675468444824219,0.0,-0.5675468444824219,-0.5675468444824219
shuffled,w0,2013-10-20T16:00:00.000000000,fusion_emb_047,0.2892777919769287,5.960464477539063e-08,0.2892778515815735,0.2892778515815735
shuffled,w0,2013-10-20T16:00:00.000000000,fusion_emb_048,-0.41338202357292175,2.9802322387695312e-08,-0.41338205337524414,-0.41338205337524414
shuffled,w0,2013-10-20T16:00:00.000000000,fusion_emb_049,-1.2296894788742065,1.1920928955078125e-07,-1.229689359664917,-1.229689359664917
shuffled,w0,2013-10-20T16:00:00.000000000,fusion_emb_050,-0.14749445021152496,1.4901161193847656e-08,-0.14749446511268616,-0.14749446511268616
shuffled,w0,2013-10-20T16:00:00.000000000,fusion_emb_051,0.3675425052642822,2.9802322387695312e-08,0.36754247546195984,0.36754247546195984
shuffled,w0,2013-10-20T16:00:00.000000000,fusion_emb_052,0.31178727746009827,0.0,0.31178727746009827,0.31178727746009827
shuffled,w0,2013-10-20T16:00:00.000000000,fusion_emb_053,-0.503934383392334,0.0,-0.503934383392334,-0.503934383392334
shuffled,w0,2013-10-20T16:00:00.000000000,fusion_emb_054,0.7264718413352966,5.960464477539063e-08,0.7264717817306519,0.7264717817306519
shuffled,w0,2013-10-20T16:00:00.000000000,fusion_emb_055,0.4313806891441345,2.9802322387695312e-08,0.4313807189464569,0.4313807189464569
shuffled,w0,2013-10-20T16:00:00.000000000,fusion_emb_056,-0.8884888887405396,1.1920928955078125e-07,-0.8884890079498291,-0.8884890079498291
shuffled,w0,2013-10-20T16:00:00.000000000,fusion_emb_057,1.238316535949707,1.1920928955078125e-07,1.2383164167404175,1.2383164167404175
shuffled,w0,2013-10-20T16:00:00.000000000,fusion_emb_058,-0.2102539837360382,0.0,-0.2102539837360382,-0.2102539837360382
shuffled,w0,2013-10-20T16:00:00.000000000,fusion_emb_059,-0.29420191049575806,2.9802322387695312e-08,-0.29420194029808044,-0.29420194029808044
shuffled,w0,2013-10-20T16:00:00.000000000,fusion_emb_060,0.7940503358840942,0.0,0.7940503358840942,0.7940503358840942
shuffled,w0,2013-10-20T16:00:00.000000000,fusion_emb_061,-0.031657878309488297,3.725290298461914e-09,-0.031657882034778595,-0.031657882034778595
shuffled,w0,2013-10-20T16:00:00.000000000,fusion_emb_062,-0.25728079676628113,2.9802322387695312e-08,-0.25728076696395874,-0.25728076696395874
shuffled,w0,2013-10-20T16:00:00.000000000,fusion_emb_063,-0.6770157814025879,0.0,-0.6770157814025879,-0.6770157814025879
shuffled,w1,2013-10-20T17:00:00.000000000,fusion_emb_000,0.9964829683303833,1.1920928955078125e-07,0.9964830875396729,0.9964830875396729
shuffled,w1,2013-10-20T17:00:00.000000000,fusion_emb_001,0.7917467951774597,0.0,0.7917467951774597,0.7917467951774597
shuffled,w1,2013-10-20T17:00:00.000000000,fusion_emb_002,1.5025100708007812,0.0,1.5025100708007812,1.5025100708007812
shuffled,w1,2013-10-20T17:00:00.000000000,fusion_emb_003,0.3479726016521454,2.9802322387695312e-08,0.347972571849823,0.347972571849823
shuffled,w1,2013-10-20T17:00:00.000000000,fusion_emb_004,-1.4756810665130615,0.0,-1.4756810665130615,-1.4756810665130615
shuffled,w1,2013-10-20T17:00:00.000000000,fusion_emb_005,0.4927017092704773,2.9802322387695312e-08,0.4927017390727997,0.4927017390727997
shuffled,w1,2013-10-20T17:00:00.000000000,fusion_emb_006,-0.6114481687545776,5.960464477539063e-08,-0.6114481091499329,-0.6114481091499329
shuffled,w1,2013-10-20T17:00:00.000000000,fusion_emb_007,0.15606988966464996,0.0,0.15606988966464996,0.15606988966464996
shuffled,w1,2013-10-20T17:00:00.000000000,fusion_emb_008,0.462943971157074,0.0,0.462943971157074,0.462943971157074
shuffled,w1,2013-10-20T17:00:00.000000000,fusion_emb_009,0.4595542252063751,5.960464477539063e-08,0.4595542848110199,0.4595542848110199
shuffled,w1,2013-10-20T17:00:00.000000000,fusion_emb_010,0.6486598253250122,5.960464477539063e-08,0.648659884929657,0.648659884929657
shuffled,w1,2013-10-20T17:00:00.000000000,fusion_emb_011,-0.7798047661781311,5.960464477539063e-08,-0.7798047065734863,-0.7798047065734863
shuffled,w1,2013-10-20T17:00:00.000000000,fusion_emb_012,-0.5939256548881531,5.960464477539063e-08,-0.5939257144927979,-0.5939257144927979
shuffled,w1,2013-10-20T17:00:00.000000000,fusion_emb_013,-0.35144564509391785,0.0,-0.35144564509391785,-0.35144564509391785
shuffled,w1,2013-10-20T17:00:00.000000000,fusion_emb_014,-0.5668507218360901,5.960464477539063e-08,-0.5668507814407349,-0.5668507814407349
shuffled,w1,2013-10-20T17:00:00.000000000,fusion_emb_015,-0.7911576628684998,5.960464477539063e-08,-0.791157603263855,-0.791157603263855
shuffled,w1,2013-10-20T17:00:00.000000000,fusion_emb_016,0.34189292788505554,0.0,0.34189292788505554,0.34189292788505554
shuffled,w1,2013-10-20T17:00:00.000000000,fusion_emb_017,0.3967253863811493,2.9802322387695312e-08,0.3967253565788269,0.3967253565788269
shuffled,w1,2013-10-20T17:00:00.000000000,fusion_emb_018,0.030484994873404503,0.0,0.030484994873404503,0.030484994873404503
shuffled,w1,2013-10-20T17:00:00.000000000,fusion_emb_019,0.1730707883834839,0.0,0.1730707883834839,0.1730707883834839
shuffled,w1,2013-10-20T17:00:00.000000000,fusion_emb_020,0.25402283668518066,2.9802322387695312e-08,0.2540228068828583,0.2540228068828583
shuffled,w1,2013-10-20T17:00:00.000000000,fusion_emb_021,-0.08965247869491577,0.0,-0.08965247869491577,-0.08965247869491577
shuffled,w1,2013-10-20T17:00:00.000000000,fusion_emb_022,-0.8502360582351685,5.960464477539063e-08,-0.8502361178398132,-0.8502361178398132
shuffled,w1,2013-10-20T17:00:00.000000000,fusion_emb_023,0.6288642883300781,0.0,0.6288642883300781,0.6288642883300781
shuffled,w1,2013-10-20T17:00:00.000000000,fusion_emb_024,-0.5373565554618835,5.960464477539063e-08,-0.5373566150665283,-0.5373566150665283
shuffled,w1,2013-10-20T17:00:00.000000000,fusion_emb_025,-0.13856518268585205,0.0,-0.13856518268585205,-0.13856518268585205
shuffled,w1,2013-10-20T17:00:00.000000000,fusion_emb_026,-1.3157618045806885,1.1920928955078125e-07,-1.315761923789978,-1.315761923789978
shuffled,w1,2013-10-20T17:00:00.000000000,fusion_emb_027,-0.263535737991333,0.0,-0.263535737991333,-0.263535737991333
shuffled,w1,2013-10-20T17:00:00.000000000,fusion_emb_028,0.29764804244041443,2.9802322387695312e-08,0.2976480722427368,0.2976480722427368
shuffled,w1,2013-10-20T17:00:00.000000000,fusion_emb_029,-0.5653342604637146,5.960464477539063e-08,-0.5653342008590698,-0.5653342008590698
shuffled,w1,2013-10-20T17:00:00.000000000,fusion_emb_030,0.03922390565276146,0.0,0.03922390565276146,0.03922390565276146
shuffled,w1,2013-10-20T17:00:00.000000000,fusion_emb_031,-0.11998914182186127,1.4901161193847656e-08,-0.11998912692070007,-0.11998912692070007
shuffled,w1,2013-10-20T17:00:00.000000000,fusion_emb_032,0.4060991406440735,0.0,0.4060991406440735,0.4060991406440735
shuffled,w1,2013-10-20T17:00:00.000000000,fusion_emb_033,0.5378813147544861,0.0,0.5378813147544861,0.5378813147544861
shuffled,w1,2013-10-20T17:00:00.000000000,fusion_emb_034,0.35421615839004517,2.9802322387695312e-08,0.35421618819236755,0.35421618819236755
shuffled,w1,2013-10-20T17:00:00.000000000,fusion_emb_035,-0.21604134142398834,2.9802322387695312e-08,-0.21604137122631073,-0.21604137122631073
shuffled,w1,2013-10-20T17:00:00.000000000,fusion_emb_036,0.14977768063545227,1.4901161193847656e-08,0.14977769553661346,0.14977769553661346
shuffled,w1,2013-10-20T17:00:00.000000000,fusion_emb_037,0.49384957551956177,5.960464477539063e-08,0.493849515914917,0.493849515914917
shuffled,w1,2013-10-20T17:00:00.000000000,fusion_emb_038,-0.6975478529930115,0.0,-0.6975478529930115,-0.6975478529930115
shuffled,w1,2013-10-20T17:00:00.000000000,fusion_emb_039,-0.5876935124397278,0.0,-0.5876935124397278,-0.5876935124397278
shuffled,w1,2013-10-20T17:00:00.000000000,fusion_emb_040,1.147462248802185,0.0,1.147462248802185,1.147462248802185
shuffled,w1,2013-10-20T17:00:00.000000000,fusion_emb_041,0.2553412914276123,5.960464477539063e-08,0.2553413510322571,0.2553413510322571
shuffled,w1,2013-10-20T17:00:00.000000000,fusion_emb_042,1.6081019639968872,1.1920928955078125e-07,1.6081018447875977,1.6081018447875977
shuffled,w1,2013-10-20T17:00:00.000000000,fusion_emb_043,-0.5872839093208313,5.960464477539063e-08,-0.5872838497161865,-0.5872838497161865
shuffled,w1,2013-10-20T17:00:00.000000000,fusion_emb_044,-0.44729751348495483,0.0,-0.44729751348495483,-0.44729751348495483
shuffled,w1,2013-10-20T17:00:00.000000000,fusion_emb_045,0.24916258454322815,2.9802322387695312e-08,0.24916255474090576,0.24916255474090576
shuffled,w1,2013-10-20T17:00:00.000000000,fusion_emb_046,-0.8367024660110474,1.1920928955078125e-07,-0.8367025852203369,-0.8367025852203369
shuffled,w1,2013-10-20T17:00:00.000000000,fusion_emb_047,0.3071325421333313,2.9802322387695312e-08,0.3071325719356537,0.3071325719356537
shuffled,w1,2013-10-20T17:00:00.000000000,fusion_emb_048,-0.557952344417572,5.960464477539063e-08,-0.5579522848129272,-0.5579522848129272
shuffled,w1,2013-10-20T17:00:00.000000000,fusion_emb_049,-1.187260389328003,1.1920928955078125e-07,-1.1872602701187134,-1.1872602701187134
shuffled,w1,2013-10-20T17:00:00.000000000,fusion_emb_050,0.10671526938676834,7.450580596923828e-09,0.10671526193618774,0.10671526193618774
shuffled,w1,2013-10-20T17:00:00.000000000,fusion_emb_051,-0.12105919420719147,7.450580596923828e-09,-0.12105920165777206,-0.12105920165777206
shuffled,w1,2013-10-20T17:00:00.000000000,fusion_emb_052,0.3631649911403656,2.9802322387695312e-08,0.363165020942688,0.363165020942688
shuffled,w1,2013-10-20T17:00:00.000000000,fusion_emb_053,-0.5202551484107971,0.0,-0.5202551484107971,-0.5202551484107971
shuffled,w1,2013-10-20T17:00:00.000000000,fusion_emb_054,0.5846047401428223,0.0,0.5846047401428223,0.5846047401428223
shuffled,w1,2013-10-20T17:00:00.000000000,fusion_emb_055,0.1951090544462204,0.0,0.1951090544462204,0.1951090544462204
shuffled,w1,2013-10-20T17:00:00.000000000,fusion_emb_056,-0.9899829626083374,0.0,-0.9899829626083374,-0.9899829626083374
shuffled,w1,2013-10-20T17:00:00.000000000,fusion_emb_057,0.9659131169319153,1.1920928955078125e-07,0.9659132361412048,0.9659132361412048
shuffled,w1,2013-10-20T17:00:00.000000000,fusion_emb_058,0.138759046792984,1.4901161193847656e-08,0.1387590616941452,0.1387590616941452
shuffled,w1,2013-10-20T17:00:00.000000000,fusion_emb_059,-0.6001057624816895,0.0,-0.6001057624816895,-0.6001057624816895
shuffled,w1,2013-10-20T17:00:00.000000000,fusion_emb_060,0.7406555414199829,5.960464477539063e-08,0.7406556010246277,0.7406556010246277
shuffled,w1,2013-10-20T17:00:00.000000000,fusion_emb_061,0.01998714916408062,1.862645149230957e-09,0.01998714730143547,0.01998714730143547
shuffled,w1,2013-10-20T17:00:00.000000000,fusion_emb_062,-0.14992691576480865,1.4901161193847656e-08,-0.14992693066596985,-0.14992693066596985
shuffled,w1,2013-10-20T17:00:00.000000000,fusion_emb_063,-0.16051626205444336,0.0,-0.16051626205444336,-0.16051626205444336
shuffled,w2,2013-10-20T18:00:00.000000000,fusion_emb_000,0.7206006050109863,1.1920928955078125e-07,0.7206004858016968,0.7206004858016968
shuffled,w2,2013-10-20T18:00:00.000000000,fusion_emb_001,0.29137593507766724,2.9802322387695312e-08,0.2913759648799896,0.2913759648799896
shuffled,w2,2013-10-20T18:00:00.000000000,fusion_emb_002,1.5087969303131104,0.0,1.5087969303131104,1.5087969303131104
shuffled,w2,2013-10-20T18:00:00.000000000,fusion_emb_003,0.2698402404785156,0.0,0.2698402404785156,0.2698402404785156
shuffled,w2,2013-10-20T18:00:00.000000000,fusion_emb_004,-0.9605201482772827,0.0,-0.9605201482772827,-0.9605201482772827
shuffled,w2,2013-10-20T18:00:00.000000000,fusion_emb_005,0.5351856350898743,5.960464477539063e-08,0.5351855754852295,0.5351855754852295
shuffled,w2,2013-10-20T18:00:00.000000000,fusion_emb_006,-0.2983000576496124,2.9802322387695312e-08,-0.2983000874519348,-0.2983000874519348
shuffled,w2,2013-10-20T18:00:00.000000000,fusion_emb_007,-0.07584159821271896,0.0,-0.07584159821271896,-0.07584159821271896
shuffled,w2,2013-10-20T18:00:00.000000000,fusion_emb_008,0.25382575392723083,2.9802322387695312e-08,0.2538257837295532,0.2538257837295532
shuffled,w2,2013-10-20T18:00:00.000000000,fusion_emb_009,0.6670327186584473,1.1920928955078125e-07,0.6670325994491577,0.6670325994491577
shuffled,w2,2013-10-20T18:00:00.000000000,fusion_emb_010,0.1851731687784195,1.4901161193847656e-08,0.1851731836795807,0.1851731836795807
shuffled,w2,2013-10-20T18:00:00.000000000,fusion_emb_011,-0.17076267302036285,2.9802322387695312e-08,-0.17076270282268524,-0.17076270282268524
shuffled,w2,2013-10-20T18:00:00.000000000,fusion_emb_012,-0.3030712902545929,2.9802322387695312e-08,-0.3030713200569153,-0.3030713200569153
shuffled,w2,2013-10-20T18:00:00.000000000,fusion_emb_013,-0.4997836947441101,0.0,-0.4997836947441101,-0.4997836947441101
shuffled,w2,2013-10-20T18:00:00.000000000,fusion_emb_014,-0.48399290442466736,2.9802322387695312e-08,-0.48399287462234497,-0.48399287462234497
shuffled,w2,2013-10-20T18:00:00.000000000,fusion_emb_015,-0.3694033920764923,2.9802322387695312e-08,-0.3694034218788147,-0.3694034218788147
shuffled,w2,2013-10-20T18:00:00.000000000,fusion_emb_016,0.19964061677455902,1.4901161193847656e-08,0.19964060187339783,0.19964060187339783
shuffled,w2,2013-10-20T18:00:00.000000000,fusion_emb_017,-0.20088981091976166,1.4901161193847656e-08,-0.20088982582092285,-0.20088982582092285
shuffled,w2,2013-10-20T18:00:00.000000000,fusion_emb_018,-0.12561391294002533,0.0,-0.12561391294002533,-0.12561391294002533
shuffled,w2,2013-10-20T18:00:00.000000000,fusion_emb_019,-0.05255097523331642,3.725290298461914e-09,-0.05255097895860672,-0.05255097895860672
shuffled,w2,2013-10-20T18:00:00.000000000,fusion_emb_020,-0.014174485579133034,1.862645149230957e-09,-0.014174483716487885,-0.014174483716487885
shuffled,w2,2013-10-20T18:00:00.000000000,fusion_emb_021,-0.18859955668449402,1.4901161193847656e-08,-0.1885995715856552,-0.1885995715856552
shuffled,w2,2013-10-20T18:00:00.000000000,fusion_emb_022,-0.8705445528030396,5.960464477539063e-08,-0.8705446124076843,-0.8705446124076843
shuffled,w2,2013-10-20T18:00:00.000000000,fusion_emb_023,0.46168282628059387,2.9802322387695312e-08,0.4616827964782715,0.4616827964782715
shuffled,w2,2013-10-20T18:00:00.000000000,fusion_emb_024,-0.17657805979251862,1.4901161193847656e-08,-0.1765780746936798,-0.1765780746936798
shuffled,w2,2013-10-20T18:00:00.000000000,fusion_emb_025,-0.03205466270446777,0.0,-0.03205466270446777,-0.03205466270446777
shuffled,w2,2013-10-20T18:00:00.000000000,fusion_emb_026,-1.4665987491607666,1.1920928955078125e-07,-1.4665988683700562,-1.4665988683700562
shuffled,w2,2013-10-20T18:00:00.000000000,fusion_emb_027,-0.5544671416282654,5.960464477539063e-08,-0.5544670820236206,-0.5544670820236206
shuffled,w2,2013-10-20T18:00:00.000000000,fusion_emb_028,-0.05598204582929611,0.0,-0.05598204582929611,-0.05598204582929611
shuffled,w2,2013-10-20T18:00:00.000000000,fusion_emb_029,-0.39263179898262024,5.960464477539063e-08,-0.392631858587265,-0.392631858587265
shuffled,w2,2013-10-20T18:00:00.000000000,fusion_emb_030,0.04497474431991577,0.0,0.04497474431991577,0.04497474431991577
shuffled,w2,2013-10-20T18:00:00.000000000,fusion_emb_031,-0.056952737271785736,7.450580596923828e-09,-0.05695274472236633,-0.05695274472236633
shuffled,w2,2013-10-20T18:00:00.000000000,fusion_emb_032,-0.12540815770626068,1.4901161193847656e-08,-0.1254081428050995,-0.1254081428050995
shuffled,w2,2013-10-20T18:00:00.000000000,fusion_emb_033,0.5530619025230408,0.0,0.5530619025230408,0.5530619025230408
shuffled,w2,2013-10-20T18:00:00.000000000,fusion_emb_034,0.5261534452438354,5.960464477539063e-08,0.5261533856391907,0.5261533856391907
shuffled,w2,2013-10-20T18:00:00.000000000,fusion_emb_035,-0.04043441265821457,3.725290298461914e-09,-0.04043440893292427,-0.04043440893292427
shuffled,w2,2013-10-20T18:00:00.000000000,fusion_emb_036,0.7007936835289001,5.960464477539063e-08,0.7007936239242554,0.7007936239242554
shuffled,w2,2013-10-20T18:00:00.000000000,fusion_emb_037,0.33557745814323425,0.0,0.33557745814323425,0.33557745814323425
shuffled,w2,2013-10-20T18:00:00.000000000,fusion_emb_038,-0.3862902820110321,0.0,-0.3862902820110321,-0.3862902820110321
shuffled,w2,2013-10-20T18:00:00.000000000,fusion_emb_039,-0.5879268646240234,0.0,-0.5879268646240234,-0.5879268646240234
shuffled,w2,2013-10-20T18:00:00.000000000,fusion_emb_040,1.0985908508300781,0.0,1.0985908508300781,1.0985908508300781
shuffled,w2,2013-10-20T18:00:00.000000000,fusion_emb_041,0.03784859552979469,3.725290298461914e-09,0.03784859925508499,0.03784859925508499
shuffled,w2,2013-10-20T18:00:00.000000000,fusion_emb_042,1.1522597074508667,1.1920928955078125e-07,1.1522595882415771,1.1522595882415771
shuffled,w2,2013-10-20T18:00:00.000000000,fusion_emb_043,-0.7022261619567871,1.1920928955078125e-07,-0.7022262811660767,-0.7022262811660767
shuffled,w2,2013-10-20T18:00:00.000000000,fusion_emb_044,-0.5083207488059998,5.960464477539063e-08,-0.508320689201355,-0.508320689201355
shuffled,w2,2013-10-20T18:00:00.000000000,fusion_emb_045,0.6436814665794373,5.960464477539063e-08,0.6436814069747925,0.6436814069747925
shuffled,w2,2013-10-20T18:00:00.000000000,fusion_emb_046,-0.6224560737609863,5.960464477539063e-08,-0.6224560141563416,-0.6224560141563416
shuffled,w2,2013-10-20T18:00:00.000000000,fusion_emb_047,0.7075900435447693,5.960464477539063e-08,0.7075899839401245,0.7075899839401245
shuffled,w2,2013-10-20T18:00:00.000000000,fusion_emb_048,-0.3124520778656006,5.960464477539063e-08,-0.31245213747024536,-0.31245213747024536
shuffled,w2,2013-10-20T18:00:00.000000000,fusion_emb_049,-1.129179835319519,1.1920928955078125e-07,-1.1291797161102295,-1.1291797161102295
shuffled,w2,2013-10-20T18:00:00.000000000,fusion_emb_050,0.15842242538928986,1.4901161193847656e-08,0.15842241048812866,0.15842241048812866
shuffled,w2,2013-10-20T18:00:00.000000000,fusion_emb_051,-0.11431650817394257,1.4901161193847656e-08,-0.11431652307510376,-0.11431652307510376
shuffled,w2,2013-10-20T18:00:00.000000000,fusion_emb_052,-0.09993980824947357,0.0,-0.09993980824947357,-0.09993980824947357
shuffled,w2,2013-10-20T18:00:00.000000000,fusion_emb_053,-0.341065376996994,0.0,-0.341065376996994,-0.341065376996994
shuffled,w2,2013-10-20T18:00:00.000000000,fusion_emb_054,0.4780001938343048,2.9802322387695312e-08,0.4780002236366272,0.4780002236366272
shuffled,w2,2013-10-20T18:00:00.000000000,fusion_emb_055,0.03250264748930931,0.0,0.03250264748930931,0.03250264748930931
shuffled,w2,2013-10-20T18:00:00.000000000,fusion_emb_056,-0.5080938935279846,0.0,-0.5080938935279846,-0.5080938935279846
shuffled,w2,2013-10-20T18:00:00.000000000,fusion_emb_057,1.2047414779663086,0.0,1.2047414779663086,1.2047414779663086
shuffled,w2,2013-10-20T18:00:00.000000000,fusion_emb_058,0.043956924229860306,3.725290298461914e-09,0.04395692050457001,0.04395692050457001
shuffled,w2,2013-10-20T18:00:00.000000000,fusion_emb_059,0.1288301795721054,0.0,0.1288301795721054,0.1288301795721054
shuffled,w2,2013-10-20T18:00:00.000000000,fusion_emb_060,0.6523512601852417,5.960464477539063e-08,0.6523512005805969,0.6523512005805969
shuffled,w2,2013-10-20T18:00:00.000000000,fusion_emb_061,-0.28894686698913574,5.960464477539063e-08,-0.2889469265937805,-0.2889469265937805
shuffled,w2,2013-10-20T18:00:00.000000000,fusion_emb_062,-0.28028926253318787,2.9802322387695312e-08,-0.28028929233551025,-0.28028929233551025
shuffled,w2,2013-10-20T18:00:00.000000000,fusion_emb_063,-0.35092398524284363,0.0,-0.35092398524284363,-0.35092398524284363
shuffled,w3,2013-10-20T19:00:00.000000000,fusion_emb_000,1.257789969444275,1.1920928955078125e-07,1.2577900886535645,1.2577900886535645
shuffled,w3,2013-10-20T19:00:00.000000000,fusion_emb_001,0.7311743497848511,5.960464477539063e-08,0.7311744093894958,0.7311744093894958
shuffled,w3,2013-10-20T19:00:00.000000000,fusion_emb_002,1.5171452760696411,1.1920928955078125e-07,1.5171453952789307,1.5171453952789307
shuffled,w3,2013-10-20T19:00:00.000000000,fusion_emb_003,0.17464379966259003,1.4901161193847656e-08,0.17464381456375122,0.17464381456375122
shuffled,w3,2013-10-20T19:00:00.000000000,fusion_emb_004,-1.3878041505813599,1.1920928955078125e-07,-1.3878042697906494,-1.3878042697906494
shuffled,w3,2013-10-20T19:00:00.000000000,fusion_emb_005,0.630804181098938,5.960464477539063e-08,0.6308042407035828,0.6308042407035828
shuffled,w3,2013-10-20T19:00:00.000000000,fusion_emb_006,-0.5928606986999512,1.1920928955078125e-07,-0.5928608179092407,-0.5928608179092407
shuffled,w3,2013-10-20T19:00:00.000000000,fusion_emb_007,-0.1260451078414917,1.4901161193847656e-08,-0.1260451227426529,-0.1260451227426529
shuffled,w3,2013-10-20T19:00:00.000000000,fusion_emb_008,0.23765459656715393,2.9802322387695312e-08,0.23765456676483154,0.23765456676483154
shuffled,w3,2013-10-20T19:00:00.000000000,fusion_emb_009,0.9670106172561646,5.960464477539063e-08,0.9670106768608093,0.9670106768608093
shuffled,w3,2013-10-20T19:00:00.000000000,fusion_emb_010,0.2482740730047226,1.4901161193847656e-08,0.2482740879058838,0.2482740879058838
shuffled,w3,2013-10-20T19:00:00.000000000,fusion_emb_011,-0.3451872766017914,2.9802322387695312e-08,-0.34518730640411377,-0.34518730640411377
shuffled,w3,2013-10-20T19:00:00.000000000,fusion_emb_012,-0.43678945302963257,0.0,-0.43678945302963257,-0.43678945302963257
shuffled,w3,2013-10-20T19:00:00.000000000,fusion_emb_013,-0.18601271510124207,0.0,-0.18601271510124207,-0.18601271510124207
shuffled,w3,2013-10-20T19:00:00.000000000,fusion_emb_014,-0.5486324429512024,5.960464477539063e-08,-0.5486323833465576,-0.5486323833465576
shuffled,w3,2013-10-20T19:00:00.000000000,fusion_emb_015,-0.5778307914733887,0.0,-0.5778307914733887,-0.5778307914733887
shuffled,w3,2013-10-20T19:00:00.000000000,fusion_emb_016,0.41031718254089355,0.0,0.41031718254089355,0.41031718254089355
shuffled,w3,2013-10-20T19:00:00.000000000,fusion_emb_017,0.10088597983121872,7.450580596923828e-09,0.10088597238063812,0.10088597238063812
shuffled,w3,2013-10-20T19:00:00.000000000,fusion_emb_018,-0.4319360852241516,2.9802322387695312e-08,-0.431936115026474,-0.431936115026474
shuffled,w3,2013-10-20T19:00:00.000000000,fusion_emb_019,-0.07498174905776978,0.0,-0.07498174905776978,-0.07498174905776978
shuffled,w3,2013-10-20T19:00:00.000000000,fusion_emb_020,-0.35338878631591797,0.0,-0.35338878631591797,-0.35338878631591797
shuffled,w3,2013-10-20T19:00:00.000000000,fusion_emb_021,-0.48247450590133667,5.960464477539063e-08,-0.48247456550598145,-0.48247456550598145
shuffled,w3,2013-10-20T19:00:00.000000000,fusion_emb_022,-1.1140565872192383,1.1920928955078125e-07,-1.1140564680099487,-1.1140564680099487
shuffled,w3,2013-10-20T19:00:00.000000000,fusion_emb_023,0.7466875314712524,5.960464477539063e-08,0.7466875910758972,0.7466875910758972
shuffled,w3,2013-10-20T19:00:00.000000000,fusion_emb_024,-0.069037064909935,7.450580596923828e-09,-0.0690370574593544,-0.0690370574593544
shuffled,w3,2013-10-20T19:00:00.000000000,fusion_emb_025,0.33825352787971497,2.9802322387695312e-08,0.33825355768203735,0.33825355768203735
shuffled,w3,2013-10-20T19:00:00.000000000,fusion_emb_026,-1.1530085802078247,1.1920928955078125e-07,-1.1530086994171143,-1.1530086994171143
shuffled,w3,2013-10-20T19:00:00.000000000,fusion_emb_027,-0.4384825527667999,2.9802322387695312e-08,-0.43848252296447754,-0.43848252296447754
shuffled,w3,2013-10-20T19:00:00.000000000,fusion_emb_028,-0.0797160267829895,1.4901161193847656e-08,-0.07971601188182831,-0.07971601188182831
shuffled,w3,2013-10-20T19:00:00.000000000,fusion_emb_029,-0.4099878668785095,2.9802322387695312e-08,-0.4099878966808319,-0.4099878966808319
shuffled,w3,2013-10-20T19:00:00.000000000,fusion_emb_030,-0.045020610094070435,0.0,-0.045020610094070435,-0.045020610094070435
shuffled,w3,2013-10-20T19:00:00.000000000,fusion_emb_031,0.11094272881746292,7.450580596923828e-09,0.11094272136688232,0.11094272136688232
shuffled,w3,2013-10-20T19:00:00.000000000,fusion_emb_032,-0.11272276192903519,7.450580596923828e-09,-0.11272276937961578,-0.11272276937961578
shuffled,w3,2013-10-20T19:00:00.000000000,fusion_emb_033,0.7836694121360779,5.960464477539063e-08,0.7836693525314331,0.7836693525314331
shuffled,w3,2013-10-20T19:00:00.000000000,fusion_emb_034,0.32492074370384216,2.9802322387695312e-08,0.32492077350616455,0.32492077350616455
shuffled,w3,2013-10-20T19:00:00.000000000,fusion_emb_035,-0.41610413789749146,2.9802322387695312e-08,-0.41610416769981384,-0.41610416769981384
shuffled,w3,2013-10-20T19:00:00.000000000,fusion_emb_036,0.5638232231140137,1.1920928955078125e-07,0.5638233423233032,0.5638233423233032
shuffled,w3,2013-10-20T19:00:00.000000000,fusion_emb_037,0.3812730312347412,5.960464477539063e-08,0.381273090839386,0.381273090839386
shuffled,w3,2013-10-20T19:00:00.000000000,fusion_emb_038,-0.41917306184768677,2.9802322387695312e-08,-0.41917309165000916,-0.41917309165000916
shuffled,w3,2013-10-20T19:00:00.000000000,fusion_emb_039,-0.5853919386863708,5.960464477539063e-08,-0.5853918790817261,-0.5853918790817261
shuffled,w3,2013-10-20T19:00:00.000000000,fusion_emb_040,0.9950038194656372,1.1920928955078125e-07,0.9950039386749268,0.9950039386749268
shuffled,w3,2013-10-20T19:00:00.000000000,fusion_emb_041,0.14069640636444092,0.0,0.14069640636444092,0.14069640636444092
shuffled,w3,2013-10-20T19:00:00.000000000,fusion_emb_042,1.141595482826233,1.1920928955078125e-07,1.1415953636169434,1.1415953636169434
shuffled,w3,2013-10-20T19:00:00.000000000,fusion_emb_043,-1.0810222625732422,0.0,-1.0810222625732422,-1.0810222625732422
shuffled,w3,2013-10-20T19:00:00.000000000,fusion_emb_044,-0.24852584302425385,1.4901161193847656e-08,-0.24852582812309265,-0.24852582812309265
shuffled,w3,2013-10-20T19:00:00.000000000,fusion_emb_045,0.7010579109191895,5.960464477539063e-08,0.7010578513145447,0.7010578513145447
shuffled,w3,2013-10-20T19:00:00.000000000,fusion_emb_046,-0.6357909440994263,5.960464477539063e-08,-0.635791003704071,-0.635791003704071
shuffled,w3,2013-10-20T19:00:00.000000000,fusion_emb_047,0.9871262907981873,0.0,0.9871262907981873,0.9871262907981873
shuffled,w3,2013-10-20T19:00:00.000000000,fusion_emb_048,-0.4702906906604767,2.9802322387695312e-08,-0.4702907204627991,-0.4702907204627991
shuffled,w3,2013-10-20T19:00:00.000000000,fusion_emb_049,-1.6620452404022217,0.0,-1.6620452404022217,-1.6620452404022217
shuffled,w3,2013-10-20T19:00:00.000000000,fusion_emb_050,0.13656900823116302,0.0,0.13656900823116302,0.13656900823116302
shuffled,w3,2013-10-20T19:00:00.000000000,fusion_emb_051,-0.3724770247936249,2.9802322387695312e-08,-0.3724769949913025,-0.3724769949913025
shuffled,w3,2013-10-20T19:00:00.000000000,fusion_emb_052,0.05095349997282028,0.0,0.05095349997282028,0.05095349997282028
shuffled,w3,2013-10-20T19:00:00.000000000,fusion_emb_053,-0.41718775033950806,2.9802322387695312e-08,-0.41718778014183044,-0.41718778014183044
shuffled,w3,2013-10-20T19:00:00.000000000,fusion_emb_054,0.5096211433410645,5.960464477539063e-08,0.5096210837364197,0.5096210837364197
shuffled,w3,2013-10-20T19:00:00.000000000,fusion_emb_055,0.3934705853462219,2.9802322387695312e-08,0.3934706151485443,0.3934706151485443
shuffled,w3,2013-10-20T19:00:00.000000000,fusion_emb_056,-0.33155161142349243,2.9802322387695312e-08,-0.3315516412258148,-0.3315516412258148
shuffled,w3,2013-10-20T19:00:00.000000000,fusion_emb_057,1.2376590967178345,1.1920928955078125e-07,1.237658977508545,1.237658977508545
shuffled,w3,2013-10-20T19:00:00.000000000,fusion_emb_058,0.06384030729532242,0.0,0.06384030729532242,0.06384030729532242
shuffled,w3,2013-10-20T19:00:00.000000000,fusion_emb_059,-0.18161438405513763,0.0,-0.18161438405513763,-0.18161438405513763
shuffled,w3,2013-10-20T19:00:00.000000000,fusion_emb_060,0.6903576850891113,0.0,0.6903576850891113,0.6903576850891113
shuffled,w3,2013-10-20T19:00:00.000000000,fusion_emb_061,-0.29212507605552673,0.0,-0.29212507605552673,-0.29212507605552673
shuffled,w3,2013-10-20T19:00:00.000000000,fusion_emb_062,-0.5916138291358948,0.0,-0.5916138291358948,-0.5916138291358948
shuffled,w3,2013-10-20T19:00:00.000000000,fusion_emb_063,-0.00823636632412672,9.313225746154785e-10,-0.008236367255449295,-0.008236367255449295
shuffled,w4,2013-10-20T20:00:00.000000000,fusion_emb_000,0.9380314946174622,1.1920928955078125e-07,0.9380316138267517,0.9380316138267517
shuffled,w4,2013-10-20T20:00:00.000000000,fusion_emb_001,0.3865496814250946,2.9802322387695312e-08,0.3865496516227722,0.3865496516227722
shuffled,w4,2013-10-20T20:00:00.000000000,fusion_emb_002,1.0679179430007935,1.1920928955078125e-07,1.067918062210083,1.067918062210083
shuffled,w4,2013-10-20T20:00:00.000000000,fusion_emb_003,-0.08521600067615509,7.450580596923828e-09,-0.08521600812673569,-0.08521600812673569
shuffled,w4,2013-10-20T20:00:00.000000000,fusion_emb_004,-1.2531020641326904,1.1920928955078125e-07,-1.2531019449234009,-1.2531019449234009
shuffled,w4,2013-10-20T20:00:00.000000000,fusion_emb_005,0.6725322604179382,5.960464477539063e-08,0.672532320022583,0.672532320022583
shuffled,w4,2013-10-20T20:00:00.000000000,fusion_emb_006,-0.26410460472106934,5.960464477539063e-08,-0.2641046643257141,-0.2641046643257141
shuffled,w4,2013-10-20T20:00:00.000000000,fusion_emb_007,-0.019387030974030495,1.862645149230957e-09,-0.019387029111385345,-0.019387029111385345
shuffled,w4,2013-10-20T20:00:00.000000000,fusion_emb_008,0.16468362510204315,1.4901161193847656e-08,0.16468364000320435,0.16468364000320435
shuffled,w4,2013-10-20T20:00:00.000000000,fusion_emb_009,1.3683456182479858,1.1920928955078125e-07,1.3683457374572754,1.3683457374572754
shuffled,w4,2013-10-20T20:00:00.000000000,fusion_emb_010,0.2777740955352783,0.0,0.2777740955352783,0.2777740955352783
shuffled,w4,2013-10-20T20:00:00.000000000,fusion_emb_011,0.0016378859290853143,1.1641532182693481e-10,0.001637886045500636,0.001637886045500636
shuffled,w4,2013-10-20T20:00:00.000000000,fusion_emb_012,-0.1230255514383316,1.4901161193847656e-08,-0.1230255663394928,-0.1230255663394928
shuffled,w4,2013-10-20T20:00:00.000000000,fusion_emb_013,-0.7846564054489136,0.0,-0.7846564054489136,-0.7846564054489136
shuffled,w4,2013-10-20T20:00:00.000000000,fusion_emb_014,-0.5994700789451599,5.960464477539063e-08,-0.5994700193405151,-0.5994700193405151
shuffled,w4,2013-10-20T20:00:00.000000000,fusion_emb_015,-0.35385414958000183,0.0,-0.35385414958000183,-0.35385414958000183
shuffled,w4,2013-10-20T20:00:00.000000000,fusion_emb_016,0.3319251239299774,2.9802322387695312e-08,0.33192509412765503,0.33192509412765503
shuffled,w4,2013-10-20T20:00:00.000000000,fusion_emb_017,-0.217996284365654,1.4901161193847656e-08,-0.2179962694644928,-0.2179962694644928
shuffled,w4,2013-10-20T20:00:00.000000000,fusion_emb_018,-0.20972846448421478,0.0,-0.20972846448421478,-0.20972846448421478
shuffled,w4,2013-10-20T20:00:00.000000000,fusion_emb_019,-0.09902041405439377,7.450580596923828e-09,-0.09902040660381317,-0.09902040660381317
shuffled,w4,2013-10-20T20:00:00.000000000,fusion_emb_020,-0.31903648376464844,0.0,-0.31903648376464844,-0.31903648376464844
shuffled,w4,2013-10-20T20:00:00.000000000,fusion_emb_021,-0.6141527891159058,5.960464477539063e-08,-0.614152729511261,-0.614152729511261
shuffled,w4,2013-10-20T20:00:00.000000000,fusion_emb_022,-1.0690858364105225,1.1920928955078125e-07,-1.069085717201233,-1.069085717201233
shuffled,w4,2013-10-20T20:00:00.000000000,fusion_emb_023,0.7765918970108032,5.960464477539063e-08,0.776591956615448,0.776591956615448
shuffled,w4,2013-10-20T20:00:00.000000000,fusion_emb_024,0.2226678729057312,1.4901161193847656e-08,0.22266785800457,0.22266785800457
shuffled,w4,2013-10-20T20:00:00.000000000,fusion_emb_025,0.3554115295410156,0.0,0.3554115295410156,0.3554115295410156
shuffled,w4,2013-10-20T20:00:00.000000000,fusion_emb_026,-1.7265417575836182,2.384185791015625e-07,-1.7265419960021973,-1.7265419960021973
shuffled,w4,2013-10-20T20:00:00.000000000,fusion_emb_027,-0.8779029846191406,0.0,-0.8779029846191406,-0.8779029846191406
shuffled,w4,2013-10-20T20:00:00.000000000,fusion_emb_028,-0.10550433397293091,0.0,-0.10550433397293091,-0.10550433397293091
shuffled,w4,2013-10-20T20:00:00.000000000,fusion_emb_029,-0.5097218155860901,5.960464477539063e-08,-0.5097218751907349,-0.5097218751907349
shuffled,w4,2013-10-20T20:00:00.000000000,fusion_emb_030,0.1828012466430664,0.0,0.1828012466430664,0.1828012466430664
shuffled,w4,2013-10-20T20:00:00.000000000,fusion_emb_031,0.22197774052619934,1.4901161193847656e-08,0.22197775542736053,0.22197775542736053
shuffled,w4,2013-10-20T20:00:00.000000000,fusion_emb_032,-0.13260972499847412,2.9802322387695312e-08,-0.1326097548007965,-0.1326097548007965
shuffled,w4,2013-10-20T20:00:00.000000000,fusion_emb_033,0.5985247492790222,0.0,0.5985247492790222,0.5985247492790222
shuffled,w4,2013-10-20T20:00:00.000000000,fusion_emb_034,0.3939371705055237,2.9802322387695312e-08,0.39393720030784607,0.39393720030784607
shuffled,w4,2013-10-20T20:00:00.000000000,fusion_emb_035,-0.10857771337032318,1.4901161193847656e-08,-0.10857769846916199,-0.10857769846916199
shuffled,w4,2013-10-20T20:00:00.000000000,fusion_emb_036,0.8982653021812439,0.0,0.8982653021812439,0.8982653021812439
shuffled,w4,2013-10-20T20:00:00.000000000,fusion_emb_037,0.6099845170974731,5.960464477539063e-08,0.6099845767021179,0.6099845767021179
shuffled,w4,2013-10-20T20:00:00.000000000,fusion_emb_038,-0.07826167345046997,7.450580596923828e-09,-0.07826166599988937,-0.07826166599988937
shuffled,w4,2013-10-20T20:00:00.000000000,fusion_emb_039,-0.7935395836830139,5.960464477539063e-08,-0.7935396432876587,-0.7935396432876587
shuffled,w4,2013-10-20T20:00:00.000000000,fusion_emb_040,0.9578432440757751,5.960464477539063e-08,0.9578431844711304,0.9578431844711304
shuffled,w4,2013-10-20T20:00:00.000000000,fusion_emb_041,0.03240364044904709,3.725290298461914e-09,0.03240363672375679,0.03240363672375679
shuffled,w4,2013-10-20T20:00:00.000000000,fusion_emb_042,1.0624111890792847,1.1920928955078125e-07,1.0624110698699951,1.0624110698699951
shuffled,w4,2013-10-20T20:00:00.000000000,fusion_emb_043,-1.128862977027893,0.0,-1.128862977027893,-1.128862977027893
shuffled,w4,2013-10-20T20:00:00.000000000,fusion_emb_044,-0.306856244802475,2.9802322387695312e-08,-0.30685627460479736,-0.30685627460479736
shuffled,w4,2013-10-20T20:00:00.000000000,fusion_emb_045,0.7309766411781311,5.960464477539063e-08,0.7309767007827759,0.7309767007827759
shuffled,w4,2013-10-20T20:00:00.000000000,fusion_emb_046,-0.6582812070846558,5.960464477539063e-08,-0.658281147480011,-0.658281147480011
shuffled,w4,2013-10-20T20:00:00.000000000,fusion_emb_047,0.9050305485725403,5.960464477539063e-08,0.9050306081771851,0.9050306081771851
shuffled,w4,2013-10-20T20:00:00.000000000,fusion_emb_048,-0.3333530128002167,2.9802322387695312e-08,-0.3333529829978943,-0.3333529829978943
shuffled,w4,2013-10-20T20:00:00.000000000,fusion_emb_049,-1.634429693222046,1.1920928955078125e-07,-1.6344298124313354,-1.6344298124313354
shuffled,w4,2013-10-20T20:00:00.000000000,fusion_emb_050,-0.017090769484639168,1.862645149230957e-09,-0.017090771347284317,-0.017090771347284317
shuffled,w4,2013-10-20T20:00:00.000000000,fusion_emb_051,-0.05725044384598732,7.450580596923828e-09,-0.05725045129656792,-0.05725045129656792
shuffled,w4,2013-10-20T20:00:00.000000000,fusion_emb_052,-0.3206493854522705,0.0,-0.3206493854522705,-0.3206493854522705
shuffled,w4,2013-10-20T20:00:00.000000000,fusion_emb_053,-0.14344584941864014,2.9802322387695312e-08,-0.14344587922096252,-0.14344587922096252
shuffled,w4,2013-10-20T20:00:00.000000000,fusion_emb_054,0.5130230188369751,5.960464477539063e-08,0.5130230784416199,0.5130230784416199
shuffled,w4,2013-10-20T20:00:00.000000000,fusion_emb_055,0.2132510244846344,0.0,0.2132510244846344,0.2132510244846344
shuffled,w4,2013-10-20T20:00:00.000000000,fusion_emb_056,-0.10012070089578629,7.450580596923828e-09,-0.10012070834636688,-0.10012070834636688
shuffled,w4,2013-10-20T20:00:00.000000000,fusion_emb_057,1.4640552997589111,1.1920928955078125e-07,1.4640554189682007,1.4640554189682007
shuffled,w4,2013-10-20T20:00:00.000000000,fusion_emb_058,0.11537465453147888,7.450580596923828e-09,0.11537464708089828,0.11537464708089828
shuffled,w4,2013-10-20T20:00:00.000000000,fusion_emb_059,0.14812754094600677,1.4901161193847656e-08,0.14812752604484558,0.14812752604484558
shuffled,w4,2013-10-20T20:00:00.000000000,fusion_emb_060,0.3713419735431671,2.9802322387695312e-08,0.3713420033454895,0.3713420033454895
shuffled,w4,2013-10-20T20:00:00.000000000,fusion_emb_061,-0.5460324287414551,1.1920928955078125e-07,-0.5460323095321655,-0.5460323095321655
shuffled,w4,2013-10-20T20:00:00.000000000,fusion_emb_062,-0.5814394354820251,0.0,-0.5814394354820251,-0.5814394354820251
shuffled,w4,2013-10-20T20:00:00.000000000,fusion_emb_063,-0.0772985965013504,7.450580596923828e-09,-0.077298603951931,-0.077298603951931
shuffled,w5,2013-10-20T21:00:00.000000000,fusion_emb_000,1.1185953617095947,1.1920928955078125e-07,1.1185954809188843,1.1185954809188843
shuffled,w5,2013-10-20T21:00:00.000000000,fusion_emb_001,0.588189423084259,0.0,0.588189423084259,0.588189423084259
shuffled,w5,2013-10-20T21:00:00.000000000,fusion_emb_002,1.3453608751296997,1.1920928955078125e-07,1.3453609943389893,1.3453609943389893
shuffled,w5,2013-10-20T21:00:00.000000000,fusion_emb_003,-0.028708605095744133,1.862645149230957e-09,-0.028708603233098984,-0.028708603233098984
shuffled,w5,2013-10-20T21:00:00.000000000,fusion_emb_004,-1.2822630405426025,1.1920928955078125e-07,-1.282263159751892,-1.282263159751892
shuffled,w5,2013-10-20T21:00:00.000000000,fusion_emb_005,0.5207375288009644,5.960464477539063e-08,0.5207374691963196,0.5207374691963196
shuffled,w5,2013-10-20T21:00:00.000000000,fusion_emb_006,-0.5953019261360168,0.0,-0.5953019261360168,-0.5953019261360168
shuffled,w5,2013-10-20T21:00:00.000000000,fusion_emb_007,-0.02051142044365406,1.862645149230957e-09,-0.02051142230629921,-0.02051142230629921
shuffled,w5,2013-10-20T21:00:00.000000000,fusion_emb_008,0.1880427598953247,2.9802322387695312e-08,0.18804273009300232,0.18804273009300232
shuffled,w5,2013-10-20T21:00:00.000000000,fusion_emb_009,0.874936044216156,0.0,0.874936044216156,0.874936044216156
shuffled,w5,2013-10-20T21:00:00.000000000,fusion_emb_010,0.46167486906051636,2.9802322387695312e-08,0.46167489886283875,0.46167489886283875
shuffled,w5,2013-10-20T21:00:00.000000000,fusion_emb_011,-0.46796754002571106,2.9802322387695312e-08,-0.46796756982803345,-0.46796756982803345
shuffled,w5,2013-10-20T21:00:00.000000000,fusion_emb_012,-0.5175662040710449,0.0,-0.5175662040710449,-0.5175662040710449
shuffled,w5,2013-10-20T21:00:00.000000000,fusion_emb_013,-0.36022326350212097,0.0,-0.36022326350212097,-0.36022326350212097
shuffled,w5,2013-10-20T21:00:00.000000000,fusion_emb_014,-0.4076296389102936,2.9802322387695312e-08,-0.40762966871261597,-0.40762966871261597
shuffled,w5,2013-10-20T21:00:00.000000000,fusion_emb_015,-0.828643262386322,5.960464477539063e-08,-0.8286433219909668,-0.8286433219909668
shuffled,w5,2013-10-20T21:00:00.000000000,fusion_emb_016,0.2786775231361389,2.9802322387695312e-08,0.2786775529384613,0.2786775529384613
shuffled,w5,2013-10-20T21:00:00.000000000,fusion_emb_017,0.25889039039611816,2.9802322387695312e-08,0.2588903605937958,0.2588903605937958
shuffled,w5,2013-10-20T21:00:00.000000000,fusion_emb_018,0.028015652671456337,3.725290298461914e-09,0.028015656396746635,0.028015656396746635
shuffled,w5,2013-10-20T21:00:00.000000000,fusion_emb_019,0.0002730072883423418,0.0,0.0002730072883423418,0.0002730072883423418
shuffled,w5,2013-10-20T21:00:00.000000000,fusion_emb_020,0.1261753886938095,0.0,0.1261753886938095,0.1261753886938095
shuffled,w5,2013-10-20T21:00:00.000000000,fusion_emb_021,-0.4679168462753296,2.9802322387695312e-08,-0.4679168164730072,-0.4679168164730072
shuffled,w5,2013-10-20T21:00:00.000000000,fusion_emb_022,-1.0313942432403564,1.1920928955078125e-07,-1.031394362449646,-1.031394362449646
shuffled,w5,2013-10-20T21:00:00.000000000,fusion_emb_023,0.655066192150116,0.0,0.655066192150116,0.655066192150116
shuffled,w5,2013-10-20T21:00:00.000000000,fusion_emb_024,-0.3302934765815735,2.9802322387695312e-08,-0.3302935063838959,-0.3302935063838959
shuffled,w5,2013-10-20T21:00:00.000000000,fusion_emb_025,0.27981850504875183,2.9802322387695312e-08,0.27981847524642944,0.27981847524642944
shuffled,w5,2013-10-20T21:00:00.000000000,fusion_emb_026,-1.115327000617981,1.1920928955078125e-07,-1.1153271198272705,-1.1153271198272705
shuffled,w5,2013-10-20T21:00:00.000000000,fusion_emb_027,-0.5526760220527649,5.960464477539063e-08,-0.5526759624481201,-0.5526759624481201
shuffled,w5,2013-10-20T21:00:00.000000000,fusion_emb_028,-0.02359658107161522,0.0,-0.02359658107161522,-0.02359658107161522
shuffled,w5,2013-10-20T21:00:00.000000000,fusion_emb_029,-0.4292614459991455,0.0,-0.4292614459991455,-0.4292614459991455
shuffled,w5,2013-10-20T21:00:00.000000000,fusion_emb_030,0.0072486428543925285,0.0,0.0072486428543925285,0.0072486428543925285
shuffled,w5,2013-10-20T21:00:00.000000000,fusion_emb_031,-0.12122346460819244,0.0,-0.12122346460819244,-0.12122346460819244
shuffled,w5,2013-10-20T21:00:00.000000000,fusion_emb_032,0.14177405834197998,2.9802322387695312e-08,0.14177408814430237,0.14177408814430237
shuffled,w5,2013-10-20T21:00:00.000000000,fusion_emb_033,0.7577017545700073,0.0,0.7577017545700073,0.7577017545700073
shuffled,w5,2013-10-20T21:00:00.000000000,fusion_emb_034,0.3779657483100891,2.9802322387695312e-08,0.3779657781124115,0.3779657781124115
shuffled,w5,2013-10-20T21:00:00.000000000,fusion_emb_035,-0.44489961862564087,5.960464477539063e-08,-0.44489967823028564,-0.44489967823028564
shuffled,w5,2013-10-20T21:00:00.000000000,fusion_emb_036,0.5074882507324219,0.0,0.5074882507324219,0.5074882507324219
shuffled,w5,2013-10-20T21:00:00.000000000,fusion_emb_037,0.4545515477657318,0.0,0.4545515477657318,0.4545515477657318
shuffled,w5,2013-10-20T21:00:00.000000000,fusion_emb_038,-0.5509147644042969,0.0,-0.5509147644042969,-0.5509147644042969
shuffled,w5,2013-10-20T21:00:00.000000000,fusion_emb_039,-0.754609227180481,5.960464477539063e-08,-0.7546092867851257,-0.7546092867851257
shuffled,w5,2013-10-20T21:00:00.000000000,fusion_emb_040,1.1130456924438477,2.384185791015625e-07,1.1130454540252686,1.1130454540252686
shuffled,w5,2013-10-20T21:00:00.000000000,fusion_emb_041,0.39755699038505554,2.9802322387695312e-08,0.39755696058273315,0.39755696058273315
shuffled,w5,2013-10-20T21:00:00.000000000,fusion_emb_042,1.4126414060592651,1.1920928955078125e-07,1.4126412868499756,1.4126412868499756
shuffled,w5,2013-10-20T21:00:00.000000000,fusion_emb_043,-1.0892505645751953,0.0,-1.0892505645751953,-1.0892505645751953
shuffled,w5,2013-10-20T21:00:00.000000000,fusion_emb_044,-0.29801884293556213,2.9802322387695312e-08,-0.29801881313323975,-0.29801881313323975
shuffled,w5,2013-10-20T21:00:00.000000000,fusion_emb_045,0.6443584561347961,5.960464477539063e-08,0.6443583965301514,0.6443583965301514
shuffled,w5,2013-10-20T21:00:00.000000000,fusion_emb_046,-0.5944246649742126,5.960464477539063e-08,-0.5944246053695679,-0.5944246053695679
shuffled,w5,2013-10-20T21:00:00.000000000,fusion_emb_047,0.667201042175293,0.0,0.667201042175293,0.667201042175293
shuffled,w5,2013-10-20T21:00:00.000000000,fusion_emb_048,-0.46193060278892517,0.0,-0.46193060278892517,-0.46193060278892517
shuffled,w5,2013-10-20T21:00:00.000000000,fusion_emb_049,-1.3991950750350952,1.1920928955078125e-07,-1.3991951942443848,-1.3991951942443848
shuffled,w5,2013-10-20T21:00:00.000000000,fusion_emb_050,-0.05144118517637253,0.0,-0.05144118517637253,-0.05144118517637253
shuffled,w5,2013-10-20T21:00:00.000000000,fusion_emb_051,-0.09676621109247208,7.450580596923828e-09,-0.09676620364189148,-0.09676620364189148
shuffled,w5,2013-10-20T21:00:00.000000000,fusion_emb_052,0.20076516270637512,2.9802322387695312e-08,0.2007651925086975,0.2007651925086975
shuffled,w5,2013-10-20T21:00:00.000000000,fusion_emb_053,-0.5274704098701477,5.960464477539063e-08,-0.5274703502655029,-0.5274703502655029
shuffled,w5,2013-10-20T21:00:00.000000000,fusion_emb_054,0.6389843225479126,5.960464477539063e-08,0.6389843821525574,0.6389843821525574
shuffled,w5,2013-10-20T21:00:00.000000000,fusion_emb_055,0.44384270906448364,2.9802322387695312e-08,0.44384273886680603,0.44384273886680603
shuffled,w5,2013-10-20T21:00:00.000000000,fusion_emb_056,-0.5055532455444336,0.0,-0.5055532455444336,-0.5055532455444336
shuffled,w5,2013-10-20T21:00:00.000000000,fusion_emb_057,1.2062273025512695,2.384185791015625e-07,1.2062270641326904,1.2062270641326904
shuffled,w5,2013-10-20T21:00:00.000000000,fusion_emb_058,-0.10663031041622162,1.4901161193847656e-08,-0.10663029551506042,-0.10663029551506042
shuffled,w5,2013-10-20T21:00:00.000000000,fusion_emb_059,-0.22605006396770477,0.0,-0.22605006396770477,-0.22605006396770477
shuffled,w5,2013-10-20T21:00:00.000000000,fusion_emb_060,0.6794766783714294,0.0,0.6794766783714294,0.6794766783714294
shuffled,w5,2013-10-20T21:00:00.000000000,fusion_emb_061,-0.12284310907125473,7.450580596923828e-09,-0.12284310162067413,-0.12284310162067413
shuffled,w5,2013-10-20T21:00:00.000000000,fusion_emb_062,-0.3422258496284485,2.9802322387695312e-08,-0.3422258794307709,-0.3422258794307709
shuffled,w5,2013-10-20T21:00:00.000000000,fusion_emb_063,-0.29565754532814026,2.9802322387695312e-08,-0.29565751552581787,-0.29565751552581787
shuffled,w6,2013-10-20T22:00:00.000000000,fusion_emb_000,1.3597049713134766,0.0,1.3597049713134766,1.3597049713134766
shuffled,w6,2013-10-20T22:00:00.000000000,fusion_emb_001,0.5615594983100891,5.960464477539063e-08,0.5615594387054443,0.5615594387054443
shuffled,w6,2013-10-20T22:00:00.000000000,fusion_emb_002,1.1574729681015015,1.1920928955078125e-07,1.157473087310791,1.157473087310791
shuffled,w6,2013-10-20T22:00:00.000000000,fusion_emb_003,-0.27255892753601074,5.960464477539063e-08,-0.2725589871406555,-0.2725589871406555
shuffled,w6,2013-10-20T22:00:00.000000000,fusion_emb_004,-0.9708433747291565,5.960464477539063e-08,-0.9708434343338013,-0.9708434343338013
shuffled,w6,2013-10-20T22:00:00.000000000,fusion_emb_005,0.5024325251579285,0.0,0.5024325251579285,0.5024325251579285
shuffled,w6,2013-10-20T22:00:00.000000000,fusion_emb_006,-0.439837783575058,2.9802322387695312e-08,-0.4398377537727356,-0.4398377537727356
shuffled,w6,2013-10-20T22:00:00.000000000,fusion_emb_007,-0.15505173802375793,1.4901161193847656e-08,-0.15505175292491913,-0.15505175292491913
shuffled,w6,2013-10-20T22:00:00.000000000,fusion_emb_008,0.16927027702331543,0.0,0.16927027702331543,0.16927027702331543
shuffled,w6,2013-10-20T22:00:00.000000000,fusion_emb_009,1.0756970643997192,1.1920928955078125e-07,1.0756971836090088,1.0756971836090088
shuffled,w6,2013-10-20T22:00:00.000000000,fusion_emb_010,0.3530366122722626,2.9802322387695312e-08,0.3530365824699402,0.3530365824699402
shuffled,w6,2013-10-20T22:00:00.000000000,fusion_emb_011,-0.33536383509635925,0.0,-0.33536383509635925,-0.33536383509635925
shuffled,w6,2013-10-20T22:00:00.000000000,fusion_emb_012,-0.5621447563171387,1.1920928955078125e-07,-0.5621448755264282,-0.5621448755264282
shuffled,w6,2013-10-20T22:00:00.000000000,fusion_emb_013,-0.14207632839679718,0.0,-0.14207632839679718,-0.14207632839679718
shuffled,w6,2013-10-20T22:00:00.000000000,fusion_emb_014,-0.4805465042591095,5.960464477539063e-08,-0.4805465638637543,-0.4805465638637543
shuffled,w6,2013-10-20T22:00:00.000000000,fusion_emb_015,-0.6064876317977905,5.960464477539063e-08,-0.6064875721931458,-0.6064875721931458
shuffled,w6,2013-10-20T22:00:00.000000000,fusion_emb_016,0.2989521324634552,2.9802322387695312e-08,0.2989521622657776,0.2989521622657776
shuffled,w6,2013-10-20T22:00:00.000000000,fusion_emb_017,0.07699806243181229,0.0,0.07699806243181229,0.07699806243181229
shuffled,w6,2013-10-20T22:00:00.000000000,fusion_emb_018,-0.4677038788795471,2.9802322387695312e-08,-0.4677039086818695,-0.4677039086818695
shuffled,w6,2013-10-20T22:00:00.000000000,fusion_emb_019,-0.20802947878837585,0.0,-0.20802947878837585,-0.20802947878837585
shuffled,w6,2013-10-20T22:00:00.000000000,fusion_emb_020,-0.5015988945960999,0.0,-0.5015988945960999,-0.5015988945960999
shuffled,w6,2013-10-20T22:00:00.000000000,fusion_emb_021,-0.5929570198059082,0.0,-0.5929570198059082,-0.5929570198059082
shuffled,w6,2013-10-20T22:00:00.000000000,fusion_emb_022,-1.1110668182373047,0.0,-1.1110668182373047,-1.1110668182373047
shuffled,w6,2013-10-20T22:00:00.000000000,fusion_emb_023,0.7480897903442383,0.0,0.7480897903442383,0.7480897903442383
shuffled,w6,2013-10-20T22:00:00.000000000,fusion_emb_024,0.09893061220645905,0.0,0.09893061220645905,0.09893061220645905
shuffled,w6,2013-10-20T22:00:00.000000000,fusion_emb_025,0.5371606945991516,5.960464477539063e-08,0.5371606349945068,0.5371606349945068
shuffled,w6,2013-10-20T22:00:00.000000000,fusion_emb_026,-0.6128429174423218,5.960464477539063e-08,-0.612842857837677,-0.612842857837677
shuffled,w6,2013-10-20T22:00:00.000000000,fusion_emb_027,-0.5295359492301941,0.0,-0.5295359492301941,-0.5295359492301941
shuffled,w6,2013-10-20T22:00:00.000000000,fusion_emb_028,-0.07471847534179688,0.0,-0.07471847534179688,-0.07471847534179688
shuffled,w6,2013-10-20T22:00:00.000000000,fusion_emb_029,-0.3962819576263428,5.960464477539063e-08,-0.39628201723098755,-0.39628201723098755
shuffled,w6,2013-10-20T22:00:00.000000000,fusion_emb_030,0.0019827287178486586,0.0,0.0019827287178486586,0.0019827287178486586
shuffled,w6,2013-10-20T22:00:00.000000000,fusion_emb_031,0.0032170056365430355,0.0,0.0032170056365430355,0.0032170056365430355
shuffled,w6,2013-10-20T22:00:00.000000000,fusion_emb_032,0.05220349505543709,3.725290298461914e-09,0.052203498780727386,0.052203498780727386
shuffled,w6,2013-10-20T22:00:00.000000000,fusion_emb_033,0.7105550169944763,5.960464477539063e-08,0.7105549573898315,0.7105549573898315
shuffled,w6,2013-10-20T22:00:00.000000000,fusion_emb_034,0.3705916404724121,0.0,0.3705916404724121,0.3705916404724121
shuffled,w6,2013-10-20T22:00:00.000000000,fusion_emb_035,-0.43144041299819946,2.9802322387695312e-08,-0.43144044280052185,-0.43144044280052185
shuffled,w6,2013-10-20T22:00:00.000000000,fusion_emb_036,0.44569095969200134,0.0,0.44569095969200134,0.44569095969200134
shuffled,w6,2013-10-20T22:00:00.000000000,fusion_emb_037,0.27493736147880554,0.0,0.27493736147880554,0.27493736147880554
shuffled,w6,2013-10-20T22:00:00.000000000,fusion_emb_038,-0.3179383873939514,2.9802322387695312e-08,-0.3179384171962738,-0.3179384171962738
shuffled,w6,2013-10-20T22:00:00.000000000,fusion_emb_039,-0.5241718888282776,5.960464477539063e-08,-0.5241719484329224,-0.5241719484329224
shuffled,w6,2013-10-20T22:00:00.000000000,fusion_emb_040,0.584099292755127,0.0,0.584099292755127,0.584099292755127
shuffled,w6,2013-10-20T22:00:00.000000000,fusion_emb_041,0.4066447615623474,2.9802322387695312e-08,0.4066447913646698,0.4066447913646698
shuffled,w6,2013-10-20T22:00:00.000000000,fusion_emb_042,1.212936282157898,1.1920928955078125e-07,1.2129361629486084,1.2129361629486084
shuffled,w6,2013-10-20T22:00:00.000000000,fusion_emb_043,-1.098831057548523,1.1920928955078125e-07,-1.0988309383392334,-1.0988309383392334
shuffled,w6,2013-10-20T22:00:00.000000000,fusion_emb_044,0.02634374238550663,1.862645149230957e-09,0.02634374424815178,0.02634374424815178
shuffled,w6,2013-10-20T22:00:00.000000000,fusion_emb_045,0.8558720350265503,1.1920928955078125e-07,0.8558719158172607,0.8558719158172607
shuffled,w6,2013-10-20T22:00:00.000000000,fusion_emb_046,-0.5681331753730774,5.960464477539063e-08,-0.5681331157684326,-0.5681331157684326
shuffled,w6,2013-10-20T22:00:00.000000000,fusion_emb_047,1.0289850234985352,0.0,1.0289850234985352,1.0289850234985352
shuffled,w6,2013-10-20T22:00:00.000000000,fusion_emb_048,-0.30222558975219727,0.0,-0.30222558975219727,-0.30222558975219727
shuffled,w6,2013-10-20T22:00:00.000000000,fusion_emb_049,-1.4043980836868286,1.1920928955078125e-07,-1.4043982028961182,-1.4043982028961182
shuffled,w6,2013-10-20T22:00:00.000000000,fusion_emb_050,-0.3195447623729706,2.9802322387695312e-08,-0.3195447325706482,-0.3195447325706482
shuffled,w6,2013-10-20T22:00:00.000000000,fusion_emb_051,-0.23510321974754333,2.9802322387695312e-08,-0.23510324954986572,-0.23510324954986572
shuffled,w6,2013-10-20T22:00:00.000000000,fusion_emb_052,0.2113461196422577,1.4901161193847656e-08,0.21134613454341888,0.21134613454341888
shuffled,w6,2013-10-20T22:00:00.000000000,fusion_emb_053,-0.35529446601867676,5.960464477539063e-08,-0.355294406414032,-0.355294406414032
shuffled,w6,2013-10-20T22:00:00.000000000,fusion_emb_054,0.20034310221672058,2.9802322387695312e-08,0.2003430724143982,0.2003430724143982
shuffled,w6,2013-10-20T22:00:00.000000000,fusion_emb_055,0.21074768900871277,0.0,0.21074768900871277,0.21074768900871277
shuffled,w6,2013-10-20T22:00:00.000000000,fusion_emb_056,-0.11967479437589645,7.450580596923828e-09,-0.11967478692531586,-0.11967478692531586
shuffled,w6,2013-10-20T22:00:00.000000000,fusion_emb_057,1.0882806777954102,2.384185791015625e-07,1.088280439376831,1.088280439376831
shuffled,w6,2013-10-20T22:00:00.000000000,fusion_emb_058,0.16456176340579987,0.0,0.16456176340579987,0.16456176340579987
shuffled,w6,2013-10-20T22:00:00.000000000,fusion_emb_059,-0.21287177503108978,1.4901161193847656e-08,-0.2128717601299286,-0.2128717601299286
shuffled,w6,2013-10-20T22:00:00.000000000,fusion_emb_060,0.4165537655353546,5.960464477539063e-08,0.4165538251399994,0.4165538251399994
shuffled,w6,2013-10-20T22:00:00.000000000,fusion_emb_061,-0.2518707811832428,0.0,-0.2518707811832428,-0.2518707811832428
shuffled,w6,2013-10-20T22:00:00.000000000,fusion_emb_062,-0.4499360918998718,5.960464477539063e-08,-0.4499361515045166,-0.4499361515045166
shuffled,w6,2013-10-20T22:00:00.000000000,fusion_emb_063,-0.12895940244197845,1.4901161193847656e-08,-0.12895938754081726,-0.12895938754081726
shuffled,w7,2013-10-20T23:00:00.000000000,fusion_emb_000,0.7020516991615295,1.1920928955078125e-07,0.7020518183708191,0.7020518183708191
shuffled,w7,2013-10-20T23:00:00.000000000,fusion_emb_001,0.46609407663345337,2.9802322387695312e-08,0.46609410643577576,0.46609410643577576
shuffled,w7,2013-10-20T23:00:00.000000000,fusion_emb_002,1.4025410413742065,1.1920928955078125e-07,1.402540922164917,1.402540922164917
shuffled,w7,2013-10-20T23:00:00.000000000,fusion_emb_003,0.2677185833454132,2.9802322387695312e-08,0.2677186131477356,0.2677186131477356
shuffled,w7,2013-10-20T23:00:00.000000000,fusion_emb_004,-1.2542533874511719,0.0,-1.2542533874511719,-1.2542533874511719
shuffled,w7,2013-10-20T23:00:00.000000000,fusion_emb_005,0.4542006850242615,0.0,0.4542006850242615,0.4542006850242615
shuffled,w7,2013-10-20T23:00:00.000000000,fusion_emb_006,-0.636983335018158,0.0,-0.636983335018158,-0.636983335018158
shuffled,w7,2013-10-20T23:00:00.000000000,fusion_emb_007,0.1494361311197281,0.0,0.1494361311197281,0.1494361311197281
shuffled,w7,2013-10-20T23:00:00.000000000,fusion_emb_008,0.2324497550725937,1.4901161193847656e-08,0.23244976997375488,0.23244976997375488
shuffled,w7,2013-10-20T23:00:00.000000000,fusion_emb_009,0.45895665884017944,5.960464477539063e-08,0.45895659923553467,0.45895659923553467
shuffled,w7,2013-10-20T23:00:00.000000000,fusion_emb_010,0.39079639315605164,0.0,0.39079639315605164,0.39079639315605164
shuffled,w7,2013-10-20T23:00:00.000000000,fusion_emb_011,-0.6693059802055359,5.960464477539063e-08,-0.6693060398101807,-0.6693060398101807
shuffled,w7,2013-10-20T23:00:00.000000000,fusion_emb_012,-0.43988800048828125,0.0,-0.43988800048828125,-0.43988800048828125
shuffled,w7,2013-10-20T23:00:00.000000000,fusion_emb_013,-0.3854996860027313,0.0,-0.3854996860027313,-0.3854996860027313
shuffled,w7,2013-10-20T23:00:00.000000000,fusion_emb_014,-0.25948581099510193,2.9802322387695312e-08,-0.2594858407974243,-0.2594858407974243
shuffled,w7,2013-10-20T23:00:00.000000000,fusion_emb_015,-0.7830320000648499,5.960464477539063e-08,-0.7830319404602051,-0.7830319404602051
shuffled,w7,2013-10-20T23:00:00.000000000,fusion_emb_016,0.17222344875335693,0.0,0.17222344875335693,0.17222344875335693
shuffled,w7,2013-10-20T23:00:00.000000000,fusion_emb_017,0.35401150584220886,0.0,0.35401150584220886,0.35401150584220886
shuffled,w7,2013-10-20T23:00:00.000000000,fusion_emb_018,0.32523319125175476,2.9802322387695312e-08,0.3252331614494324,0.3252331614494324
shuffled,w7,2013-10-20T23:00:00.000000000,fusion_emb_019,0.2255440652370453,2.9802322387695312e-08,0.22554409503936768,0.22554409503936768
shuffled,w7,2013-10-20T23:00:00.000000000,fusion_emb_020,0.5758971571922302,5.960464477539063e-08,0.5758970975875854,0.5758970975875854
shuffled,w7,2013-10-20T23:00:00.000000000,fusion_emb_021,-0.22787311673164368,0.0,-0.22787311673164368,-0.22787311673164368
shuffled,w7,2013-10-20T23:00:00.000000000,fusion_emb_022,-0.8932307958602905,0.0,-0.8932307958602905,-0.8932307958602905
shuffled,w7,2013-10-20T23:00:00.000000000,fusion_emb_023,0.45036107301712036,0.0,0.45036107301712036,0.45036107301712036
shuffled,w7,2013-10-20T23:00:00.000000000,fusion_emb_024,-0.7024133801460266,5.960464477539063e-08,-0.7024133205413818,-0.7024133205413818
shuffled,w7,2013-10-20T23:00:00.000000000,fusion_emb_025,-0.03713950142264366,3.725290298461914e-09,-0.03713949769735336,-0.03713949769735336
shuffled,w7,2013-10-20T23:00:00.000000000,fusion_emb_026,-1.3011932373046875,0.0,-1.3011932373046875,-1.3011932373046875
shuffled,w7,2013-10-20T23:00:00.000000000,fusion_emb_027,-0.46570509672164917,5.960464477539063e-08,-0.46570515632629395,-0.46570515632629395
shuffled,w7,2013-10-20T23:00:00.000000000,fusion_emb_028,0.08590095490217209,0.0,0.08590095490217209,0.08590095490217209
shuffled,w7,2013-10-20T23:00:00.000000000,fusion_emb_029,-0.3163509964942932,2.9802322387695312e-08,-0.3163510262966156,-0.3163510262966156
shuffled,w7,2013-10-20T23:00:00.000000000,fusion_emb_030,0.009684576652944088,0.0,0.009684576652944088,0.009684576652944088
shuffled,w7,2013-10-20T23:00:00.000000000,fusion_emb_031,-0.32556891441345215,0.0,-0.32556891441345215,-0.32556891441345215
shuffled,w7,2013-10-20T23:00:00.000000000,fusion_emb_032,0.20450565218925476,0.0,0.20450565218925476,0.20450565218925476
shuffled,w7,2013-10-20T23:00:00.000000000,fusion_emb_033,0.501670777797699,5.960464477539063e-08,0.5016707181930542,0.5016707181930542
shuffled,w7,2013-10-20T23:00:00.000000000,fusion_emb_034,0.4833965301513672,0.0,0.4833965301513672,0.4833965301513672
shuffled,w7,2013-10-20T23:00:00.000000000,fusion_emb_035,-0.3541696071624756,0.0,-0.3541696071624756,-0.3541696071624756
shuffled,w7,2013-10-20T23:00:00.000000000,fusion_emb_036,0.43777337670326233,2.9802322387695312e-08,0.4377734065055847,0.4377734065055847
shuffled,w7,2013-10-20T23:00:00.000000000,fusion_emb_037,0.5783786773681641,0.0,0.5783786773681641,0.5783786773681641
shuffled,w7,2013-10-20T23:00:00.000000000,fusion_emb_038,-0.7193136215209961,0.0,-0.7193136215209961,-0.7193136215209961
shuffled,w7,2013-10-20T23:00:00.000000000,fusion_emb_039,-0.6246593594551086,5.960464477539063e-08,-0.6246592998504639,-0.6246592998504639
shuffled,w7,2013-10-20T23:00:00.000000000,fusion_emb_040,1.4481029510498047,0.0,1.4481029510498047,1.4481029510498047
shuffled,w7,2013-10-20T23:00:00.000000000,fusion_emb_041,0.2754065990447998,5.960464477539063e-08,0.2754066586494446,0.2754066586494446
shuffled,w7,2013-10-20T23:00:00.000000000,fusion_emb_042,1.6227093935012817,3.5762786865234375e-07,1.6227097511291504,1.6227097511291504
shuffled,w7,2013-10-20T23:00:00.000000000,fusion_emb_043,-0.8750344514846802,0.0,-0.8750344514846802,-0.8750344514846802
shuffled,w7,2013-10-20T23:00:00.000000000,fusion_emb_044,-0.5086612701416016,0.0,-0.5086612701416016,-0.5086612701416016
shuffled,w7,2013-10-20T23:00:00.000000000,fusion_emb_045,0.29863983392715454,2.9802322387695312e-08,0.29863986372947693,0.29863986372947693
shuffled,w7,2013-10-20T23:00:00.000000000,fusion_emb_046,-0.49537330865859985,0.0,-0.49537330865859985,-0.49537330865859985
shuffled,w7,2013-10-20T23:00:00.000000000,fusion_emb_047,0.28313207626342773,0.0,0.28313207626342773,0.28313207626342773
shuffled,w7,2013-10-20T23:00:00.000000000,fusion_emb_048,-0.561195433139801,0.0,-0.561195433139801,-0.561195433139801
shuffled,w7,2013-10-20T23:00:00.000000000,fusion_emb_049,-1.1958569288253784,1.1920928955078125e-07,-1.1958568096160889,-1.1958568096160889
shuffled,w7,2013-10-20T23:00:00.000000000,fusion_emb_050,0.21128104627132416,0.0,0.21128104627132416,0.21128104627132416
shuffled,w7,2013-10-20T23:00:00.000000000,fusion_emb_051,-0.02855025604367256,0.0,-0.02855025604367256,-0.02855025604367256
shuffled,w7,2013-10-20T23:00:00.000000000,fusion_emb_052,0.37581783533096313,2.9802322387695312e-08,0.3758178651332855,0.3758178651332855
shuffled,w7,2013-10-20T23:00:00.000000000,fusion_emb_053,-0.5804582238197327,0.0,-0.5804582238197327,-0.5804582238197327
shuffled,w7,2013-10-20T23:00:00.000000000,fusion_emb_054,0.789014458656311,5.960464477539063e-08,0.7890145182609558,0.7890145182609558
shuffled,w7,2013-10-20T23:00:00.000000000,fusion_emb_055,0.4333016574382782,2.9802322387695312e-08,0.4333016872406006,0.4333016872406006
shuffled,w7,2013-10-20T23:00:00.000000000,fusion_emb_056,-0.9341917634010315,1.7881393432617188e-07,-0.9341919422149658,-0.9341919422149658
shuffled,w7,2013-10-20T23:00:00.000000000,fusion_emb_057,0.965728759765625,0.0,0.965728759765625,0.965728759765625
shuffled,w7,2013-10-20T23:00:00.000000000,fusion_emb_058,-0.28960806131362915,2.9802322387695312e-08,-0.28960809111595154,-0.28960809111595154
shuffled,w7,2013-10-20T23:00:00.000000000,fusion_emb_059,-0.19512943923473358,1.4901161193847656e-08,-0.19512945413589478,-0.19512945413589478
shuffled,w7,2013-10-20T23:00:00.000000000,fusion_emb_060,0.8402718901634216,5.960464477539063e-08,0.8402718305587769,0.8402718305587769
shuffled,w7,2013-10-20T23:00:00.000000000,fusion_emb_061,-0.043126631528139114,3.725290298461914e-09,-0.043126627802848816,-0.043126627802848816
shuffled,w7,2013-10-20T23:00:00.000000000,fusion_emb_062,-0.10499520599842072,0.0,-0.10499520599842072,-0.10499520599842072
shuffled,w7,2013-10-20T23:00:00.000000000,fusion_emb_063,-0.360988050699234,2.9802322387695312e-08,-0.3609880208969116,-0.3609880208969116
zero,w0,2013-10-20T16:00:00.000000000,fusion_emb_000,0.0,0.0,0.0,0.0
zero,w0,2013-10-20T16:00:00.000000000,fusion_emb_001,0.0,0.0,0.0,0.0
zero,w0,2013-10-20T16:00:00.000000000,fusion_emb_002,0.0,0.0,0.0,0.0
zero,w0,2013-10-20T16:00:00.000000000,fusion_emb_003,0.0,0.0,0.0,0.0
zero,w0,2013-10-20T16:00:00.000000000,fusion_emb_004,0.0,0.0,0.0,0.0
zero,w0,2013-10-20T16:00:00.000000000,fusion_emb_005,0.0,0.0,0.0,0.0
zero,w0,2013-10-20T16:00:00.000000000,fusion_emb_006,0.0,0.0,0.0,0.0
zero,w0,2013-10-20T16:00:00.000000000,fusion_emb_007,0.0,0.0,0.0,0.0
zero,w0,2013-10-20T16:00:00.000000000,fusion_emb_008,0.0,0.0,0.0,0.0
zero,w0,2013-10-20T16:00:00.000000000,fusion_emb_009,0.0,0.0,0.0,0.0
zero,w0,2013-10-20T16:00:00.000000000,fusion_emb_010,0.0,0.0,0.0,0.0
zero,w0,2013-10-20T16:00:00.000000000,fusion_emb_011,0.0,0.0,0.0,0.0
zero,w0,2013-10-20T16:00:00.000000000,fusion_emb_012,0.0,0.0,0.0,0.0
zero,w0,2013-10-20T16:00:00.000000000,fusion_emb_013,0.0,0.0,0.0,0.0
zero,w0,2013-10-20T16:00:00.000000000,fusion_emb_014,0.0,0.0,0.0,0.0
zero,w0,2013-10-20T16:00:00.000000000,fusion_emb_015,0.0,0.0,0.0,0.0
zero,w0,2013-10-20T16:00:00.000000000,fusion_emb_016,0.0,0.0,0.0,0.0
zero,w0,2013-10-20T16:00:00.000000000,fusion_emb_017,0.0,0.0,0.0,0.0
zero,w0,2013-10-20T16:00:00.000000000,fusion_emb_018,0.0,0.0,0.0,0.0
zero,w0,2013-10-20T16:00:00.000000000,fusion_emb_019,0.0,0.0,0.0,0.0
zero,w0,2013-10-20T16:00:00.000000000,fusion_emb_020,0.0,0.0,0.0,0.0
zero,w0,2013-10-20T16:00:00.000000000,fusion_emb_021,0.0,0.0,0.0,0.0
zero,w0,2013-10-20T16:00:00.000000000,fusion_emb_022,0.0,0.0,0.0,0.0
zero,w0,2013-10-20T16:00:00.000000000,fusion_emb_023,0.0,0.0,0.0,0.0
zero,w0,2013-10-20T16:00:00.000000000,fusion_emb_024,0.0,0.0,0.0,0.0
zero,w0,2013-10-20T16:00:00.000000000,fusion_emb_025,0.0,0.0,0.0,0.0
zero,w0,2013-10-20T16:00:00.000000000,fusion_emb_026,0.0,0.0,0.0,0.0
zero,w0,2013-10-20T16:00:00.000000000,fusion_emb_027,0.0,0.0,0.0,0.0
zero,w0,2013-10-20T16:00:00.000000000,fusion_emb_028,0.0,0.0,0.0,0.0
zero,w0,2013-10-20T16:00:00.000000000,fusion_emb_029,0.0,0.0,0.0,0.0
zero,w0,2013-10-20T16:00:00.000000000,fusion_emb_030,0.0,0.0,0.0,0.0
zero,w0,2013-10-20T16:00:00.000000000,fusion_emb_031,0.0,0.0,0.0,0.0
zero,w0,2013-10-20T16:00:00.000000000,fusion_emb_032,0.0,0.0,0.0,0.0
zero,w0,2013-10-20T16:00:00.000000000,fusion_emb_033,0.0,0.0,0.0,0.0
zero,w0,2013-10-20T16:00:00.000000000,fusion_emb_034,0.0,0.0,0.0,0.0
zero,w0,2013-10-20T16:00:00.000000000,fusion_emb_035,0.0,0.0,0.0,0.0
zero,w0,2013-10-20T16:00:00.000000000,fusion_emb_036,0.0,0.0,0.0,0.0
zero,w0,2013-10-20T16:00:00.000000000,fusion_emb_037,0.0,0.0,0.0,0.0
zero,w0,2013-10-20T16:00:00.000000000,fusion_emb_038,0.0,0.0,0.0,0.0
zero,w0,2013-10-20T16:00:00.000000000,fusion_emb_039,0.0,0.0,0.0,0.0
zero,w0,2013-10-20T16:00:00.000000000,fusion_emb_040,0.0,0.0,0.0,0.0
zero,w0,2013-10-20T16:00:00.000000000,fusion_emb_041,0.0,0.0,0.0,0.0
zero,w0,2013-10-20T16:00:00.000000000,fusion_emb_042,0.0,0.0,0.0,0.0
zero,w0,2013-10-20T16:00:00.000000000,fusion_emb_043,0.0,0.0,0.0,0.0
zero,w0,2013-10-20T16:00:00.000000000,fusion_emb_044,0.0,0.0,0.0,0.0
zero,w0,2013-10-20T16:00:00.000000000,fusion_emb_045,0.0,0.0,0.0,0.0
zero,w0,2013-10-20T16:00:00.000000000,fusion_emb_046,0.0,0.0,0.0,0.0
zero,w0,2013-10-20T16:00:00.000000000,fusion_emb_047,0.0,0.0,0.0,0.0
zero,w0,2013-10-20T16:00:00.000000000,fusion_emb_048,0.0,0.0,0.0,0.0
zero,w0,2013-10-20T16:00:00.000000000,fusion_emb_049,0.0,0.0,0.0,0.0
zero,w0,2013-10-20T16:00:00.000000000,fusion_emb_050,0.0,0.0,0.0,0.0
zero,w0,2013-10-20T16:00:00.000000000,fusion_emb_051,0.0,0.0,0.0,0.0
zero,w0,2013-10-20T16:00:00.000000000,fusion_emb_052,0.0,0.0,0.0,0.0
zero,w0,2013-10-20T16:00:00.000000000,fusion_emb_053,0.0,0.0,0.0,0.0
zero,w0,2013-10-20T16:00:00.000000000,fusion_emb_054,0.0,0.0,0.0,0.0
zero,w0,2013-10-20T16:00:00.000000000,fusion_emb_055,0.0,0.0,0.0,0.0
zero,w0,2013-10-20T16:00:00.000000000,fusion_emb_056,0.0,0.0,0.0,0.0
zero,w0,2013-10-20T16:00:00.000000000,fusion_emb_057,0.0,0.0,0.0,0.0
zero,w0,2013-10-20T16:00:00.000000000,fusion_emb_058,0.0,0.0,0.0,0.0
zero,w0,2013-10-20T16:00:00.000000000,fusion_emb_059,0.0,0.0,0.0,0.0
zero,w0,2013-10-20T16:00:00.000000000,fusion_emb_060,0.0,0.0,0.0,0.0
zero,w0,2013-10-20T16:00:00.000000000,fusion_emb_061,0.0,0.0,0.0,0.0
zero,w0,2013-10-20T16:00:00.000000000,fusion_emb_062,0.0,0.0,0.0,0.0
zero,w0,2013-10-20T16:00:00.000000000,fusion_emb_063,0.0,0.0,0.0,0.0
zero,w1,2013-10-20T17:00:00.000000000,fusion_emb_000,0.0,0.0,0.0,0.0
zero,w1,2013-10-20T17:00:00.000000000,fusion_emb_001,0.0,0.0,0.0,0.0
zero,w1,2013-10-20T17:00:00.000000000,fusion_emb_002,0.0,0.0,0.0,0.0
zero,w1,2013-10-20T17:00:00.000000000,fusion_emb_003,0.0,0.0,0.0,0.0
zero,w1,2013-10-20T17:00:00.000000000,fusion_emb_004,0.0,0.0,0.0,0.0
zero,w1,2013-10-20T17:00:00.000000000,fusion_emb_005,0.0,0.0,0.0,0.0
zero,w1,2013-10-20T17:00:00.000000000,fusion_emb_006,0.0,0.0,0.0,0.0
zero,w1,2013-10-20T17:00:00.000000000,fusion_emb_007,0.0,0.0,0.0,0.0
zero,w1,2013-10-20T17:00:00.000000000,fusion_emb_008,0.0,0.0,0.0,0.0
zero,w1,2013-10-20T17:00:00.000000000,fusion_emb_009,0.0,0.0,0.0,0.0
zero,w1,2013-10-20T17:00:00.000000000,fusion_emb_010,0.0,0.0,0.0,0.0
zero,w1,2013-10-20T17:00:00.000000000,fusion_emb_011,0.0,0.0,0.0,0.0
zero,w1,2013-10-20T17:00:00.000000000,fusion_emb_012,0.0,0.0,0.0,0.0
zero,w1,2013-10-20T17:00:00.000000000,fusion_emb_013,0.0,0.0,0.0,0.0
zero,w1,2013-10-20T17:00:00.000000000,fusion_emb_014,0.0,0.0,0.0,0.0
zero,w1,2013-10-20T17:00:00.000000000,fusion_emb_015,0.0,0.0,0.0,0.0
zero,w1,2013-10-20T17:00:00.000000000,fusion_emb_016,0.0,0.0,0.0,0.0
zero,w1,2013-10-20T17:00:00.000000000,fusion_emb_017,0.0,0.0,0.0,0.0
zero,w1,2013-10-20T17:00:00.000000000,fusion_emb_018,0.0,0.0,0.0,0.0
zero,w1,2013-10-20T17:00:00.000000000,fusion_emb_019,0.0,0.0,0.0,0.0
zero,w1,2013-10-20T17:00:00.000000000,fusion_emb_020,0.0,0.0,0.0,0.0
zero,w1,2013-10-20T17:00:00.000000000,fusion_emb_021,0.0,0.0,0.0,0.0
zero,w1,2013-10-20T17:00:00.000000000,fusion_emb_022,0.0,0.0,0.0,0.0
zero,w1,2013-10-20T17:00:00.000000000,fusion_emb_023,0.0,0.0,0.0,0.0
zero,w1,2013-10-20T17:00:00.000000000,fusion_emb_024,0.0,0.0,0.0,0.0
zero,w1,2013-10-20T17:00:00.000000000,fusion_emb_025,0.0,0.0,0.0,0.0
zero,w1,2013-10-20T17:00:00.000000000,fusion_emb_026,0.0,0.0,0.0,0.0
zero,w1,2013-10-20T17:00:00.000000000,fusion_emb_027,0.0,0.0,0.0,0.0
zero,w1,2013-10-20T17:00:00.000000000,fusion_emb_028,0.0,0.0,0.0,0.0
zero,w1,2013-10-20T17:00:00.000000000,fusion_emb_029,0.0,0.0,0.0,0.0
zero,w1,2013-10-20T17:00:00.000000000,fusion_emb_030,0.0,0.0,0.0,0.0
zero,w1,2013-10-20T17:00:00.000000000,fusion_emb_031,0.0,0.0,0.0,0.0
zero,w1,2013-10-20T17:00:00.000000000,fusion_emb_032,0.0,0.0,0.0,0.0
zero,w1,2013-10-20T17:00:00.000000000,fusion_emb_033,0.0,0.0,0.0,0.0
zero,w1,2013-10-20T17:00:00.000000000,fusion_emb_034,0.0,0.0,0.0,0.0
zero,w1,2013-10-20T17:00:00.000000000,fusion_emb_035,0.0,0.0,0.0,0.0
zero,w1,2013-10-20T17:00:00.000000000,fusion_emb_036,0.0,0.0,0.0,0.0
zero,w1,2013-10-20T17:00:00.000000000,fusion_emb_037,0.0,0.0,0.0,0.0
zero,w1,2013-10-20T17:00:00.000000000,fusion_emb_038,0.0,0.0,0.0,0.0
zero,w1,2013-10-20T17:00:00.000000000,fusion_emb_039,0.0,0.0,0.0,0.0
zero,w1,2013-10-20T17:00:00.000000000,fusion_emb_040,0.0,0.0,0.0,0.0
zero,w1,2013-10-20T17:00:00.000000000,fusion_emb_041,0.0,0.0,0.0,0.0
zero,w1,2013-10-20T17:00:00.000000000,fusion_emb_042,0.0,0.0,0.0,0.0
zero,w1,2013-10-20T17:00:00.000000000,fusion_emb_043,0.0,0.0,0.0,0.0
zero,w1,2013-10-20T17:00:00.000000000,fusion_emb_044,0.0,0.0,0.0,0.0
zero,w1,2013-10-20T17:00:00.000000000,fusion_emb_045,0.0,0.0,0.0,0.0
zero,w1,2013-10-20T17:00:00.000000000,fusion_emb_046,0.0,0.0,0.0,0.0
zero,w1,2013-10-20T17:00:00.000000000,fusion_emb_047,0.0,0.0,0.0,0.0
zero,w1,2013-10-20T17:00:00.000000000,fusion_emb_048,0.0,0.0,0.0,0.0
zero,w1,2013-10-20T17:00:00.000000000,fusion_emb_049,0.0,0.0,0.0,0.0
zero,w1,2013-10-20T17:00:00.000000000,fusion_emb_050,0.0,0.0,0.0,0.0
zero,w1,2013-10-20T17:00:00.000000000,fusion_emb_051,0.0,0.0,0.0,0.0
zero,w1,2013-10-20T17:00:00.000000000,fusion_emb_052,0.0,0.0,0.0,0.0
zero,w1,2013-10-20T17:00:00.000000000,fusion_emb_053,0.0,0.0,0.0,0.0
zero,w1,2013-10-20T17:00:00.000000000,fusion_emb_054,0.0,0.0,0.0,0.0
zero,w1,2013-10-20T17:00:00.000000000,fusion_emb_055,0.0,0.0,0.0,0.0
zero,w1,2013-10-20T17:00:00.000000000,fusion_emb_056,0.0,0.0,0.0,0.0
zero,w1,2013-10-20T17:00:00.000000000,fusion_emb_057,0.0,0.0,0.0,0.0
zero,w1,2013-10-20T17:00:00.000000000,fusion_emb_058,0.0,0.0,0.0,0.0
zero,w1,2013-10-20T17:00:00.000000000,fusion_emb_059,0.0,0.0,0.0,0.0
zero,w1,2013-10-20T17:00:00.000000000,fusion_emb_060,0.0,0.0,0.0,0.0
zero,w1,2013-10-20T17:00:00.000000000,fusion_emb_061,0.0,0.0,0.0,0.0
zero,w1,2013-10-20T17:00:00.000000000,fusion_emb_062,0.0,0.0,0.0,0.0
zero,w1,2013-10-20T17:00:00.000000000,fusion_emb_063,0.0,0.0,0.0,0.0
zero,w2,2013-10-20T18:00:00.000000000,fusion_emb_000,0.0,0.0,0.0,0.0
zero,w2,2013-10-20T18:00:00.000000000,fusion_emb_001,0.0,0.0,0.0,0.0
zero,w2,2013-10-20T18:00:00.000000000,fusion_emb_002,0.0,0.0,0.0,0.0
zero,w2,2013-10-20T18:00:00.000000000,fusion_emb_003,0.0,0.0,0.0,0.0
zero,w2,2013-10-20T18:00:00.000000000,fusion_emb_004,0.0,0.0,0.0,0.0
zero,w2,2013-10-20T18:00:00.000000000,fusion_emb_005,0.0,0.0,0.0,0.0
zero,w2,2013-10-20T18:00:00.000000000,fusion_emb_006,0.0,0.0,0.0,0.0
zero,w2,2013-10-20T18:00:00.000000000,fusion_emb_007,0.0,0.0,0.0,0.0
zero,w2,2013-10-20T18:00:00.000000000,fusion_emb_008,0.0,0.0,0.0,0.0
zero,w2,2013-10-20T18:00:00.000000000,fusion_emb_009,0.0,0.0,0.0,0.0
zero,w2,2013-10-20T18:00:00.000000000,fusion_emb_010,0.0,0.0,0.0,0.0
zero,w2,2013-10-20T18:00:00.000000000,fusion_emb_011,0.0,0.0,0.0,0.0
zero,w2,2013-10-20T18:00:00.000000000,fusion_emb_012,0.0,0.0,0.0,0.0
zero,w2,2013-10-20T18:00:00.000000000,fusion_emb_013,0.0,0.0,0.0,0.0
zero,w2,2013-10-20T18:00:00.000000000,fusion_emb_014,0.0,0.0,0.0,0.0
zero,w2,2013-10-20T18:00:00.000000000,fusion_emb_015,0.0,0.0,0.0,0.0
zero,w2,2013-10-20T18:00:00.000000000,fusion_emb_016,0.0,0.0,0.0,0.0
zero,w2,2013-10-20T18:00:00.000000000,fusion_emb_017,0.0,0.0,0.0,0.0
zero,w2,2013-10-20T18:00:00.000000000,fusion_emb_018,0.0,0.0,0.0,0.0
zero,w2,2013-10-20T18:00:00.000000000,fusion_emb_019,0.0,0.0,0.0,0.0
zero,w2,2013-10-20T18:00:00.000000000,fusion_emb_020,0.0,0.0,0.0,0.0
zero,w2,2013-10-20T18:00:00.000000000,fusion_emb_021,0.0,0.0,0.0,0.0
zero,w2,2013-10-20T18:00:00.000000000,fusion_emb_022,0.0,0.0,0.0,0.0
zero,w2,2013-10-20T18:00:00.000000000,fusion_emb_023,0.0,0.0,0.0,0.0
zero,w2,2013-10-20T18:00:00.000000000,fusion_emb_024,0.0,0.0,0.0,0.0
zero,w2,2013-10-20T18:00:00.000000000,fusion_emb_025,0.0,0.0,0.0,0.0
zero,w2,2013-10-20T18:00:00.000000000,fusion_emb_026,0.0,0.0,0.0,0.0
zero,w2,2013-10-20T18:00:00.000000000,fusion_emb_027,0.0,0.0,0.0,0.0
zero,w2,2013-10-20T18:00:00.000000000,fusion_emb_028,0.0,0.0,0.0,0.0
zero,w2,2013-10-20T18:00:00.000000000,fusion_emb_029,0.0,0.0,0.0,0.0
zero,w2,2013-10-20T18:00:00.000000000,fusion_emb_030,0.0,0.0,0.0,0.0
zero,w2,2013-10-20T18:00:00.000000000,fusion_emb_031,0.0,0.0,0.0,0.0
zero,w2,2013-10-20T18:00:00.000000000,fusion_emb_032,0.0,0.0,0.0,0.0
zero,w2,2013-10-20T18:00:00.000000000,fusion_emb_033,0.0,0.0,0.0,0.0
zero,w2,2013-10-20T18:00:00.000000000,fusion_emb_034,0.0,0.0,0.0,0.0
zero,w2,2013-10-20T18:00:00.000000000,fusion_emb_035,0.0,0.0,0.0,0.0
zero,w2,2013-10-20T18:00:00.000000000,fusion_emb_036,0.0,0.0,0.0,0.0
zero,w2,2013-10-20T18:00:00.000000000,fusion_emb_037,0.0,0.0,0.0,0.0
zero,w2,2013-10-20T18:00:00.000000000,fusion_emb_038,0.0,0.0,0.0,0.0
zero,w2,2013-10-20T18:00:00.000000000,fusion_emb_039,0.0,0.0,0.0,0.0
zero,w2,2013-10-20T18:00:00.000000000,fusion_emb_040,0.0,0.0,0.0,0.0
zero,w2,2013-10-20T18:00:00.000000000,fusion_emb_041,0.0,0.0,0.0,0.0
zero,w2,2013-10-20T18:00:00.000000000,fusion_emb_042,0.0,0.0,0.0,0.0
zero,w2,2013-10-20T18:00:00.000000000,fusion_emb_043,0.0,0.0,0.0,0.0
zero,w2,2013-10-20T18:00:00.000000000,fusion_emb_044,0.0,0.0,0.0,0.0
zero,w2,2013-10-20T18:00:00.000000000,fusion_emb_045,0.0,0.0,0.0,0.0
zero,w2,2013-10-20T18:00:00.000000000,fusion_emb_046,0.0,0.0,0.0,0.0
zero,w2,2013-10-20T18:00:00.000000000,fusion_emb_047,0.0,0.0,0.0,0.0
zero,w2,2013-10-20T18:00:00.000000000,fusion_emb_048,0.0,0.0,0.0,0.0
zero,w2,2013-10-20T18:00:00.000000000,fusion_emb_049,0.0,0.0,0.0,0.0
zero,w2,2013-10-20T18:00:00.000000000,fusion_emb_050,0.0,0.0,0.0,0.0
zero,w2,2013-10-20T18:00:00.000000000,fusion_emb_051,0.0,0.0,0.0,0.0
zero,w2,2013-10-20T18:00:00.000000000,fusion_emb_052,0.0,0.0,0.0,0.0
zero,w2,2013-10-20T18:00:00.000000000,fusion_emb_053,0.0,0.0,0.0,0.0
zero,w2,2013-10-20T18:00:00.000000000,fusion_emb_054,0.0,0.0,0.0,0.0
zero,w2,2013-10-20T18:00:00.000000000,fusion_emb_055,0.0,0.0,0.0,0.0
zero,w2,2013-10-20T18:00:00.000000000,fusion_emb_056,0.0,0.0,0.0,0.0
zero,w2,2013-10-20T18:00:00.000000000,fusion_emb_057,0.0,0.0,0.0,0.0
zero,w2,2013-10-20T18:00:00.000000000,fusion_emb_058,0.0,0.0,0.0,0.0
zero,w2,2013-10-20T18:00:00.000000000,fusion_emb_059,0.0,0.0,0.0,0.0
zero,w2,2013-10-20T18:00:00.000000000,fusion_emb_060,0.0,0.0,0.0,0.0
zero,w2,2013-10-20T18:00:00.000000000,fusion_emb_061,0.0,0.0,0.0,0.0
zero,w2,2013-10-20T18:00:00.000000000,fusion_emb_062,0.0,0.0,0.0,0.0
zero,w2,2013-10-20T18:00:00.000000000,fusion_emb_063,0.0,0.0,0.0,0.0
zero,w3,2013-10-20T19:00:00.000000000,fusion_emb_000,0.0,0.0,0.0,0.0
zero,w3,2013-10-20T19:00:00.000000000,fusion_emb_001,0.0,0.0,0.0,0.0
zero,w3,2013-10-20T19:00:00.000000000,fusion_emb_002,0.0,0.0,0.0,0.0
zero,w3,2013-10-20T19:00:00.000000000,fusion_emb_003,0.0,0.0,0.0,0.0
zero,w3,2013-10-20T19:00:00.000000000,fusion_emb_004,0.0,0.0,0.0,0.0
zero,w3,2013-10-20T19:00:00.000000000,fusion_emb_005,0.0,0.0,0.0,0.0
zero,w3,2013-10-20T19:00:00.000000000,fusion_emb_006,0.0,0.0,0.0,0.0
zero,w3,2013-10-20T19:00:00.000000000,fusion_emb_007,0.0,0.0,0.0,0.0
zero,w3,2013-10-20T19:00:00.000000000,fusion_emb_008,0.0,0.0,0.0,0.0
zero,w3,2013-10-20T19:00:00.000000000,fusion_emb_009,0.0,0.0,0.0,0.0
zero,w3,2013-10-20T19:00:00.000000000,fusion_emb_010,0.0,0.0,0.0,0.0
zero,w3,2013-10-20T19:00:00.000000000,fusion_emb_011,0.0,0.0,0.0,0.0
zero,w3,2013-10-20T19:00:00.000000000,fusion_emb_012,0.0,0.0,0.0,0.0
zero,w3,2013-10-20T19:00:00.000000000,fusion_emb_013,0.0,0.0,0.0,0.0
zero,w3,2013-10-20T19:00:00.000000000,fusion_emb_014,0.0,0.0,0.0,0.0
zero,w3,2013-10-20T19:00:00.000000000,fusion_emb_015,0.0,0.0,0.0,0.0
zero,w3,2013-10-20T19:00:00.000000000,fusion_emb_016,0.0,0.0,0.0,0.0
zero,w3,2013-10-20T19:00:00.000000000,fusion_emb_017,0.0,0.0,0.0,0.0
zero,w3,2013-10-20T19:00:00.000000000,fusion_emb_018,0.0,0.0,0.0,0.0
zero,w3,2013-10-20T19:00:00.000000000,fusion_emb_019,0.0,0.0,0.0,0.0
zero,w3,2013-10-20T19:00:00.000000000,fusion_emb_020,0.0,0.0,0.0,0.0
zero,w3,2013-10-20T19:00:00.000000000,fusion_emb_021,0.0,0.0,0.0,0.0
zero,w3,2013-10-20T19:00:00.000000000,fusion_emb_022,0.0,0.0,0.0,0.0
zero,w3,2013-10-20T19:00:00.000000000,fusion_emb_023,0.0,0.0,0.0,0.0
zero,w3,2013-10-20T19:00:00.000000000,fusion_emb_024,0.0,0.0,0.0,0.0
zero,w3,2013-10-20T19:00:00.000000000,fusion_emb_025,0.0,0.0,0.0,0.0
zero,w3,2013-10-20T19:00:00.000000000,fusion_emb_026,0.0,0.0,0.0,0.0
zero,w3,2013-10-20T19:00:00.000000000,fusion_emb_027,0.0,0.0,0.0,0.0
zero,w3,2013-10-20T19:00:00.000000000,fusion_emb_028,0.0,0.0,0.0,0.0
zero,w3,2013-10-20T19:00:00.000000000,fusion_emb_029,0.0,0.0,0.0,0.0
zero,w3,2013-10-20T19:00:00.000000000,fusion_emb_030,0.0,0.0,0.0,0.0
zero,w3,2013-10-20T19:00:00.000000000,fusion_emb_031,0.0,0.0,0.0,0.0
zero,w3,2013-10-20T19:00:00.000000000,fusion_emb_032,0.0,0.0,0.0,0.0
zero,w3,2013-10-20T19:00:00.000000000,fusion_emb_033,0.0,0.0,0.0,0.0
zero,w3,2013-10-20T19:00:00.000000000,fusion_emb_034,0.0,0.0,0.0,0.0
zero,w3,2013-10-20T19:00:00.000000000,fusion_emb_035,0.0,0.0,0.0,0.0
zero,w3,2013-10-20T19:00:00.000000000,fusion_emb_036,0.0,0.0,0.0,0.0
zero,w3,2013-10-20T19:00:00.000000000,fusion_emb_037,0.0,0.0,0.0,0.0
zero,w3,2013-10-20T19:00:00.000000000,fusion_emb_038,0.0,0.0,0.0,0.0
zero,w3,2013-10-20T19:00:00.000000000,fusion_emb_039,0.0,0.0,0.0,0.0
zero,w3,2013-10-20T19:00:00.000000000,fusion_emb_040,0.0,0.0,0.0,0.0
zero,w3,2013-10-20T19:00:00.000000000,fusion_emb_041,0.0,0.0,0.0,0.0
zero,w3,2013-10-20T19:00:00.000000000,fusion_emb_042,0.0,0.0,0.0,0.0
zero,w3,2013-10-20T19:00:00.000000000,fusion_emb_043,0.0,0.0,0.0,0.0
zero,w3,2013-10-20T19:00:00.000000000,fusion_emb_044,0.0,0.0,0.0,0.0
zero,w3,2013-10-20T19:00:00.000000000,fusion_emb_045,0.0,0.0,0.0,0.0
zero,w3,2013-10-20T19:00:00.000000000,fusion_emb_046,0.0,0.0,0.0,0.0
zero,w3,2013-10-20T19:00:00.000000000,fusion_emb_047,0.0,0.0,0.0,0.0
zero,w3,2013-10-20T19:00:00.000000000,fusion_emb_048,0.0,0.0,0.0,0.0
zero,w3,2013-10-20T19:00:00.000000000,fusion_emb_049,0.0,0.0,0.0,0.0
zero,w3,2013-10-20T19:00:00.000000000,fusion_emb_050,0.0,0.0,0.0,0.0
zero,w3,2013-10-20T19:00:00.000000000,fusion_emb_051,0.0,0.0,0.0,0.0
zero,w3,2013-10-20T19:00:00.000000000,fusion_emb_052,0.0,0.0,0.0,0.0
zero,w3,2013-10-20T19:00:00.000000000,fusion_emb_053,0.0,0.0,0.0,0.0
zero,w3,2013-10-20T19:00:00.000000000,fusion_emb_054,0.0,0.0,0.0,0.0
zero,w3,2013-10-20T19:00:00.000000000,fusion_emb_055,0.0,0.0,0.0,0.0
zero,w3,2013-10-20T19:00:00.000000000,fusion_emb_056,0.0,0.0,0.0,0.0
zero,w3,2013-10-20T19:00:00.000000000,fusion_emb_057,0.0,0.0,0.0,0.0
zero,w3,2013-10-20T19:00:00.000000000,fusion_emb_058,0.0,0.0,0.0,0.0
zero,w3,2013-10-20T19:00:00.000000000,fusion_emb_059,0.0,0.0,0.0,0.0
zero,w3,2013-10-20T19:00:00.000000000,fusion_emb_060,0.0,0.0,0.0,0.0
zero,w3,2013-10-20T19:00:00.000000000,fusion_emb_061,0.0,0.0,0.0,0.0
zero,w3,2013-10-20T19:00:00.000000000,fusion_emb_062,0.0,0.0,0.0,0.0
zero,w3,2013-10-20T19:00:00.000000000,fusion_emb_063,0.0,0.0,0.0,0.0
zero,w4,2013-10-20T20:00:00.000000000,fusion_emb_000,0.0,0.0,0.0,0.0
zero,w4,2013-10-20T20:00:00.000000000,fusion_emb_001,0.0,0.0,0.0,0.0
zero,w4,2013-10-20T20:00:00.000000000,fusion_emb_002,0.0,0.0,0.0,0.0
zero,w4,2013-10-20T20:00:00.000000000,fusion_emb_003,0.0,0.0,0.0,0.0
zero,w4,2013-10-20T20:00:00.000000000,fusion_emb_004,0.0,0.0,0.0,0.0
zero,w4,2013-10-20T20:00:00.000000000,fusion_emb_005,0.0,0.0,0.0,0.0
zero,w4,2013-10-20T20:00:00.000000000,fusion_emb_006,0.0,0.0,0.0,0.0
zero,w4,2013-10-20T20:00:00.000000000,fusion_emb_007,0.0,0.0,0.0,0.0
zero,w4,2013-10-20T20:00:00.000000000,fusion_emb_008,0.0,0.0,0.0,0.0
zero,w4,2013-10-20T20:00:00.000000000,fusion_emb_009,0.0,0.0,0.0,0.0
zero,w4,2013-10-20T20:00:00.000000000,fusion_emb_010,0.0,0.0,0.0,0.0
zero,w4,2013-10-20T20:00:00.000000000,fusion_emb_011,0.0,0.0,0.0,0.0
zero,w4,2013-10-20T20:00:00.000000000,fusion_emb_012,0.0,0.0,0.0,0.0
zero,w4,2013-10-20T20:00:00.000000000,fusion_emb_013,0.0,0.0,0.0,0.0
zero,w4,2013-10-20T20:00:00.000000000,fusion_emb_014,0.0,0.0,0.0,0.0
zero,w4,2013-10-20T20:00:00.000000000,fusion_emb_015,0.0,0.0,0.0,0.0
zero,w4,2013-10-20T20:00:00.000000000,fusion_emb_016,0.0,0.0,0.0,0.0
zero,w4,2013-10-20T20:00:00.000000000,fusion_emb_017,0.0,0.0,0.0,0.0
zero,w4,2013-10-20T20:00:00.000000000,fusion_emb_018,0.0,0.0,0.0,0.0
zero,w4,2013-10-20T20:00:00.000000000,fusion_emb_019,0.0,0.0,0.0,0.0
zero,w4,2013-10-20T20:00:00.000000000,fusion_emb_020,0.0,0.0,0.0,0.0
zero,w4,2013-10-20T20:00:00.000000000,fusion_emb_021,0.0,0.0,0.0,0.0
zero,w4,2013-10-20T20:00:00.000000000,fusion_emb_022,0.0,0.0,0.0,0.0
zero,w4,2013-10-20T20:00:00.000000000,fusion_emb_023,0.0,0.0,0.0,0.0
zero,w4,2013-10-20T20:00:00.000000000,fusion_emb_024,0.0,0.0,0.0,0.0
zero,w4,2013-10-20T20:00:00.000000000,fusion_emb_025,0.0,0.0,0.0,0.0
zero,w4,2013-10-20T20:00:00.000000000,fusion_emb_026,0.0,0.0,0.0,0.0
zero,w4,2013-10-20T20:00:00.000000000,fusion_emb_027,0.0,0.0,0.0,0.0
zero,w4,2013-10-20T20:00:00.000000000,fusion_emb_028,0.0,0.0,0.0,0.0
zero,w4,2013-10-20T20:00:00.000000000,fusion_emb_029,0.0,0.0,0.0,0.0
zero,w4,2013-10-20T20:00:00.000000000,fusion_emb_030,0.0,0.0,0.0,0.0
zero,w4,2013-10-20T20:00:00.000000000,fusion_emb_031,0.0,0.0,0.0,0.0
zero,w4,2013-10-20T20:00:00.000000000,fusion_emb_032,0.0,0.0,0.0,0.0
zero,w4,2013-10-20T20:00:00.000000000,fusion_emb_033,0.0,0.0,0.0,0.0
zero,w4,2013-10-20T20:00:00.000000000,fusion_emb_034,0.0,0.0,0.0,0.0
zero,w4,2013-10-20T20:00:00.000000000,fusion_emb_035,0.0,0.0,0.0,0.0
zero,w4,2013-10-20T20:00:00.000000000,fusion_emb_036,0.0,0.0,0.0,0.0
zero,w4,2013-10-20T20:00:00.000000000,fusion_emb_037,0.0,0.0,0.0,0.0
zero,w4,2013-10-20T20:00:00.000000000,fusion_emb_038,0.0,0.0,0.0,0.0
zero,w4,2013-10-20T20:00:00.000000000,fusion_emb_039,0.0,0.0,0.0,0.0
zero,w4,2013-10-20T20:00:00.000000000,fusion_emb_040,0.0,0.0,0.0,0.0
zero,w4,2013-10-20T20:00:00.000000000,fusion_emb_041,0.0,0.0,0.0,0.0
zero,w4,2013-10-20T20:00:00.000000000,fusion_emb_042,0.0,0.0,0.0,0.0
zero,w4,2013-10-20T20:00:00.000000000,fusion_emb_043,0.0,0.0,0.0,0.0
zero,w4,2013-10-20T20:00:00.000000000,fusion_emb_044,0.0,0.0,0.0,0.0
zero,w4,2013-10-20T20:00:00.000000000,fusion_emb_045,0.0,0.0,0.0,0.0
zero,w4,2013-10-20T20:00:00.000000000,fusion_emb_046,0.0,0.0,0.0,0.0
zero,w4,2013-10-20T20:00:00.000000000,fusion_emb_047,0.0,0.0,0.0,0.0
zero,w4,2013-10-20T20:00:00.000000000,fusion_emb_048,0.0,0.0,0.0,0.0
zero,w4,2013-10-20T20:00:00.000000000,fusion_emb_049,0.0,0.0,0.0,0.0
zero,w4,2013-10-20T20:00:00.000000000,fusion_emb_050,0.0,0.0,0.0,0.0
zero,w4,2013-10-20T20:00:00.000000000,fusion_emb_051,0.0,0.0,0.0,0.0
zero,w4,2013-10-20T20:00:00.000000000,fusion_emb_052,0.0,0.0,0.0,0.0
zero,w4,2013-10-20T20:00:00.000000000,fusion_emb_053,0.0,0.0,0.0,0.0
zero,w4,2013-10-20T20:00:00.000000000,fusion_emb_054,0.0,0.0,0.0,0.0
zero,w4,2013-10-20T20:00:00.000000000,fusion_emb_055,0.0,0.0,0.0,0.0
zero,w4,2013-10-20T20:00:00.000000000,fusion_emb_056,0.0,0.0,0.0,0.0
zero,w4,2013-10-20T20:00:00.000000000,fusion_emb_057,0.0,0.0,0.0,0.0
zero,w4,2013-10-20T20:00:00.000000000,fusion_emb_058,0.0,0.0,0.0,0.0
zero,w4,2013-10-20T20:00:00.000000000,fusion_emb_059,0.0,0.0,0.0,0.0
zero,w4,2013-10-20T20:00:00.000000000,fusion_emb_060,0.0,0.0,0.0,0.0
zero,w4,2013-10-20T20:00:00.000000000,fusion_emb_061,0.0,0.0,0.0,0.0
zero,w4,2013-10-20T20:00:00.000000000,fusion_emb_062,0.0,0.0,0.0,0.0
zero,w4,2013-10-20T20:00:00.000000000,fusion_emb_063,0.0,0.0,0.0,0.0
zero,w5,2013-10-20T21:00:00.000000000,fusion_emb_000,0.0,0.0,0.0,0.0
zero,w5,2013-10-20T21:00:00.000000000,fusion_emb_001,0.0,0.0,0.0,0.0
zero,w5,2013-10-20T21:00:00.000000000,fusion_emb_002,0.0,0.0,0.0,0.0
zero,w5,2013-10-20T21:00:00.000000000,fusion_emb_003,0.0,0.0,0.0,0.0
zero,w5,2013-10-20T21:00:00.000000000,fusion_emb_004,0.0,0.0,0.0,0.0
zero,w5,2013-10-20T21:00:00.000000000,fusion_emb_005,0.0,0.0,0.0,0.0
zero,w5,2013-10-20T21:00:00.000000000,fusion_emb_006,0.0,0.0,0.0,0.0
zero,w5,2013-10-20T21:00:00.000000000,fusion_emb_007,0.0,0.0,0.0,0.0
zero,w5,2013-10-20T21:00:00.000000000,fusion_emb_008,0.0,0.0,0.0,0.0
zero,w5,2013-10-20T21:00:00.000000000,fusion_emb_009,0.0,0.0,0.0,0.0
zero,w5,2013-10-20T21:00:00.000000000,fusion_emb_010,0.0,0.0,0.0,0.0
zero,w5,2013-10-20T21:00:00.000000000,fusion_emb_011,0.0,0.0,0.0,0.0
zero,w5,2013-10-20T21:00:00.000000000,fusion_emb_012,0.0,0.0,0.0,0.0
zero,w5,2013-10-20T21:00:00.000000000,fusion_emb_013,0.0,0.0,0.0,0.0
zero,w5,2013-10-20T21:00:00.000000000,fusion_emb_014,0.0,0.0,0.0,0.0
zero,w5,2013-10-20T21:00:00.000000000,fusion_emb_015,0.0,0.0,0.0,0.0
zero,w5,2013-10-20T21:00:00.000000000,fusion_emb_016,0.0,0.0,0.0,0.0
zero,w5,2013-10-20T21:00:00.000000000,fusion_emb_017,0.0,0.0,0.0,0.0
zero,w5,2013-10-20T21:00:00.000000000,fusion_emb_018,0.0,0.0,0.0,0.0
zero,w5,2013-10-20T21:00:00.000000000,fusion_emb_019,0.0,0.0,0.0,0.0
zero,w5,2013-10-20T21:00:00.000000000,fusion_emb_020,0.0,0.0,0.0,0.0
zero,w5,2013-10-20T21:00:00.000000000,fusion_emb_021,0.0,0.0,0.0,0.0
zero,w5,2013-10-20T21:00:00.000000000,fusion_emb_022,0.0,0.0,0.0,0.0
zero,w5,2013-10-20T21:00:00.000000000,fusion_emb_023,0.0,0.0,0.0,0.0
zero,w5,2013-10-20T21:00:00.000000000,fusion_emb_024,0.0,0.0,0.0,0.0
zero,w5,2013-10-20T21:00:00.000000000,fusion_emb_025,0.0,0.0,0.0,0.0
zero,w5,2013-10-20T21:00:00.000000000,fusion_emb_026,0.0,0.0,0.0,0.0
zero,w5,2013-10-20T21:00:00.000000000,fusion_emb_027,0.0,0.0,0.0,0.0
zero,w5,2013-10-20T21:00:00.000000000,fusion_emb_028,0.0,0.0,0.0,0.0
zero,w5,2013-10-20T21:00:00.000000000,fusion_emb_029,0.0,0.0,0.0,0.0
zero,w5,2013-10-20T21:00:00.000000000,fusion_emb_030,0.0,0.0,0.0,0.0
zero,w5,2013-10-20T21:00:00.000000000,fusion_emb_031,0.0,0.0,0.0,0.0
zero,w5,2013-10-20T21:00:00.000000000,fusion_emb_032,0.0,0.0,0.0,0.0
zero,w5,2013-10-20T21:00:00.000000000,fusion_emb_033,0.0,0.0,0.0,0.0
zero,w5,2013-10-20T21:00:00.000000000,fusion_emb_034,0.0,0.0,0.0,0.0
zero,w5,2013-10-20T21:00:00.000000000,fusion_emb_035,0.0,0.0,0.0,0.0
zero,w5,2013-10-20T21:00:00.000000000,fusion_emb_036,0.0,0.0,0.0,0.0
zero,w5,2013-10-20T21:00:00.000000000,fusion_emb_037,0.0,0.0,0.0,0.0
zero,w5,2013-10-20T21:00:00.000000000,fusion_emb_038,0.0,0.0,0.0,0.0
zero,w5,2013-10-20T21:00:00.000000000,fusion_emb_039,0.0,0.0,0.0,0.0
zero,w5,2013-10-20T21:00:00.000000000,fusion_emb_040,0.0,0.0,0.0,0.0
zero,w5,2013-10-20T21:00:00.000000000,fusion_emb_041,0.0,0.0,0.0,0.0
zero,w5,2013-10-20T21:00:00.000000000,fusion_emb_042,0.0,0.0,0.0,0.0
zero,w5,2013-10-20T21:00:00.000000000,fusion_emb_043,0.0,0.0,0.0,0.0
zero,w5,2013-10-20T21:00:00.000000000,fusion_emb_044,0.0,0.0,0.0,0.0
zero,w5,2013-10-20T21:00:00.000000000,fusion_emb_045,0.0,0.0,0.0,0.0
zero,w5,2013-10-20T21:00:00.000000000,fusion_emb_046,0.0,0.0,0.0,0.0
zero,w5,2013-10-20T21:00:00.000000000,fusion_emb_047,0.0,0.0,0.0,0.0
zero,w5,2013-10-20T21:00:00.000000000,fusion_emb_048,0.0,0.0,0.0,0.0
zero,w5,2013-10-20T21:00:00.000000000,fusion_emb_049,0.0,0.0,0.0,0.0
zero,w5,2013-10-20T21:00:00.000000000,fusion_emb_050,0.0,0.0,0.0,0.0
zero,w5,2013-10-20T21:00:00.000000000,fusion_emb_051,0.0,0.0,0.0,0.0
zero,w5,2013-10-20T21:00:00.000000000,fusion_emb_052,0.0,0.0,0.0,0.0
zero,w5,2013-10-20T21:00:00.000000000,fusion_emb_053,0.0,0.0,0.0,0.0
zero,w5,2013-10-20T21:00:00.000000000,fusion_emb_054,0.0,0.0,0.0,0.0
zero,w5,2013-10-20T21:00:00.000000000,fusion_emb_055,0.0,0.0,0.0,0.0
zero,w5,2013-10-20T21:00:00.000000000,fusion_emb_056,0.0,0.0,0.0,0.0
zero,w5,2013-10-20T21:00:00.000000000,fusion_emb_057,0.0,0.0,0.0,0.0
zero,w5,2013-10-20T21:00:00.000000000,fusion_emb_058,0.0,0.0,0.0,0.0
zero,w5,2013-10-20T21:00:00.000000000,fusion_emb_059,0.0,0.0,0.0,0.0
zero,w5,2013-10-20T21:00:00.000000000,fusion_emb_060,0.0,0.0,0.0,0.0
zero,w5,2013-10-20T21:00:00.000000000,fusion_emb_061,0.0,0.0,0.0,0.0
zero,w5,2013-10-20T21:00:00.000000000,fusion_emb_062,0.0,0.0,0.0,0.0
zero,w5,2013-10-20T21:00:00.000000000,fusion_emb_063,0.0,0.0,0.0,0.0
zero,w6,2013-10-20T22:00:00.000000000,fusion_emb_000,0.0,0.0,0.0,0.0
zero,w6,2013-10-20T22:00:00.000000000,fusion_emb_001,0.0,0.0,0.0,0.0
zero,w6,2013-10-20T22:00:00.000000000,fusion_emb_002,0.0,0.0,0.0,0.0
zero,w6,2013-10-20T22:00:00.000000000,fusion_emb_003,0.0,0.0,0.0,0.0
zero,w6,2013-10-20T22:00:00.000000000,fusion_emb_004,0.0,0.0,0.0,0.0
zero,w6,2013-10-20T22:00:00.000000000,fusion_emb_005,0.0,0.0,0.0,0.0
zero,w6,2013-10-20T22:00:00.000000000,fusion_emb_006,0.0,0.0,0.0,0.0
zero,w6,2013-10-20T22:00:00.000000000,fusion_emb_007,0.0,0.0,0.0,0.0
zero,w6,2013-10-20T22:00:00.000000000,fusion_emb_008,0.0,0.0,0.0,0.0
zero,w6,2013-10-20T22:00:00.000000000,fusion_emb_009,0.0,0.0,0.0,0.0
zero,w6,2013-10-20T22:00:00.000000000,fusion_emb_010,0.0,0.0,0.0,0.0
zero,w6,2013-10-20T22:00:00.000000000,fusion_emb_011,0.0,0.0,0.0,0.0
zero,w6,2013-10-20T22:00:00.000000000,fusion_emb_012,0.0,0.0,0.0,0.0
zero,w6,2013-10-20T22:00:00.000000000,fusion_emb_013,0.0,0.0,0.0,0.0
zero,w6,2013-10-20T22:00:00.000000000,fusion_emb_014,0.0,0.0,0.0,0.0
zero,w6,2013-10-20T22:00:00.000000000,fusion_emb_015,0.0,0.0,0.0,0.0
zero,w6,2013-10-20T22:00:00.000000000,fusion_emb_016,0.0,0.0,0.0,0.0
zero,w6,2013-10-20T22:00:00.000000000,fusion_emb_017,0.0,0.0,0.0,0.0
zero,w6,2013-10-20T22:00:00.000000000,fusion_emb_018,0.0,0.0,0.0,0.0
zero,w6,2013-10-20T22:00:00.000000000,fusion_emb_019,0.0,0.0,0.0,0.0
zero,w6,2013-10-20T22:00:00.000000000,fusion_emb_020,0.0,0.0,0.0,0.0
zero,w6,2013-10-20T22:00:00.000000000,fusion_emb_021,0.0,0.0,0.0,0.0
zero,w6,2013-10-20T22:00:00.000000000,fusion_emb_022,0.0,0.0,0.0,0.0
zero,w6,2013-10-20T22:00:00.000000000,fusion_emb_023,0.0,0.0,0.0,0.0
zero,w6,2013-10-20T22:00:00.000000000,fusion_emb_024,0.0,0.0,0.0,0.0
zero,w6,2013-10-20T22:00:00.000000000,fusion_emb_025,0.0,0.0,0.0,0.0
zero,w6,2013-10-20T22:00:00.000000000,fusion_emb_026,0.0,0.0,0.0,0.0
zero,w6,2013-10-20T22:00:00.000000000,fusion_emb_027,0.0,0.0,0.0,0.0
zero,w6,2013-10-20T22:00:00.000000000,fusion_emb_028,0.0,0.0,0.0,0.0
zero,w6,2013-10-20T22:00:00.000000000,fusion_emb_029,0.0,0.0,0.0,0.0
zero,w6,2013-10-20T22:00:00.000000000,fusion_emb_030,0.0,0.0,0.0,0.0
zero,w6,2013-10-20T22:00:00.000000000,fusion_emb_031,0.0,0.0,0.0,0.0
zero,w6,2013-10-20T22:00:00.000000000,fusion_emb_032,0.0,0.0,0.0,0.0
zero,w6,2013-10-20T22:00:00.000000000,fusion_emb_033,0.0,0.0,0.0,0.0
zero,w6,2013-10-20T22:00:00.000000000,fusion_emb_034,0.0,0.0,0.0,0.0
zero,w6,2013-10-20T22:00:00.000000000,fusion_emb_035,0.0,0.0,0.0,0.0
zero,w6,2013-10-20T22:00:00.000000000,fusion_emb_036,0.0,0.0,0.0,0.0
zero,w6,2013-10-20T22:00:00.000000000,fusion_emb_037,0.0,0.0,0.0,0.0
zero,w6,2013-10-20T22:00:00.000000000,fusion_emb_038,0.0,0.0,0.0,0.0
zero,w6,2013-10-20T22:00:00.000000000,fusion_emb_039,0.0,0.0,0.0,0.0
zero,w6,2013-10-20T22:00:00.000000000,fusion_emb_040,0.0,0.0,0.0,0.0
zero,w6,2013-10-20T22:00:00.000000000,fusion_emb_041,0.0,0.0,0.0,0.0
zero,w6,2013-10-20T22:00:00.000000000,fusion_emb_042,0.0,0.0,0.0,0.0
zero,w6,2013-10-20T22:00:00.000000000,fusion_emb_043,0.0,0.0,0.0,0.0
zero,w6,2013-10-20T22:00:00.000000000,fusion_emb_044,0.0,0.0,0.0,0.0
zero,w6,2013-10-20T22:00:00.000000000,fusion_emb_045,0.0,0.0,0.0,0.0
zero,w6,2013-10-20T22:00:00.000000000,fusion_emb_046,0.0,0.0,0.0,0.0
zero,w6,2013-10-20T22:00:00.000000000,fusion_emb_047,0.0,0.0,0.0,0.0
zero,w6,2013-10-20T22:00:00.000000000,fusion_emb_048,0.0,0.0,0.0,0.0
zero,w6,2013-10-20T22:00:00.000000000,fusion_emb_049,0.0,0.0,0.0,0.0
zero,w6,2013-10-20T22:00:00.000000000,fusion_emb_050,0.0,0.0,0.0,0.0
zero,w6,2013-10-20T22:00:00.000000000,fusion_emb_051,0.0,0.0,0.0,0.0
zero,w6,2013-10-20T22:00:00.000000000,fusion_emb_052,0.0,0.0,0.0,0.0
zero,w6,2013-10-20T22:00:00.000000000,fusion_emb_053,0.0,0.0,0.0,0.0
zero,w6,2013-10-20T22:00:00.000000000,fusion_emb_054,0.0,0.0,0.0,0.0
zero,w6,2013-10-20T22:00:00.000000000,fusion_emb_055,0.0,0.0,0.0,0.0
zero,w6,2013-10-20T22:00:00.000000000,fusion_emb_056,0.0,0.0,0.0,0.0
zero,w6,2013-10-20T22:00:00.000000000,fusion_emb_057,0.0,0.0,0.0,0.0
zero,w6,2013-10-20T22:00:00.000000000,fusion_emb_058,0.0,0.0,0.0,0.0
zero,w6,2013-10-20T22:00:00.000000000,fusion_emb_059,0.0,0.0,0.0,0.0
zero,w6,2013-10-20T22:00:00.000000000,fusion_emb_060,0.0,0.0,0.0,0.0
zero,w6,2013-10-20T22:00:00.000000000,fusion_emb_061,0.0,0.0,0.0,0.0
zero,w6,2013-10-20T22:00:00.000000000,fusion_emb_062,0.0,0.0,0.0,0.0
zero,w6,2013-10-20T22:00:00.000000000,fusion_emb_063,0.0,0.0,0.0,0.0
zero,w7,2013-10-20T23:00:00.000000000,fusion_emb_000,0.0,0.0,0.0,0.0
zero,w7,2013-10-20T23:00:00.000000000,fusion_emb_001,0.0,0.0,0.0,0.0
zero,w7,2013-10-20T23:00:00.000000000,fusion_emb_002,0.0,0.0,0.0,0.0
zero,w7,2013-10-20T23:00:00.000000000,fusion_emb_003,0.0,0.0,0.0,0.0
zero,w7,2013-10-20T23:00:00.000000000,fusion_emb_004,0.0,0.0,0.0,0.0
zero,w7,2013-10-20T23:00:00.000000000,fusion_emb_005,0.0,0.0,0.0,0.0
zero,w7,2013-10-20T23:00:00.000000000,fusion_emb_006,0.0,0.0,0.0,0.0
zero,w7,2013-10-20T23:00:00.000000000,fusion_emb_007,0.0,0.0,0.0,0.0
zero,w7,2013-10-20T23:00:00.000000000,fusion_emb_008,0.0,0.0,0.0,0.0
zero,w7,2013-10-20T23:00:00.000000000,fusion_emb_009,0.0,0.0,0.0,0.0
zero,w7,2013-10-20T23:00:00.000000000,fusion_emb_010,0.0,0.0,0.0,0.0
zero,w7,2013-10-20T23:00:00.000000000,fusion_emb_011,0.0,0.0,0.0,0.0
zero,w7,2013-10-20T23:00:00.000000000,fusion_emb_012,0.0,0.0,0.0,0.0
zero,w7,2013-10-20T23:00:00.000000000,fusion_emb_013,0.0,0.0,0.0,0.0
zero,w7,2013-10-20T23:00:00.000000000,fusion_emb_014,0.0,0.0,0.0,0.0
zero,w7,2013-10-20T23:00:00.000000000,fusion_emb_015,0.0,0.0,0.0,0.0
zero,w7,2013-10-20T23:00:00.000000000,fusion_emb_016,0.0,0.0,0.0,0.0
zero,w7,2013-10-20T23:00:00.000000000,fusion_emb_017,0.0,0.0,0.0,0.0
zero,w7,2013-10-20T23:00:00.000000000,fusion_emb_018,0.0,0.0,0.0,0.0
zero,w7,2013-10-20T23:00:00.000000000,fusion_emb_019,0.0,0.0,0.0,0.0
zero,w7,2013-10-20T23:00:00.000000000,fusion_emb_020,0.0,0.0,0.0,0.0
zero,w7,2013-10-20T23:00:00.000000000,fusion_emb_021,0.0,0.0,0.0,0.0
zero,w7,2013-10-20T23:00:00.000000000,fusion_emb_022,0.0,0.0,0.0,0.0
zero,w7,2013-10-20T23:00:00.000000000,fusion_emb_023,0.0,0.0,0.0,0.0
zero,w7,2013-10-20T23:00:00.000000000,fusion_emb_024,0.0,0.0,0.0,0.0
zero,w7,2013-10-20T23:00:00.000000000,fusion_emb_025,0.0,0.0,0.0,0.0
zero,w7,2013-10-20T23:00:00.000000000,fusion_emb_026,0.0,0.0,0.0,0.0
zero,w7,2013-10-20T23:00:00.000000000,fusion_emb_027,0.0,0.0,0.0,0.0
zero,w7,2013-10-20T23:00:00.000000000,fusion_emb_028,0.0,0.0,0.0,0.0
zero,w7,2013-10-20T23:00:00.000000000,fusion_emb_029,0.0,0.0,0.0,0.0
zero,w7,2013-10-20T23:00:00.000000000,fusion_emb_030,0.0,0.0,0.0,0.0
zero,w7,2013-10-20T23:00:00.000000000,fusion_emb_031,0.0,0.0,0.0,0.0
zero,w7,2013-10-20T23:00:00.000000000,fusion_emb_032,0.0,0.0,0.0,0.0
zero,w7,2013-10-20T23:00:00.000000000,fusion_emb_033,0.0,0.0,0.0,0.0
zero,w7,2013-10-20T23:00:00.000000000,fusion_emb_034,0.0,0.0,0.0,0.0
zero,w7,2013-10-20T23:00:00.000000000,fusion_emb_035,0.0,0.0,0.0,0.0
zero,w7,2013-10-20T23:00:00.000000000,fusion_emb_036,0.0,0.0,0.0,0.0
zero,w7,2013-10-20T23:00:00.000000000,fusion_emb_037,0.0,0.0,0.0,0.0
zero,w7,2013-10-20T23:00:00.000000000,fusion_emb_038,0.0,0.0,0.0,0.0
zero,w7,2013-10-20T23:00:00.000000000,fusion_emb_039,0.0,0.0,0.0,0.0
zero,w7,2013-10-20T23:00:00.000000000,fusion_emb_040,0.0,0.0,0.0,0.0
zero,w7,2013-10-20T23:00:00.000000000,fusion_emb_041,0.0,0.0,0.0,0.0
zero,w7,2013-10-20T23:00:00.000000000,fusion_emb_042,0.0,0.0,0.0,0.0
zero,w7,2013-10-20T23:00:00.000000000,fusion_emb_043,0.0,0.0,0.0,0.0
zero,w7,2013-10-20T23:00:00.000000000,fusion_emb_044,0.0,0.0,0.0,0.0
zero,w7,2013-10-20T23:00:00.000000000,fusion_emb_045,0.0,0.0,0.0,0.0
zero,w7,2013-10-20T23:00:00.000000000,fusion_emb_046,0.0,0.0,0.0,0.0
zero,w7,2013-10-20T23:00:00.000000000,fusion_emb_047,0.0,0.0,0.0,0.0
zero,w7,2013-10-20T23:00:00.000000000,fusion_emb_048,0.0,0.0,0.0,0.0
zero,w7,2013-10-20T23:00:00.000000000,fusion_emb_049,0.0,0.0,0.0,0.0
zero,w7,2013-10-20T23:00:00.000000000,fusion_emb_050,0.0,0.0,0.0,0.0
zero,w7,2013-10-20T23:00:00.000000000,fusion_emb_051,0.0,0.0,0.0,0.0
zero,w7,2013-10-20T23:00:00.000000000,fusion_emb_052,0.0,0.0,0.0,0.0
zero,w7,2013-10-20T23:00:00.000000000,fusion_emb_053,0.0,0.0,0.0,0.0
zero,w7,2013-10-20T23:00:00.000000000,fusion_emb_054,0.0,0.0,0.0,0.0
zero,w7,2013-10-20T23:00:00.000000000,fusion_emb_055,0.0,0.0,0.0,0.0
zero,w7,2013-10-20T23:00:00.000000000,fusion_emb_056,0.0,0.0,0.0,0.0
zero,w7,2013-10-20T23:00:00.000000000,fusion_emb_057,0.0,0.0,0.0,0.0
zero,w7,2013-10-20T23:00:00.000000000,fusion_emb_058,0.0,0.0,0.0,0.0
zero,w7,2013-10-20T23:00:00.000000000,fusion_emb_059,0.0,0.0,0.0,0.0
zero,w7,2013-10-20T23:00:00.000000000,fusion_emb_060,0.0,0.0,0.0,0.0
zero,w7,2013-10-20T23:00:00.000000000,fusion_emb_061,0.0,0.0,0.0,0.0
zero,w7,2013-10-20T23:00:00.000000000,fusion_emb_062,0.0,0.0,0.0,0.0
zero,w7,2013-10-20T23:00:00.000000000,fusion_emb_063,0.0,0.0,0.0,0.0
