,temperature_2m,dew_point_2m,surface_pressure,shortwave_radiation,cloud_cover,wind_speed_10m,precipitation,relative_humidity_2m
2017-01-01 00:00:00,11.518372,2.7997131,99991.47,207.82222,0.0,1.8197551,0.0,55.032776
2017-01-01 01:00:00,10.440399,3.323578,100053.766,52.8,0.018737793,2.0244658,0.0,61.351944
2017-01-01 02:00:00,9.402344,2.7976074,100091.586,0.0,0.0,1.8922563,0.0,63.367195
2017-01-01 03:00:00,8.734619,4.528839,100128.19,0.0,0.0,2.3329904,0.0,74.882416
2017-01-01 04:00:00,8.314636,5.292572,100156.41,0.0,0.0,1.8480902,0.0,81.25734
2017-01-01 05:00:00,7.5717773,4.976471,100149.516,0.0,0.0,1.7431986,0.0,83.61101
2017-01-01 06:00:00,7.802765,5.2466125,100158.266,0.0,0.02999878,1.6969316,0.0,83.86672
2017-01-01 07:00:00,8.367279,5.773651,100162.75,0.0,0.6437988,2.0525403,0.0,83.71566
2017-01-01 08:00:00,8.823761,6.5226746,100159.484,0.0,0.92926025,1.8456639,4.7683716e-07,85.47562
2017-01-01 09:00:00,9.116425,7.420471,100129.984,0.0,0.805542,2.0068498,0.0,89.125885
2017-01-01 10:00:00,9.684204,7.469208,100148.55,0.0,0.332489,2.57368,0.0,86.07198
2017-01-01 11:00:00,9.441223,7.4466248,100167.62,0.0,0.49438477,2.317706,1.4305115e-06,87.353745
2017-01-01 12:00:00,8.442047,6.7380066,100108.55,0.0,0.28567505,1.7551707,1.001358e-05,89.02124
2017-01-01 13:00:00,8.452698,6.7651367,100060.86,0.0,0.1625061,1.6985326,7.6293945e-06,89.122955
2017-01-01 14:00:00,8.448395,6.557007,100055.11,0.0,0.16619873,1.5975707,8.583069e-06,87.88236
2017-01-01 15:00:00,8.251556,5.6878967,100073.625,0.0,0.5510254,2.0594819,1.4305115e-06,83.87593
2017-01-01 16:00:00,8.540985,5.445648,100088.414,11.875556,0.5536804,2.1613963,5.722046e-06,80.87545
2017-01-01 17:00:00,8.775635,4.379364,100071.266,125.04889,0.2906189,2.534207,1.04904175e-05,73.89793
2017-01-01 18:00:00,9.294159,3.5801086,100132.58,266.13333,0.44174194,3.6263487,0.0,67.46119
2017-01-01 19:00:00,9.692139,3.0853577,100147.72,383.1111,0.3305664,4.030946,0.0,63.425083
2017-01-01 20:00:00,10.377991,3.32724,100102.01,435.36,0.24621582,4.229569,0.0,61.623947
2017-01-01 21:00:00,11.134094,2.1531372,100035.27,468.62222,0.12435913,4.705735,0.0,53.915123
2017-01-01 22:00:00,11.057587,2.9251404,100016.89,445.6,0.015625,4.654418,0.0,57.24618
2017-01-01 23:00:00,11.032837,2.7271118,99996.19,360.97778,0.07876587,4.768345,0.0,56.54077
2017-01-02 00:00:00,10.3741455,2.3365173,100032.6,198.11555,0.174469,4.334582,0.0,57.45815
2017-01-02 01:00:00,9.882599,2.5473938,100055.44,56.017776,0.39505005,3.7110157,0.0,60.27607
2017-01-02 02:00:00,9.301849,2.695984,100035.984,0.0,0.36566162,2.6440957,0.0,63.338837
2017-01-02 03:00:00,8.617767,3.1872253,100068.586,0.0,0.48382568,2.3781111,0.0,68.68159
2017-01-02 04:00:00,8.593292,3.7138367,100164.64,0.0,0.87002563,2.5043612,0.0,71.39958
2017-01-02 05:00:00,8.607941,4.055176,100198.03,0.0,1.0,2.4126725,9.536743e-07,73.06128
2017-01-02 06:00:00,8.658722,4.7155457,100199.766,0.0,1.0,1.9086736,6.341934e-05,76.25644
2017-01-02 07:00:00,8.287445,5.759857,100195.1,0.0,1.0,1.0498224,0.000114917755,84.08998
2017-01-02 08:00:00,8.810425,5.783539,100180.875,0.0,0.9531555,1.27275,0.000118255615,81.29683
2017-01-02 09:00:00,8.094696,5.5309143,100185.4,0.0,0.9812622,1.3194423,0.00016927719,83.85673
2017-01-02 10:00:00,6.495331,4.9726257,100245.45,0.0,1.0,1.0929961,0.00048065186,89.98989
2017-01-02 11:00:00,7.7344055,5.5624084,100252.87,0.0,0.964386,1.2597929,0.00019550323,86.12668
2017-01-02 12:00:00,6.854828,5.3329773,100248.14,0.0,0.98376465,1.1079662,0.00042819977,90.02256
2017-01-02 13:00:00,6.740753,5.010895,100229.58,0.0,0.96624756,1.6748048,0.0003671646,88.71993
2017-01-02 14:00:00,6.934906,5.502289,100213.234,0.0,0.98999023,1.4394073,0.0004081726,90.58805
2017-01-02 15:00:00,7.067627,5.474945,100233.445,0.0,0.98501587,1.7287713,0.0004887581,89.59722
2017-01-02 16:00:00,7.2566223,5.636444,100263.97,8.533334,1.0,1.5342177,0.00022792816,89.44147
2017-01-02 17:00:00,7.544464,5.6417847,100310.086,93.36889,0.9906311,1.3480582,0.00022506714,87.73149
2017-01-02 18:00:00,8.596802,6.173004,100361.39,199.46666,0.96875,1.7584167,8.4877014e-05,84.73099
2017-01-02 19:00:00,9.253021,5.6200867,100362.875,247.98222,0.9968872,2.0694575,0.00016212463,78.016525
2017-01-02 20:00:00,9.337982,5.177948,100340.84,290.15112,0.9906311,2.6923494,0.00012779236,75.22569
2017-01-02 21:00:00,9.761749,3.9786682,100303.67,204.24889,0.98934937,3.0849571,0.0001039505,67.2336
2017-01-02 22:00:00,9.925201,6.371063,100328.914,269.2089,0.8387451,3.0733728,8.106232e-05,78.54545
2017-01-02 23:00:00,10.310638,6.2688293,100326.336,199.82222,0.589386,2.7309957,9.059906e-05,76.0086
2017-01-03 00:00:00,10.398651,6.8609314,100324.36,147.00444,0.58255005,1.9721645,9.10759e-05,78.70532
2017-01-03 01:00:00,9.93158,6.4483337,100323.93,45.65333,0.569458,1.9683573,0.00046300888,78.93096
2017-01-03 02:00:00,9.598816,6.2102356,100372.76,0.0,0.6419678,1.7622193,0.00018310547,79.39864
2017-01-03 03:00:00,8.647675,7.1178894,100412.64,0.0,0.9406433,1.9314045,7.343292e-05,90.10814
2017-01-03 04:00:00,8.804169,7.272064,100434.69,0.0,0.9381714,2.2281408,4.5776367e-05,90.10554
2017-01-03 05:00:00,8.632355,7.169647,100441.375,0.0,0.97750854,2.2086356,0.000104904175,90.52195
2017-01-03 06:00:00,8.885468,7.5846863,100467.766,0.0,0.9549866,2.3806055,0.00021266937,91.54687
2017-01-03 07:00:00,9.409515,7.9996033,100535.27,0.0,1.0,1.9667342,0.00020265579,90.90339
2017-01-03 08:00:00,8.969635,7.6903076,100558.586,0.0,1.0,1.7533152,0.00010251999,91.68631
2017-01-03 09:00:00,8.884613,7.487091,100547.67,0.0,0.9981384,1.7750255,0.00016403198,90.94413
2017-01-03 10:00:00,9.092682,7.879242,100600.98,0.0,1.0,1.742749,0.00051164627,92.10647
2017-01-03 11:00:00,8.920685,7.872345,100596.82,0.0,1.0,2.223708,0.00068855286,93.13801
2017-01-03 12:00:00,9.434479,7.9000244,100525.25,0.0,1.0,2.6456685,0.0008459091,90.13799
2017-01-03 13:00:00,9.354095,8.288086,100502.516,0.0,1.0,3.1733034,0.0010790825,93.0491
2017-01-03 14:00:00,9.488922,8.206848,100451.17,0.0,1.0,3.3325617,0.0009012222,91.701935
2017-01-03 15:00:00,9.523468,7.8909607,100444.53,0.0,1.0,3.529085,0.00094747543,89.545044
2017-01-03 16:00:00,9.553467,8.034332,100374.8,2.0266666,1.0,4.2274404,0.0008854866,90.2408
2017-01-03 17:00:00,9.96048,8.534058,100320.516,23.644444,1.0,4.3262978,0.000729084,90.83951
2017-01-03 18:00:00,10.91803,9.485016,100367.766,68.01778,1.0,4.830208,0.00076532364,90.865036
2017-01-03 19:00:00,11.362946,9.975861,100327.28,58.488888,1.0,5.509738,0.000497818,91.17554
2017-01-03 20:00:00,11.831207,10.259125,100232.89,80.60445,1.0,5.9970484,0.00050640106,90.08681
2017-01-03 21:00:00,12.004974,9.94043,100112.52,114.18667,1.0,6.7859287,0.00040960312,87.1815
2017-01-03 22:00:00,11.795319,9.923035,100045.17,101.973335,1.0,5.6536136,0.00035715103,88.2926
2017-01-03 23:00:00,11.88797,9.976837,100025.64,62.02667,1.0,6.244022,0.0008177757,88.071205
2017-01-04 00:00:00,11.809357,10.316711,99968.61,47.04,1.0,6.6297,0.0014772415,90.56457
2017-01-04 01:00:00,12.052582,10.354584,99918.94,10.151111,1.0,6.8179035,0.0014133453,89.349205
2017-01-04 02:00:00,12.288025,10.670013,99933.766,0.0,1.0,6.8916717,0.0014457703,89.84529
2017-01-04 03:00:00,12.630188,11.415466,99958.16,0.0,1.0,6.95812,0.0013222694,92.30712
2017-01-04 04:00:00,12.796295,11.636688,99928.14,0.0,1.0,7.1813717,0.001326561,92.65371
2017-01-04 05:00:00,12.848114,11.596161,99938.33,0.0,1.0,7.2362485,0.0020112991,92.09276
2017-01-04 06:00:00,12.903717,11.715118,99907.734,0.0,1.0,6.9622808,0.002286911,92.48239
2017-01-04 07:00:00,12.68808,11.551483,99936.91,0.0,1.0,6.823701,0.0016112328,92.78887
2017-01-04 08:00:00,12.812286,11.721039,99923.484,0.0,1.0,6.6206455,0.0019416809,93.07404
2017-01-04 09:00:00,12.8403015,12.06842,99924.1,0.0,1.0,6.1821446,0.0018825531,95.0569
2017-01-04 10:00:00,13.00119,12.622009,99949.81,0.0,1.0,5.0630116,0.0018372536,97.54719
2017-01-04 11:00:00,13.031952,12.630402,99982.484,0.0,1.0,3.9886107,0.0015130043,97.40478
2017-01-04 12:00:00,12.986664,12.485291,99999.375,0.0,1.0,2.827256,0.0014672279,96.767784
2017-01-04 13:00:00,12.730072,12.223907,100017.6,0.0,1.0,1.7450244,0.00083971024,96.730896
2017-01-04 14:00:00,12.346527,11.887421,100028.96,0.0,1.0,1.5208166,0.0005812645,97.02202
2017-01-04 15:00:00,11.996674,11.553009,100101.97,0.0,1.0,1.683721,0.00042438507,97.11313
2017-01-04 16:00:00,11.731659,11.277893,100091.94,2.9866667,1.0,2.15884,0.00019741058,97.0422
2017-01-04 17:00:00,12.178955,11.684692,100123.516,41.52889,1.0,1.455664,6.389618e-05,96.7931
2017-01-04 18:00:00,12.373688,11.715271,100210.91,81.45778,1.0,1.2198157,9.727478e-05,95.7546
2017-01-04 19:00:00,12.435425,11.73587,100194.5,45.68889,1.0,1.0605372,0.0004930496,95.49684
2017-01-04 20:00:00,12.126801,11.281952,100181.22,78.346664,1.0,1.1775584,0.00031518936,94.57154
2017-01-04 21:00:00,11.9039,10.644012,100114.3,74.54222,1.0,1.2079494,0.00019931793,91.98779
2017-01-04 22:00:00,12.167053,10.445831,100110.5,87.36,1.0,2.6000414,8.678436e-05,89.219894
2017-01-04 23:00:00,11.760071,9.91452,100173.39,83.46667,1.0,2.6136265,0.00010681152,88.44783
2017-01-05 00:00:00,11.286255,9.362366,100142.44,26.72,1.0,2.2130406,0.00030994415,87.9426
2017-01-05 01:00:00,10.578278,8.584869,100056.91,8.355556,1.0,1.7245495,0.00046253204,87.46677
2017-01-05 02:00:00,10.1631775,8.338989,100030.89,0.0,1.0,1.1050614,0.00045394897,88.43839
2017-01-05 03:00:00,9.674866,8.538116,100069.93,0.0,1.0,1.7288445,0.00018787384,92.62138
2017-01-05 04:00:00,9.422455,8.040741,100083.016,0.0,1.0,2.448221,0.00010728836,91.07877
2017-01-05 05:00:00,9.35611,7.606964,100114.28,0.0,1.0,2.5876565,7.534027e-05,88.82249
2017-01-05 06:00:00,9.281158,7.4932556,100164.945,0.0,1.0,2.8371992,2.7656555e-05,88.58146
2017-01-05 07:00:00,9.078888,7.0920715,100163.92,0.0,1.0,2.549733,0.00064086914,87.36628
2017-01-05 08:00:00,9.051727,6.978424,100176.89,0.0,1.0,1.9893552,0.0002641678,86.847275
2017-01-05 09:00:00,8.878326,6.579895,100195.09,0.0,1.0,1.6277907,3.6239624e-05,85.497055
2017-01-05 10:00:00,8.197174,6.528656,100228.57,0.0,1.0,1.0538385,3.33786e-06,89.21892
2017-01-05 11:00:00,8.128113,5.985199,100213.58,0.0,0.9831238,1.2471819,4.7683716e-07,86.34052
2017-01-05 12:00:00,7.641815,4.9243164,100224.83,0.0,0.97940063,1.5960758,0.0,82.9104
2017-01-05 13:00:00,7.5045166,4.3677063,100260.62,0.0,0.90249634,1.5650078,0.0,80.49852
2017-01-05 14:00:00,7.244293,4.1125793,100291.84,0.0,0.9519043,1.5564476,0.0,80.49082
2017-01-05 15:00:00,6.9601746,1.60495,100310.84,0.0,0.9187622,1.7035029,0.0,68.7057
2017-01-05 16:00:00,6.908966,1.4004211,100375.516,12.444445,0.9580078,2.4187834,0.0,67.94408
2017-01-05 17:00:00,7.5449524,0.7728882,100448.086,136.35556,0.16937256,2.6990652,0.0,62.179237
2017-01-05 18:00:00,8.319794,0.5578308,100465.67,300.37332,0.023773193,3.1096547,0.0,58.07668
2017-01-05 19:00:00,8.658997,0.9822693,100473.69,428.44446,0.010650635,3.3062086,0.0,58.52103
2017-01-05 20:00:00,9.147675,0.69558716,100434.29,510.72,0.007507324,3.3583074,0.0,55.46327
2017-01-05 21:00:00,9.54892,0.092803955,100379.78,521.24445,0.0018615723,3.2600577,0.0,51.682354
2017-01-05 22:00:00,10.202942,0.65527344,100372.94,480.30222,0.020629883,3.1213348,0.0,51.520275
2017-01-05 23:00:00,10.141754,0.8708496,100394.08,372.58667,0.010620117,2.9879818,0.0,52.541977
2017-01-06 00:00:00,9.81369,0.9404602,100420.33,224.51555,0.0018920898,2.6128569,0.0,53.97903
2017-01-06 01:00:00,9.216583,2.034729,100422.34,65.653336,0.0,1.2996758,0.0,60.77477
2017-01-06 02:00:00,7.6148376,2.6980286,100476.89,0.0,0.0,1.6870086,0.0,71.02163
2017-01-06 03:00:00,7.097473,2.273346,100489.875,0.0,0.0,1.6061733,0.0,71.39016
2017-01-06 04:00:00,6.6627502,2.4837341,100497.67,0.0,0.0,1.8760653,0.0,74.6619
2017-01-06 05:00:00,5.4517517,2.0207214,100503.14,0.0,0.0,2.0070379,0.0,78.54315
2017-01-06 06:00:00,4.8401184,1.0325623,100554.81,0.0,0.0,1.646859,0.0,76.355286
2017-01-06 07:00:00,4.3978577,0.15447998,100602.03,0.0,0.0,1.4027907,0.0,73.91359
2017-01-06 08:00:00,4.3733826,-0.60739136,100613.92,0.0,0.0,1.6741589,0.0,70.05081
2017-01-06 09:00:00,3.7757263,-1.4724426,100573.84,0.0,0.0,2.0082862,0.0,68.57042
2017-01-06 10:00:00,2.7997437,-1.259491,100569.94,0.0,0.0,1.5183132,0.0,74.62227
2017-01-06 11:00:00,2.3970032,-1.6615295,100576.336,0.0,0.0,1.41361,0.0,74.55395
2017-01-06 12:00:00,2.1487732,-1.8118286,100556.47,0.0,0.0,1.07279,0.0,75.04895
2017-01-06 13:00:00,2.0885925,-2.0714417,100548.39,0.0,0.9398804,1.3654486,0.0,73.942635
2017-01-06 14:00:00,2.0689087,-1.8527527,100571.586,0.0,0.48739624,1.578128,0.0,75.25046
2017-01-06 15:00:00,2.4432068,-1.6369934,100592.44,0.0,0.265625,1.6215296,0.0,74.443504
2017-01-06 16:00:00,2.6850586,-1.2986145,100626.45,14.1866665,0.37756348,1.0914768,0.0,75.01648
2017-01-06 17:00:00,4.6135864,-0.11880493,100644.984,128.17778,0.49316406,1.4058207,0.0,71.377106
2017-01-06 18:00:00,5.5733337,0.0843811,100693.17,305.88443,0.75631714,1.4029272,0.0,67.75529
2017-01-06 19:00:00,6.727661,0.30319214,100692.266,426.27554,0.4526062,1.62918,0.0,63.56519
2017-01-06 20:00:00,7.797394,-0.03753662,100571.97,478.13333,0.00064086914,1.702472,0.0,57.637386
2017-01-06 21:00:00,9.435486,0.12872314,100446.27,519.87555,0.34762573,2.1088002,0.0,52.21376
2017-01-06 22:00:00,10.266266,0.4836731,100421.695,467.69778,0.98687744,2.2522228,0.0,50.67075
2017-01-06 23:00:00,10.309662,0.59591675,100357.89,337.76,0.9562378,2.0746665,0.0,50.93544
2017-01-07 00:00:00,10.306274,1.1424866,100363.336,182.88,0.9906006,1.2715809,0.0,52.993347
2017-01-07 01:00:00,9.454041,2.5855103,100431.75,47.004444,1.0,0.993437,0.0,62.203587
2017-01-07 02:00:00,10.22757,0.7048645,100342.49,0.035555556,1.0,1.5624468,0.0,51.61992
2017-01-07 03:00:00,9.891632,2.2965698,100362.31,0.0,1.0,1.433566,0.0,59.174168
2017-01-07 04:00:00,9.059235,3.3139038,100354.28,0.0,1.0,1.3635708,4.2915344e-05,67.26246
2017-01-07 05:00:00,8.805939,3.9896545,100374.45,0.0,1.0,1.1640813,9.2983246e-05,71.75832
2017-01-07 06:00:00,8.670807,4.176544,100384.69,0.0,1.0,1.1765668,0.000415802,73.37335
2017-01-07 07:00:00,8.889923,4.240204,100404.78,0.0,1.0,1.2576468,0.00033283234,72.61792
2017-01-07 08:00:00,9.122314,5.0747986,100335.94,0.0,1.0,2.658191,0.00033569336,75.7805
2017-01-07 09:00:00,9.079193,5.356537,100178.87,0.0,1.0,3.6875205,0.00020265579,77.50521
2017-01-07 10:00:00,9.320953,6.8087463,100149.484,0.0,1.0,3.342586,0.0001616478,84.29855
2017-01-07 11:00:00,9.028168,6.7395325,100050.3,0.0,1.0,3.2637465,0.00056791306,85.57061
2017-01-07 12:00:00,8.878326,6.837921,99978.8,0.0,1.0,3.5913692,0.0022087097,87.02674
2017-01-07 13:00:00,9.098724,7.09906,99900.11,0.0,1.0,3.8544366,0.0007338524,87.291275
2017-01-07 14:00:00,9.597687,7.684967,99885.24,0.0,1.0,5.2267246,0.0005207062,87.857765
2017-01-07 15:00:00,10.335236,8.493713,99861.14,0.0,1.0,6.2956038,0.00020647049,88.34935
2017-01-07 16:00:00,11.053009,9.362854,99905.5,3.271111,1.0,6.869449,0.00038957596,89.31692
2017-01-07 17:00:00,12.02597,10.432953,100006.875,23.68,1.0,7.0330734,0.0005502701,89.97543
2017-01-07 18:00:00,13.040436,11.422455,100092.336,85.72444,1.0,7.083924,0.0007572174,89.902016
2017-01-07 19:00:00,13.7170105,12.016876,100127.8,176.62222,1.0,6.4227653,0.00012207031,89.46694
2017-01-07 20:00:00,14.251923,12.591827,100106.08,113.35111,1.0,6.285574,0.00012397766,89.743835
2017-01-07 21:00:00,14.536591,13.102997,100085.984,128.83556,1.0,5.99526,0.00030136108,91.10499
2017-01-07 22:00:00,15.166046,14.255768,100118.83,112.01778,1.0,5.6107225,0.0003452301,94.29482
2017-01-07 23:00:00,15.12616,14.266541,100183.25,70.47111,1.0,4.6379185,0.0005450249,94.60302
2017-01-08 00:00:00,15.180847,14.2413025,100205.95,55.004444,1.0,3.9475882,0.00019264221,94.11692
2017-01-08 01:00:00,14.889587,14.091339,100218.67,20.231112,1.0,3.5098336,0.000104904175,94.97067
2017-01-08 02:00:00,14.71875,13.952454,100283.375,0.035555556,1.0,3.2671096,0.0004711151,95.16136
2017-01-08 03:00:00,14.187897,13.962067,100324.86,0.0,1.0,3.5655975,0.00058078766,98.54611
2017-01-08 04:00:00,13.868042,13.575714,100346.016,0.0,1.0,3.8817704,0.0008702278,98.116936
2017-01-08 05:00:00,13.716705,13.1250305,100359.234,0.0,1.0,3.880128,0.001490593,96.21668
2017-01-08 06:00:00,13.676117,12.843475,100332.67,0.0,1.0,4.1036334,0.0017957687,94.710754
2017-01-08 07:00:00,13.847504,12.822662,100332.39,0.0,1.0,3.8499908,0.0015735626,93.53378
2017-01-08 08:00:00,13.839874,12.832611,100271.94,0.0,1.0,3.5470533,0.004881859,93.64114
2017-01-08 09:00:00,13.896027,12.811188,100170.3,0.0,1.0,4.1267514,0.007906914,93.169395
2017-01-08 10:00:00,14.062653,12.832031,100109.71,0.0,1.0,4.2332325,0.004410267,92.29318
2017-01-08 11:00:00,14.586548,13.4548645,100002.09,0.0,1.0,6.645871,0.0022149086,92.92067
2017-01-08 12:00:00,15.310394,14.154388,99958.836,0.0,1.0,7.0930963,0.00020885468,92.812485
2017-01-08 13:00:00,15.195068,14.054718,99859.98,0.0,1.0,7.0076833,0.000118255615,92.90056
2017-01-08 14:00:00,15.25473,14.016022,99849.2,0.0,1.0,7.1752925,9.727478e-05,92.31296
2017-01-08 15:00:00,15.797882,13.691193,99854.125,0.0,1.0,7.6360235,0.00010108948,87.291306
2017-01-08 16:00:00,15.63382,13.299896,99883.12,3.057778,1.0,8.137792,0.00015354156,85.99295
2017-01-08 17:00:00,15.638214,13.174683,99953.984,36.871113,1.0,8.266385,0.00011634827,85.26894
2017-01-08 18:00:00,16.184753,13.647797,100022.0,77.297775,1.0,8.199645,0.00034618378,84.9198
2017-01-08 19:00:00,16.349762,14.576263,100034.42,108.28445,1.0,8.098262,0.0016889572,89.24472
2017-01-08 20:00:00,16.00418,14.818451,99969.48,47.288887,1.0,7.860305,0.004058838,92.67175
2017-01-08 21:00:00,15.999359,15.021332,99838.14,28.746666,1.0,8.024792,0.003528595,93.92
2017-01-08 22:00:00,15.628021,14.32132,99765.94,29.564444,1.0,7.396307,0.003713131,91.928894
2017-01-08 23:00:00,15.505585,13.996674,99767.0,17.564444,1.0,7.1189656,0.0037350655,90.724205
2017-01-09 00:00:00,15.2552185,13.599396,99800.625,12.284445,1.0,6.534746,0.003229618,89.84428
2017-01-09 01:00:00,15.150452,13.593109,99813.13,6.0444446,1.0,5.5387964,0.0036463737,90.41441
2017-01-09 02:00:00,15.333832,14.235565,99848.516,0.017777778,1.0,5.186591,0.002861023,93.16155
2017-01-09 03:00:00,14.8315735,14.370483,99899.28,0.0,1.0,4.8261323,0.0012116432,97.06578
2017-01-09 04:00:00,14.822449,14.416687,99948.78,0.0,1.0,4.121973,0.00074863434,97.413666
2017-01-09 05:00:00,14.527069,14.064453,99985.016,0.0,0.9981384,3.437121,0.0008096695,97.04935
2017-01-09 06:00:00,14.540924,13.980988,100037.66,0.0,1.0,3.1224408,0.0002155304,96.43883
2017-01-09 07:00:00,14.898224,14.190765,100063.92,0.0,1.0,3.3221655,0.00048732758,95.53152
2017-01-09 08:00:00,14.8020935,14.125458,100062.86,0.0,1.0,3.3731885,0.002363205,95.71937
2017-01-09 09:00:00,13.9427185,13.448853,100108.55,0.0,1.0,2.864261,0.0021438599,96.83872
2017-01-09 10:00:00,12.7083435,11.046661,100167.39,0.0,1.0,2.3609922,0.0017137527,89.61672
2017-01-09 11:00:00,12.214691,10.789642,100234.234,0.0,0.5649109,1.5450037,0.00028419495,91.00157
2017-01-09 12:00:00,11.645996,9.4861145,100243.02,0.0,0.9324951,3.009558,0.00045108795,86.59115
2017-01-09 13:00:00,11.856415,9.878204,100290.24,0.0,0.9968872,3.6711707,0.00033473969,87.67352
2017-01-09 14:00:00,11.80957,10.010712,100273.08,0.0,1.0,2.091909,7.009506e-05,88.72905
2017-01-09 15:00:00,11.751862,8.8836975,100338.59,0.0,0.90625,1.6037968,3.8146973e-06,82.56683
2017-01-09 16:00:00,11.483185,8.63974,100392.516,8.995556,1.0,1.3630067,1.4781952e-05,82.67152
2017-01-09 17:00:00,12.033051,9.257843,100518.766,73.884445,1.0,1.2141209,3.33786e-06,83.12079
2017-01-09 18:00:00,12.911499,9.585541,100599.63,207.60889,0.9874878,1.5006244,7.6293945e-06,80.210175
2017-01-09 19:00:00,13.723267,9.5468445,100581.78,320.28445,0.973114,2.4393137,0.00017261505,75.87552
2017-01-09 20:00:00,13.653778,9.796539,100522.81,366.54224,0.86553955,3.5512493,3.0040741e-05,77.507576
2017-01-09 21:00:00,14.310638,9.378296,100467.59,362.61334,0.9937134,4.504735,1.001358e-05,72.21523
2017-01-09 22:00:00,13.749573,9.279999,100493.11,219.62666,1.0,3.9816124,1.335144e-05,74.39838
2017-01-09 23:00:00,13.387207,9.243683,100444.92,129.2089,1.0,3.4273942,3.9100647e-05,75.98846
2017-01-10 00:00:00,13.249115,9.397125,100459.83,74.577774,1.0,3.2960262,9.584427e-05,77.472176
2017-01-10 01:00:00,12.881744,9.4236145,100466.72,22.311111,1.0,3.502398,0.00021648407,79.496544
2017-01-10 02:00:00,12.853851,9.755402,100422.5,0.07111111,1.0,3.7421062,0.00029468536,81.43674
2017-01-10 03:00:00,12.514069,10.445343,100454.984,0.0,1.0,3.5358617,0.00024032593,87.20489
2017-01-10 04:00:00,12.568878,10.685944,100434.984,0.0,1.0,3.8737159,0.00022888184,88.296524
2017-01-10 05:00:00,12.565216,10.775055,100393.266,0.0,1.0,4.3017693,0.00021457672,88.84322
2017-01-10 06:00:00,12.789124,10.980804,100443.83,0.0,1.0,4.473928,0.00024032593,88.754524
2017-01-10 07:00:00,12.870361,10.9921875,100438.586,0.0,1.0,4.5565014,0.00064849854,88.35042
2017-01-10 08:00:00,12.8116455,10.897308,100444.78,0.0,1.0,4.4070196,0.0009012222,88.13326
2017-01-10 09:00:00,12.438507,11.018707,100401.63,0.0,1.0,4.5810432,0.0010566711,91.04836
2017-01-10 10:00:00,12.794403,11.808014,100357.086,0.0,1.0,3.8355947,0.0010786057,93.719826
2017-01-10 11:00:00,12.958832,11.983368,100309.53,0.0,1.0,3.6687913,0.0013532639,93.79516
2017-01-10 12:00:00,12.719269,11.753967,100267.586,0.0,1.0,2.9528491,0.0013122559,93.846855
2017-01-10 13:00:00,12.585419,11.675232,100221.07,0.0,1.0,2.533649,0.0012636185,94.18305
2017-01-10 14:00:00,12.708069,11.826019,100145.734,0.0,1.0,3.104369,0.0006790161,94.36357
2017-01-10 15:00:00,12.790497,11.314636,100154.734,0.0,1.0,3.236633,0.0004014969,90.73423
2017-01-10 16:00:00,12.819,11.339386,100159.3,2.488889,1.0,3.819234,0.00088882446,90.71366
2017-01-10 17:00:00,12.9878845,11.495483,100118.94,14.364445,1.0,4.145488,0.0014500618,90.64858
2017-01-10 18:00:00,13.27359,11.955475,100132.95,23.502222,1.0,4.686245,0.0019025803,91.71707
2017-01-10 19:00:00,13.748871,12.461731,100105.37,68.35555,1.0,5.267214,0.0013074875,91.93329
2017-01-10 20:00:00,14.00412,12.626282,100013.555,50.986668,1.0,5.6209345,0.0010433197,91.40347
2017-01-10 21:00:00,14.041107,12.852386,99891.52,58.133335,1.0,6.3182263,0.0012607574,92.54552
2017-01-10 22:00:00,14.145752,12.897369,99780.2,88.35555,1.0,7.2495184,0.0013632774,92.190735
2017-01-10 23:00:00,13.976654,12.687714,99697.69,30.08,1.0,6.625506,0.0016179085,91.93613
2017-01-11 00:00:00,14.06427,12.875305,99612.81,20.853333,1.0,6.701541,0.0008301735,92.545334
2017-01-11 01:00:00,14.195862,12.877472,99473.69,19.395555,1.0,6.474842,0.000998497,91.77227
2017-01-11 02:00:00,14.251648,13.05069,99415.484,0.07111111,1.0,7.4866815,0.001955986,92.48324
2017-01-11 03:00:00,14.2621765,13.213684,99369.3,0.0,1.0,8.386708,0.004287243,93.40959
2017-01-11 04:00:00,13.952484,12.907257,99405.93,0.0,1.0,6.96435,0.0039482117,93.41419
2017-01-11 05:00:00,13.180481,11.909393,99472.086,0.0,1.0,5.696822,0.0014653206,91.99627
2017-01-11 06:00:00,12.901825,11.308868,99532.67,0.0,0.5124512,4.1226196,0.00023365021,90.04084
2017-01-11 07:00:00,12.596832,10.641113,99505.68,0.0,0.5732727,4.531816,0.00047159195,87.871956
2017-01-11 08:00:00,12.664642,10.869537,99537.88,0.0,0.98501587,6.1381693,0.001262188,88.82221
2017-01-11 09:00:00,12.1026,10.657745,99551.12,0.0,0.47558594,6.3689356,0.0013709068,90.874084
2017-01-11 10:00:00,11.438934,9.53009,99650.234,0.0,0.52682495,4.228169,0.0001707077,88.04516
2017-01-11 11:00:00,11.315521,9.542023,99663.08,0.0,0.8506775,2.7788868,0.00020074844,88.839
2017-01-11 12:00:00,11.030426,9.184601,99697.266,0.0,0.48880005,3.268586,0.0004620552,88.38367
2017-01-11 13:00:00,11.245331,9.321106,99665.766,0.0,0.77801514,3.8077364,0.00021743774,87.936966
2017-01-11 14:00:00,11.231171,9.253998,99731.266,0.0,0.6754761,3.487457,5.722046e-05,87.62275
2017-01-11 15:00:00,11.07547,8.5513,99796.06,0.0,0.4779358,3.0601315,1.9073486e-05,84.42912
2017-01-11 16:00:00,11.170166,8.331451,99869.44,11.342222,0.49554443,2.8083835,9.202957e-05,82.65915
2017-01-11 17:00:00,11.417694,8.619934,99951.07,116.08889,0.54803467,3.367375,8.201599e-05,82.919464
2017-01-11 18:00:00,11.905426,8.718658,100058.65,247.25333,0.42071533,3.0343251,6.866455e-05,80.82754
2017-01-11 19:00:00,12.035736,8.572052,100083.45,330.5778,0.5950928,3.1086154,0.00020599365,79.34498
2017-01-11 20:00:00,11.65567,8.6698,100102.7,377.38666,0.9737549,3.0892568,0.00012207031,81.90027
2017-01-11 21:00:00,11.700409,6.180542,100035.93,270.59555,0.99438477,3.03818,0.00019264221,68.88489
2017-01-11 22:00:00,11.70755,7.3575745,100039.36,284.28445,0.94436646,2.7706416,0.00024318695,74.650795
2017-01-11 23:00:00,11.488983,6.7445374,100054.6,271.04,0.7918701,2.2703304,0.0001487732,72.621056
2017-01-12 00:00:00,11.046722,6.6540527,100054.72,174.73778,0.77505493,1.800733,0.000415802,74.31798
2017-01-12 01:00:00,10.893524,6.6720276,100040.734,44.053333,0.944397,1.3603381,0.000104904175,75.171196
2017-01-12 02:00:00,10.306488,6.792206,100063.54,0.26666668,0.97125244,1.5088342,5.2452087e-05,78.81832
2017-01-12 03:00:00,9.726501,7.707184,100040.64,0.0,0.97750854,1.4536121,3.5762787e-05,87.23334
2017-01-12 04:00:00,10.165588,7.799225,99995.61,0.0,0.9781494,1.5812199,2.8133392e-05,85.23809
2017-01-12 05:00:00,9.763947,7.3268127,99965.19,0.0,0.9612427,1.6961838,8.583069e-06,84.783455
2017-01-12 06:00:00,9.489777,7.236725,99956.484,0.0,0.9406128,1.6388824,4.7683716e-07,85.82825
2017-01-12 07:00:00,9.120636,6.967499,99921.97,0.0,0.87628174,1.7467107,0.000623703,86.379875
2017-01-12 08:00:00,9.123657,6.963806,99874.234,0.0,0.95129395,1.3749057,0.00026226044,86.340416
2017-01-12 09:00:00,9.279816,7.3040466,99793.484,0.0,0.99435425,1.9017013,0.0007481575,87.45117
2017-01-12 10:00:00,9.075378,7.0636597,99834.4,0.0,1.0,0.73148006,0.0020575523,87.21701
2017-01-12 11:00:00,9.0746765,7.4379272,99756.484,0.0,1.0,1.2066803,0.003293991,89.48384
2017-01-12 12:00:00,8.986176,7.4492493,99755.984,0.0,1.0,0.898609,0.0024909973,90.08942
2017-01-12 13:00:00,8.727509,7.31485,99719.29,0.0,1.0,0.48095772,0.0013151169,90.83926
2017-01-12 14:00:00,8.681244,7.1834717,99750.5,0.0,0.97058105,1.348043,0.0005440712,90.3084
2017-01-12 15:00:00,8.479218,7.0582886,99799.83,0.0,0.89245605,2.0246887,0.0001988411,90.77053
2017-01-12 16:00:00,8.176239,6.6474304,99883.06,4.8533335,0.33859253,1.5005038,0.00017547607,90.07892
2017-01-12 17:00:00,8.1163025,6.6736145,99957.28,37.29778,0.32122803,2.0190368,0.00034618378,90.60947
2017-01-12 18:00:00,8.352386,7.085602,100065.69,83.55556,0.25628662,2.427819,0.0002450943,91.72596
2017-01-12 19:00:00,8.572876,7.481415,100090.66,335.12888,0.25500488,2.558749,0.00013017654,92.84586
2017-01-12 20:00:00,8.704102,6.8039246,100061.86,345.97333,0.54315186,2.2353609,0.00025606155,87.85241
2017-01-12 21:00:00,9.108795,5.7973022,100004.68,362.02667,0.59194946,2.261254,0.0001578331,79.751686
2017-01-12 22:00:00,10.222748,7.7469788,99996.0,287.46667,0.6092224,2.415714,0.00011444092,84.611206
2017-01-12 23:00:00,10.411011,7.782196,100034.734,258.66666,0.5154724,2.3065279,7.247925e-05,83.75478
2017-01-13 00:00:00,10.325653,7.330139,100081.36,177.08444,0.30355835,2.0031552,8.9645386e-05,81.67373
2017-01-13 01:00:00,9.6883545,6.4066467,100088.22,63.893333,0.2937622,0.9848814,6.866455e-05,79.99879
2017-01-13 02:00:00,10.039429,6.4544067,100155.72,0.42666668,0.3406372,0.7447912,4.7683716e-06,78.39577
2017-01-13 03:00:00,9.31839,6.5509644,100212.8,0.0,0.2437439,0.5743972,4.7683716e-07,82.83216
2017-01-13 04:00:00,9.477203,6.5220947,100253.0,0.0,0.25753784,0.5585923,4.7683716e-07,81.78923
2017-01-13 05:00:00,9.123749,6.3058167,100304.4,0.0,0.29003906,0.5668903,4.7683716e-07,82.52017
2017-01-13 06:00:00,9.199402,6.7173767,100369.484,0.0,0.2531433,0.63655776,4.7683716e-07,84.459656
2017-01-13 07:00:00,8.648895,6.604767,100391.34,0.0,0.29092407,0.8434383,4.7683716e-07,86.98237
2017-01-13 08:00:00,8.324738,6.712738,100439.24,0.0,0.19961548,1.2456697,0.0,89.576614
2017-01-13 09:00:00,7.9100647,7.3573914,100453.25,0.0,0.19708252,1.5476098,0.0,96.299736
2017-01-13 10:00:00,5.9706726,5.134674,100503.25,0.0,0.036224365,1.3035294,0.0,94.36584
2017-01-13 11:00:00,5.5727844,4.693512,100560.44,0.0,0.1958313,1.842543,0.0,94.06362
2017-01-13 12:00:00,5.5167236,4.420929,100597.914,0.0,0.20336914,2.0284367,0.0,92.64733
2017-01-13 13:00:00,5.800812,4.845978,100618.42,0.0,0.20397949,2.0744584,0.0,93.57974
2017-01-13 14:00:00,5.844818,4.656372,100649.74,0.0,0.23773193,1.7416937,0.0,92.068275
2017-01-13 15:00:00,5.3901367,4.484833,100714.016,0.0,0.29901123,1.0806326,0.0,93.884026
2017-01-13 16:00:00,5.9657288,4.867462,100740.15,12.835556,0.97802734,1.0057425,0.0,92.65686
2017-01-13 17:00:00,7.5169983,5.698456,100828.64,111.18222,1.0,0.7791109,0.0,88.24205
2017-01-13 18:00:00,8.422119,7.0007935,100930.66,248.03555,0.8668213,0.8439764,0.0,90.76406
2017-01-13 19:00:00,8.830292,5.7170105,100925.35,412.28445,0.18377686,1.1187547,0.0,80.814545
2017-01-13 20:00:00,9.901123,4.1822205,100905.97,489.5111,0.0,1.5700428,0.0,67.56681
2017-01-13 21:00:00,11.150696,2.298767,100834.86,538.3822,0.0,1.9452143,0.0,54.417553
2017-01-13 22:00:00,12.224823,3.0855103,100789.56,494.89777,0.0,2.2283878,0.0,53.60094
2017-01-13 23:00:00,12.185089,3.458313,100824.42,393.45776,0.007507324,1.9053478,0.0,55.175644
2017-01-14 00:00:00,12.419525,4.007965,100817.73,247.59111,0.0,1.2491724,0.0,56.47498
2017-01-14 01:00:00,11.79422,5.89151,100843.38,84.37334,0.0,1.4315984,0.0,67.10577
2017-01-14 02:00:00,10.946747,5.0940857,100850.42,0.8,0.0,1.7114602,0.0,67.15892
2017-01-14 03:00:00,9.054291,5.5961304,100847.72,0.0,0.0,2.1559145,0.0,78.937386
2017-01-14 04:00:00,8.730255,5.978668,100902.03,0.0,0.43429565,2.2846742,0.0,82.84961
2017-01-14 05:00:00,7.6919556,5.9236145,100964.97,0.0,0.9250183,1.8909953,0.0,88.5645
2017-01-14 06:00:00,9.087006,7.074768,100971.13,0.0,0.7805786,1.1789527,0.0,87.215004
2017-01-14 07:00:00,8.347382,6.7750244,100982.445,0.0,0.691864,0.47620064,0.0,89.822685
2017-01-14 08:00:00,8.428253,7.332306,100993.22,0.0,0.77246094,0.34093186,0.0,92.809456
2017-01-14 09:00:00,7.986786,7.4105225,100967.81,0.0,0.5749817,0.36882475,0.0,96.146835
2017-01-14 10:00:00,7.505066,6.6143494,100969.69,0.0,0.90130615,1.5049242,0.0,94.07803
2017-01-14 11:00:00,7.4701233,6.603058,100973.62,0.0,0.9868164,1.0461013,0.0,94.22963
2017-01-14 12:00:00,6.8398438,6.339386,100976.59,0.0,0.9466553,0.5721936,0.0,96.61578
2017-01-14 13:00:00,6.7164307,6.130829,100991.08,0.0,0.4350891,0.83904696,9.536743e-07,96.04639
2017-01-14 14:00:00,5.9048767,5.274048,100977.734,0.0,0.16503906,0.94015884,1.9073486e-06,95.71971
2017-01-14 15:00:00,5.7968445,5.013855,100962.83,0.0,0.0,1.1064584,1.335144e-05,94.70738
2017-01-14 16:00:00,6.134857,5.1737366,101003.164,11.662222,0.20254517,0.799039,0.0,93.55545
2017-01-14 17:00:00,6.629364,5.7308044,101035.81,105.31555,0.12753296,0.62814707,0.0,93.9866
2017-01-14 18:00:00,7.340637,4.9256287,101070.31,246.22223,0.27438354,0.58668107,0.0,84.64131
2017-01-14 19:00:00,8.576691,5.261261,100999.34,421.99112,0.3199463,0.8938414,0.0,79.65312
2017-01-14 20:00:00,9.747711,4.1746216,100923.305,528.6578,0.23248291,1.4962571,0.0,68.22903
2017-01-14 21:00:00,11.449799,2.9673462,100843.79,548.0711,0.22497559,2.0442045,0.0,55.943844
2017-01-14 22:00:00,12.281036,4.6698914,100791.164,507.16446,0.0,1.366241,0.0,59.69613
2017-01-14 23:00:00,12.583527,5.077484,100785.26,405.86667,0.08251953,1.6662853,0.0,60.209217
2017-01-15 00:00:00,11.93457,5.1316223,100785.734,254.06223,0.7206726,1.7992151,0.0,63.072254
2017-01-15 01:00:00,10.959808,5.995819,100793.516,83.76889,0.92562866,1.5758357,0.0,71.43218
2017-01-15 02:00:00,10.107544,5.512787,100811.94,1.0133333,0.9793701,1.5626161,0.0,73.1213
2017-01-15 03:00:00,9.125458,7.0330505,100815.67,0.0,0.97128296,1.67169,0.0,86.7408
2017-01-15 04:00:00,8.459686,6.713196,100830.56,0.0,0.95999146,1.9133396,0.0,88.763405
2017-01-15 05:00:00,7.3755493,6.073395,100789.125,0.0,0.9906311,1.6154133,0.0,91.44035
2017-01-15 06:00:00,8.609894,6.9115295,100789.63,0.0,0.9812622,1.4826132,0.0,89.069756
2017-01-15 07:00:00,8.594482,6.9603577,100781.36,0.0,0.98812866,1.2634677,0.0,89.46191
2017-01-15 08:00:00,8.146057,7.186493,100755.3,0.0,0.9718628,0.9737782,0.0,93.66488
2017-01-15 09:00:00,7.3891296,6.8930664,100734.7,0.0,0.9750061,1.2591047,0.0,96.65951
2017-01-15 10:00:00,6.999176,6.6767273,100732.55,0.0,0.99935913,0.19197775,0.0,97.81052
2017-01-15 11:00:00,7.111908,6.7612305,100746.88,0.0,0.9906311,0.59404135,0.0,97.62297
2017-01-15 12:00:00,6.6857605,6.283661,100730.53,0.0,0.9562683,0.6059135,0.0,97.26948
2017-01-15 13:00:00,6.616272,6.122284,100715.58,0.0,0.92755127,0.7116827,0.0,96.653
2017-01-15 14:00:00,6.697632,6.299011,100676.32,0.0,0.9381714,0.8108461,0.0,97.29308
2017-01-15 15:00:00,6.711975,6.100342,100716.08,0.0,0.9319458,0.83347076,0.0,95.87376
2017-01-15 16:00:00,7.2976074,6.605255,100737.83,11.697778,0.9188843,1.1534156,0.0,95.36185
2017-01-15 17:00:00,7.5124817,6.9618225,100782.42,86.64889,0.90267944,1.3573376,0.0,96.30151
2017-01-15 18:00:00,7.6280823,7.019562,100836.375,225.03111,0.516449,1.6684456,0.0,95.92369
2017-01-15 19:00:00,7.6474915,6.094879,100820.36,399.50223,0.2475586,1.6022674,0.0,89.89122
2017-01-15 20:00:00,8.283539,6.240265,100723.0,517.9022,0.022491455,1.3322421,0.0,86.95212
2017-01-15 21:00:00,9.106354,5.8872375,100669.625,547.9289,0.0,2.0522285,0.0,80.26281
2017-01-15 22:00:00,10.359222,5.302887,100636.43,503.9822,0.007507324,1.432517,0.0,70.86119
2017-01-15 23:00:00,10.580658,5.247986,100642.516,399.6089,0.0,1.2610339,0.0,69.556175
2017-01-16 00:00:00,10.693634,5.3576965,100612.44,254.56,0.0,0.84980756,0.0,69.56307
2017-01-16 01:00:00,10.235565,6.0842285,100645.2,90.00889,0.0,1.317886,0.0,75.42365
2017-01-16 02:00:00,9.257111,5.638855,100690.61,1.2977778,0.0,1.8761557,0.0,78.0966
2017-01-16 03:00:00,7.2229614,5.707672,100695.39,0.0,0.0,1.6725363,0.0,90.09134
2017-01-16 04:00:00,6.9338684,5.4598083,100748.44,0.0,0.0,1.6341238,0.0,90.32777
2017-01-16 05:00:00,6.7208557,5.5747375,100765.25,0.0,0.0,1.6873983,0.0,92.39249
2017-01-16 06:00:00,7.6284485,6.1433105,100783.66,0.0,0.0,1.433657,0.0,90.30961
2017-01-16 07:00:00,7.7693787,6.4841614,100773.6,0.0,0.0,1.2641342,0.0,91.57279
2017-01-16 08:00:00,7.3192444,6.4822083,100749.98,0.0,0.0,1.3033983,0.0,94.41791
2017-01-16 09:00:00,6.99527,6.5002136,100700.69,0.0,0.92974854,1.4559472,0.0,96.65586
2017-01-16 10:00:00,6.991913,5.761505,100680.69,0.0,0.91915894,1.031199,0.0,91.870674
2017-01-16 11:00:00,5.4328613,4.486023,100726.64,0.0,0.93722534,1.3166933,0.0,93.61368
2017-01-16 12:00:00,5.262909,4.267853,100697.65,0.0,0.93289185,0.9464996,0.0,93.28948
2017-01-16 13:00:00,5.8578796,4.693634,100737.95,0.0,0.9510498,1.334369,0.0,92.22486
2017-01-16 14:00:00,5.815399,4.539337,100725.38,0.0,0.8725281,1.1535171,0.0,91.504265
2017-01-16 15:00:00,5.881714,4.344269,100738.45,0.0,0.8605652,1.2871699,0.0,89.850174
2017-01-16 16:00:00,5.6010437,4.356964,100757.414,13.102222,0.9273071,1.557677,0.0,91.69544
2017-01-16 17:00:00,6.1790466,4.9677124,100805.56,109.973335,0.8911438,1.5949159,0.0,91.94192
2017-01-16 18:00:00,7.971161,5.8087463,100818.74,248.21333,0.8575134,1.4647725,0.0,86.20818
2017-01-16 19:00:00,9.421082,4.85437,100800.164,411.96445,0.86068726,1.5452888,1.9073486e-06,73.1388
2017-01-16 20:00:00,10.402039,3.801361,100770.06,530.0267,0.5826111,1.9860903,0.0,63.61601
2017-01-16 21:00:00,11.219086,3.7476196,100691.734,512.85333,0.33068848,2.155574,0.0,60.022923
2017-01-16 22:00:00,12.089325,3.9927063,100622.734,493.84888,0.08312988,1.2239146,0.0,57.65322
2017-01-16 23:00:00,12.250214,4.1315002,100614.28,404.71112,0.049987793,1.5852787,0.0,57.604454
2017-01-17 00:00:00,12.277649,4.5542297,100572.22,255.87555,0.09124756,1.1811973,0.0,59.228672
2017-01-17 01:00:00,11.68454,5.544403,100564.24,89.10222,0.006866455,1.2788562,0.0,65.98767
2017-01-17 02:00:00,9.922943,4.4861755,100586.79,1.5822222,0.015625,1.6855017,0.0,68.920074
2017-01-17 03:00:00,8.145477,5.9420776,100618.39,0.0,0.007507324,1.7457671,0.0,85.98199
2017-01-17 04:00:00,7.495514,5.688751,100651.164,0.0,0.037506104,1.3409375,0.0,88.31221
2017-01-17 05:00:00,7.4219666,5.8644714,100651.39,0.0,0.29818726,1.3899124,0.0,89.84358
2017-01-17 06:00:00,6.5570374,5.388275,100655.5,0.0,0.0119018555,1.7265171,0.0,92.23768
2017-01-17 07:00:00,7.819519,6.1283264,100632.11,0.0,0.0,1.8527485,0.0,89.048706
2017-01-17 08:00:00,8.120697,6.501526,100661.35,0.0,0.0,1.615568,0.0,89.51635
2017-01-17 09:00:00,7.681366,6.7485046,100609.58,0.0,0.0,1.127351,0.0,93.8141
2017-01-17 10:00:00,7.1073,6.0697327,100642.06,0.0,0.9378662,1.1474587,0.0,93.110954
2017-01-17 11:00:00,6.3782654,5.7760315,100622.695,0.0,0.94036865,0.74181104,0.0,95.92536
2017-01-17 12:00:00,5.5716248,5.2191467,100619.734,0.0,0.8413086,0.7458372,0.0,97.5816
2017-01-17 13:00:00,5.3874207,5.130493,100616.04,0.0,1.0,0.53748596,0.0,98.229416
2017-01-17 14:00:00,5.3007507,5.132843,100612.85,0.0,0.99749756,0.6791605,0.0,98.838905
2017-01-17 15:00:00,5.086334,4.5993958,100516.3,0.0,0.9949951,1.11706,0.0,96.65997
2017-01-17 16:00:00,5.646576,5.266449,100585.375,13.066667,0.99438477,0.96571726,9.536743e-07,97.39564
2017-01-17 17:00:00,6.1530457,5.508606,100779.35,97.422226,0.99935913,1.4009681,0.0,95.63768
2017-01-17 18:00:00,7.052704,5.941742,100788.7,225.24445,0.9862366,1.2163298,0.0,92.636856
2017-01-17 19:00:00,7.903961,5.175354,100750.14,375.12888,0.78744507,0.7088261,0.0,82.8789
2017-01-17 20:00:00,9.285522,5.7002563,100682.89,507.12888,0.82870483,0.63423705,0.0,78.27972
2017-01-17 21:00:00,10.554962,4.1684265,100584.41,513.49335,0.9781189,0.6394669,0.0,64.61528
2017-01-17 22:00:00,11.542999,5.6164246,100562.59,442.25778,1.0,1.3638412,0.0,66.94156
2017-01-17 23:00:00,12.036835,5.391083,100563.75,362.20444,1.0,1.2403036,0.0,63.788944
2017-01-18 00:00:00,11.92392,6.0901794,100598.31,183.55556,1.0,0.31286713,0.0,67.453926
2017-01-18 01:00:00,11.283478,5.7123413,100616.93,55.128887,1.0,0.9336845,0.0,68.55603
2017-01-18 02:00:00,10.344574,5.8366394,100686.19,1.0844444,1.0,0.9266585,0.0,73.60557
2017-01-18 03:00:00,9.226959,7.374298,100646.695,0.0,1.0,0.72242135,0.0,88.18568
2017-01-18 04:00:00,8.744537,7.5267334,100703.94,0.0,1.0,0.31900573,0.0,92.05806
2017-01-18 05:00:00,8.74704,7.7051697,100658.22,0.0,1.0,1.4164062,0.0,93.16995
2017-01-18 06:00:00,8.27713,7.5812073,100615.3,0.0,0.98501587,2.028976,0.0,95.37382
2017-01-18 07:00:00,8.859467,7.789337,100612.44,0.0,0.6237488,2.185781,0.00020313263,92.99663
2017-01-18 08:00:00,9.241974,7.6788635,100611.19,0.0,0.43945312,2.108308,2.861023e-06,89.947754
2017-01-18 09:00:00,9.198761,7.3250427,100551.836,0.0,0.941864,1.797674,0.0,88.056305
2017-01-18 10:00:00,9.7309265,8.045197,100567.56,0.0,0.87875366,1.1528329,0.0,89.23784
2017-01-18 11:00:00,9.840363,8.564911,100546.625,0.0,0.86068726,1.3980647,0.0,91.765144
2017-01-18 12:00:00,9.714691,8.736298,100540.805,0.0,1.0,2.1427262,0.00044679642,93.62149
2017-01-18 13:00:00,9.692352,8.719147,100490.625,0.0,1.0,2.904131,0.00017118454,93.65326
2017-01-18 14:00:00,9.514374,8.657074,100459.35,0.0,1.0,3.340649,0.0004377365,94.38232
2017-01-18 15:00:00,9.807098,8.562256,100346.34,0.0,0.9700012,4.3914757,5.2452087e-06,91.953514
2017-01-18 16:00:00,10.242432,9.179413,100219.25,3.3777778,1.0,4.467048,1.859665e-05,93.11483
2017-01-18 17:00:00,10.570526,9.13028,100303.42,70.36444,1.0,3.7466302,0.00028276443,90.79684
2017-01-18 18:00:00,10.572418,9.006744,100454.2,92.23111,1.0,4.222635,0.0002593994,90.032074
2017-01-18 19:00:00,10.529816,8.848053,100307.95,40.497776,1.0,5.4991803,0.0016183853,89.32582
2017-01-18 20:00:00,10.419159,9.063324,100151.27,44.871113,0.9924927,6.807751,0.00077342987,91.30493
2017-01-18 21:00:00,10.677399,9.027313,99972.64,55.76889,1.0,7.7686386,0.00085926056,89.52872
2017-01-18 22:00:00,10.7535095,9.168304,99734.234,78.04444,1.0,7.9303727,0.00084352493,89.92715
2017-01-18 23:00:00,11.029114,9.234314,99596.56,52.053333,1.0,7.711886,0.001367569,88.68793
2017-01-19 00:00:00,11.11792,9.1910095,99535.76,31.057777,1.0,7.4710836,0.0010290146,87.909706
2017-01-19 01:00:00,11.231415,9.273651,99399.54,10.88,1.0,7.5069537,0.0017514229,87.73737
2017-01-19 02:00:00,11.393341,9.560455,99388.516,0.17777778,1.0,7.6372848,0.0026655197,88.49173
2017-01-19 03:00:00,11.496979,10.160522,99453.65,0.0,1.0,6.9341435,0.004119873,91.4937
2017-01-19 04:00:00,11.7621765,10.692169,99526.25,0.0,1.0,5.0119596,0.0037708282,93.15053
2017-01-19 05:00:00,11.725494,10.450409,99544.016,0.0,0.7749634,3.3927796,0.002277851,91.88383
2017-01-19 06:00:00,11.531433,10.155365,99606.47,0.0,0.9024658,2.8112452,0.0024023056,91.2539
2017-01-19 07:00:00,11.263947,9.798645,99645.08,0.0,0.44866943,3.2534273,0.00025892258,90.69216
2017-01-19 08:00:00,11.070648,9.344879,99671.44,0.0,0.16931152,3.168555,0.00037050247,89.10453
2017-01-19 09:00:00,10.772369,8.826996,99684.266,0.0,0.3381958,2.9527366,0.00027418137,87.76921
2017-01-19 10:00:00,10.818512,8.704742,99668.12,0.0,0.9700012,3.2361004,9.10759e-05,86.77989
2017-01-19 11:00:00,10.403015,8.314056,99683.33,0.0,0.9768982,2.516865,3.8146973e-06,86.88557
2017-01-19 12:00:00,9.985931,7.894745,99731.34,0.0,0.87371826,2.5477114,0.00025510788,86.83202
2017-01-19 13:00:00,10.514099,8.235474,99681.03,0.0,0.4437256,2.2691114,0.00035905838,85.785286
2017-01-19 14:00:00,10.738464,8.815186,99729.71,0.0,0.41934204,1.992867,0.00047683716,87.8973
2017-01-19 15:00:00,10.594208,8.552338,99748.94,0.0,0.4356079,2.412244,0.00017261505,87.18167
2017-01-19 16:00:00,10.717438,8.786377,99795.055,10.506667,0.43441772,2.1292958,0.0019254684,87.849205
2017-01-19 17:00:00,11.268646,9.3038025,99871.91,110.04444,0.480011,1.7501007,0.0011806488,87.69894
2017-01-19 18:00:00,11.446808,9.488007,99921.34,244.65778,0.45440674,3.1032012,0.0008301735,87.75072
2017-01-19 19:00:00,12.001923,9.997589,99930.69,365.45776,0.25497437,3.0892434,0.0002965927,87.533485
2017-01-19 20:00:00,12.419067,10.200348,99867.69,396.33777,0.2944336,2.4452312,0.00013303757,86.32658
2017-01-19 21:00:00,12.560028,9.913574,99795.17,419.57333,0.63568115,2.7110682,0.00018405914,83.9054
2017-01-19 22:00:00,12.658661,8.797028,99719.0,451.6089,0.953125,2.6247246,0.0004401207,77.329865
2017-01-19 23:00:00,12.581268,8.6961975,99720.01,324.28445,0.98376465,2.4171565,0.00015354156,77.195274
2017-01-20 00:00:00,12.430328,8.436066,99748.63,178.61333,0.99624634,2.738084,0.0002593994,76.602646
2017-01-20 01:00:00,12.3385315,8.080109,99689.4,45.52889,1.0,1.0841156,4.005432e-05,75.22622
2017-01-20 02:00:00,12.066589,7.853607,99656.625,1.4755555,1.0,2.0204158,4.7683716e-06,75.413315
2017-01-20 03:00:00,11.415955,8.815338,99565.984,0.0,0.9718323,2.5623899,0.00069999695,84.032326
2017-01-20 04:00:00,11.178314,8.81781,99586.08,0.0,0.97750854,3.0808697,0.00013828278,85.38053
2017-01-20 05:00:00,11.360443,8.998871,99463.22,0.0,0.98501587,3.533431,3.194809e-05,85.39374
2017-01-20 06:00:00,11.168243,8.881439,99354.59,0.0,0.9168701,3.800671,0.0002617836,85.80568
2017-01-20 07:00:00,11.015289,8.806854,99260.72,0.0,1.0,4.8863454,0.0007786751,86.24558
2017-01-20 08:00:00,10.769989,8.673737,99053.05,0.0,0.9756775,5.9050736,0.002327919,86.878075
2017-01-20 09:00:00,10.565735,8.844635,98868.26,0.0,0.9924927,6.361927,0.0017089844,89.0916
2017-01-20 10:00:00,10.265228,8.971893,98680.18,0.0,1.0,6.8928995,0.0019550323,91.68089
2017-01-20 11:00:00,10.457764,8.927155,98476.7,0.0,1.0,7.1886344,0.0032157898,90.23695
2017-01-20 12:00:00,10.301788,8.896454,98290.52,0.0,1.0,6.50483,0.0032730103,90.99255
2017-01-20 13:00:00,10.246246,9.086334,98161.33,0.0,1.0,5.436602,0.004807472,92.50877
2017-01-20 14:00:00,10.583649,9.223724,98097.39,0.0,1.0,2.656743,0.0023322105,91.29054
2017-01-20 15:00:00,10.628174,9.244415,98135.734,0.0,1.0,1.6487448,0.000749588,91.14705
2017-01-20 16:00:00,10.335541,8.203064,98106.445,10.951111,0.99749756,1.6881117,0.0009250641,86.62271
2017-01-20 17:00:00,10.560883,8.217438,98138.2,76.30222,1.0,2.3693604,0.00070381165,85.41348
2017-01-20 18:00:00,10.670258,8.77066,98178.86,100.94222,0.914978,3.3171933,0.0022387505,88.03204
2017-01-20 19:00:00,11.27832,8.536774,98162.49,144.65778,0.73309326,3.9004197,0.0006585121,83.2187
2017-01-20 20:00:00,11.996674,9.116394,98147.266,417.24445,0.69750977,4.242535,0.00042533875,82.52988
2017-01-20 21:00:00,11.786774,8.50058,98096.25,462.4178,0.6819153,4.877109,0.003549099,80.26911
2017-01-20 22:00:00,10.722443,7.1251526,98039.33,335.41333,0.80059814,5.167803,0.0013594627,78.43303
2017-01-20 23:00:00,10.7164,7.663574,98075.266,221.86667,0.7930908,4.410788,0.002415657,81.40608
2017-01-21 00:00:00,10.63504,7.495697,98120.33,198.02667,0.65682983,3.9776444,0.0021066666,80.91591
2017-01-21 01:00:00,10.089478,7.2498474,98152.56,65.67111,0.79940796,5.7873344,0.0017251968,82.51886
2017-01-21 02:00:00,9.796234,7.279846,98237.0,1.6533333,0.9593506,4.290753,0.0014081001,84.32871
2017-01-21 03:00:00,9.453888,7.1875916,98304.25,0.0,0.8318176,3.3208027,0.0014138222,85.74673
2017-01-21 04:00:00,9.146942,6.8997498,98381.11,0.0,0.6305847,3.2724655,0.0020279884,85.82698
2017-01-21 05:00:00,9.405182,6.80011,98498.54,0.0,0.68927,3.9164128,0.00016498566,83.77241
2017-01-21 06:00:00,9.108215,6.519287,98573.16,0.0,0.60061646,2.6947777,0.0026392937,83.83044
2017-01-21 07:00:00,9.222931,6.804718,98625.41,0.0,0.88571167,3.5095112,0.00046730042,84.83336
2017-01-21 08:00:00,9.47287,7.443939,98678.87,0.0,0.69692993,3.4233546,0.0003824234,87.15207
2017-01-21 09:00:00,9.83017,8.2222595,98743.58,0.0,0.9438782,2.6443834,0.00029230118,89.7188
2017-01-21 10:00:00,9.571808,7.5345154,98854.95,0.0,0.6906128,2.6566622,0.0010433197,87.11173
2017-01-21 11:00:00,9.561066,7.369812,98940.0,0.0,0.6499634,1.9359565,0.00087451935,86.19919
2017-01-21 12:00:00,9.293488,7.2398376,98987.49,0.0,0.61798096,1.6153308,0.0015277863,86.98772
2017-01-21 13:00:00,9.242645,7.0263977,99099.61,0.0,0.6524353,2.2987673,0.0018634796,86.019264
2017-01-21 14:00:00,9.432556,7.1930847,99226.58,0.0,0.89505005,3.3971815,0.0019569397,85.90213
2017-01-21 15:00:00,9.878204,7.28598,99314.99,0.0,0.78686523,2.3164237,0.00017690659,83.90174
2017-01-21 16:00:00,9.773224,7.154999,99437.23,12.195556,1.0,2.1153705,0.0015625954,83.740265
2017-01-21 17:00:00,10.287659,7.615631,99583.42,102.257774,1.0,2.1473813,8.8214874e-05,83.493774
2017-01-21 18:00:00,11.233002,8.279633,99683.09,220.30222,1.0,2.10572,0.00012540817,82.02642
2017-01-21 19:00:00,12.253571,9.045502,99766.7,246.77333,1.0,2.6651857,7.200241e-05,80.75854
2017-01-21 20:00:00,12.078522,9.222137,99791.54,352.35556,1.0,3.275559,5.531311e-05,82.67307
2017-01-21 21:00:00,12.747345,8.348602,99780.59,338.4,1.0,3.437538,0.0001001358,74.58219
2017-01-21 22:00:00,12.492218,7.1394043,99821.5,281.88443,1.0,3.3541508,9.1552734e-05,69.84049
2017-01-21 23:00:00,12.503998,7.66391,99775.234,163.36,1.0,3.2407641,9.536743e-05,72.333664
2017-01-22 00:00:00,12.0017395,7.620453,99854.45,80.19556,1.0,3.4079268,0.00032663345,74.54207
2017-01-22 01:00:00,11.718414,7.7595215,99812.734,22.364445,1.0,3.9370866,0.0008568764,76.672386
2017-01-22 02:00:00,11.16272,7.678009,99748.72,0.53333336,1.0,4.5404077,0.0015974045,79.10464
2017-01-22 03:00:00,10.64621,7.968231,99802.91,0.0,1.0,5.1611085,0.0016303062,83.502655
2017-01-22 04:00:00,10.226837,7.357422,99743.08,0.0,1.0,5.881061,0.0011453629,82.368225
2017-01-22 05:00:00,9.968018,7.156708,99669.24,0.0,1.0,6.490192,0.0015068054,82.66376
2017-01-22 06:00:00,9.986023,6.842163,99530.53,0.0,1.0,6.7151756,0.00033855438,80.80247
2017-01-22 07:00:00,10.2547,7.139801,99493.99,0.0,1.0,7.613322,0.0008792877,80.999695
2017-01-22 08:00:00,10.751068,7.6333923,99336.83,0.0,1.0,9.0218935,0.0011043549,81.05136
2017-01-22 09:00:00,10.570465,7.892151,99215.09,0.0,1.0,9.773715,0.0008382797,83.49171
2017-01-22 10:00:00,10.479584,8.804962,99130.35,0.0,1.0,9.042001,0.0025339127,89.36494
2017-01-22 11:00:00,10.95282,9.459045,99093.44,0.0,1.0,9.518188,0.002781868,90.497
2017-01-22 12:00:00,11.277679,9.928009,99073.25,0.0,1.0,8.707809,0.0039453506,91.398705
2017-01-22 13:00:00,11.241608,9.859283,99164.91,0.0,1.0,6.845936,0.003019333,91.19659
2017-01-22 14:00:00,10.886383,9.485443,99292.96,0.0,1.0,4.911822,0.0015926361,91.059006
2017-01-22 15:00:00,10.932098,8.90506,99352.55,0.0,0.9324951,2.5573614,0.00039339066,87.30096
2017-01-22 16:00:00,10.036804,7.653839,99433.086,12.9777775,0.74124146,1.9565064,0.00013065338,85.12774
2017-01-22 17:00:00,10.949005,8.492645,99490.18,86.933334,0.34381104,1.941828,8.34465e-05,84.8037
2017-01-22 18:00:00,11.9096985,8.44577,99539.19,252.65778,0.22570801,2.111465,7.2956085e-05,79.32543
2017-01-22 19:00:00,12.653534,9.003723,99521.86,412.48,0.22247314,3.016105,8.010864e-05,78.44332
2017-01-22 20:00:00,12.7565,9.368195,99412.484,491.9289,0.61816406,3.3003583,4.1484833e-05,79.85301
2017-01-22 21:00:00,12.785248,9.990997,99257.625,482.13333,0.91256714,3.593228,1.8119812e-05,83.10536
2017-01-22 22:00:00,12.363129,7.805237,99176.555,356.65778,0.9924927,3.506764,0.0001039505,73.71284
2017-01-22 23:00:00,11.395111,7.6097107,99127.42,247.05779,1.0,4.294222,0.0005970001,77.53337
2017-01-23 00:00:00,10.179657,7.760559,99254.125,72.76444,1.0,5.451171,0.002073288,84.93385
2017-01-23 01:00:00,9.740753,7.6593933,99181.89,14.862223,0.95999146,4.2843523,0.0023655891,86.86639
2017-01-23 02:00:00,9.279083,7.2061462,99209.836,0.33777776,0.7737427,1.2280164,0.0019140244,86.871574
2017-01-23 03:00:00,8.733368,6.9638367,99227.22,0.0,0.9924927,2.2791784,0.0009241104,88.64625
2017-01-23 04:00:00,8.395599,6.6024475,99236.766,0.0,1.0,2.761478,0.0012183189,88.47364
2017-01-23 05:00:00,8.60144,6.89505,99224.984,0.0,1.0,3.1996856,0.00096559525,89.020004
2017-01-23 06:00:00,8.650543,6.829193,99282.95,0.0,1.0,3.3815706,0.0021953583,88.32447
2017-01-23 07:00:00,8.621613,6.5556946,99331.17,0.0,0.99124146,3.6823683,0.0013103485,86.84943
2017-01-23 08:00:00,8.980469,6.724579,99350.26,0.0,0.98809814,2.0482469,0.0006122589,85.758316
2017-01-23 09:00:00,8.862518,7.132782,99344.98,0.0,0.91934204,0.9109187,0.00015640259,88.89925
2017-01-23 10:00:00,8.16861,6.5239563,99387.945,0.0,0.97875977,2.0632753,0.00012207031,89.36328
2017-01-23 11:00:00,7.760956,6.223358,99442.43,0.0,0.9356384,1.3618723,0.0005836487,89.99309
2017-01-23 12:00:00,8.207794,6.024994,99440.47,0.0,0.9668579,1.5604516,0.00071430206,86.110954
2017-01-23 13:00:00,7.9673767,5.2500916,99452.98,0.0,0.77056885,1.3181059,0.0016536713,82.952065
2017-01-23 14:00:00,8.024994,5.1669617,99492.12,0.0,0.8249817,1.3589783,0.00023031235,82.15119
2017-01-23 15:00:00,7.9181824,5.219208,99572.58,0.0,0.9025879,1.0563228,2.4318695e-05,83.05168
2017-01-23 16:00:00,8.400757,5.148834,99635.17,13.297778,0.78744507,0.7968424,8.583069e-06,79.980446
2017-01-23 17:00:00,8.572418,5.2304688,99747.74,129.45778,0.8875427,0.86601734,1.335144e-05,79.50576
2017-01-23 18:00:00,9.041046,5.634613,99836.45,236.08888,0.9293823,0.9140943,2.861023e-05,79.21903
2017-01-23 19:00:00,9.299469,5.46463,99849.875,264.55112,0.8937988,1.1785963,4.1007996e-05,76.938675
2017-01-23 20:00:00,9.319672,6.302582,99859.516,373.90222,0.8625183,2.4796426,7.247925e-05,81.41999
2017-01-23 21:00:00,10.267792,5.6302185,99811.36,471.2,0.8368225,2.3513417,9.1552734e-05,72.933716
2017-01-23 22:00:00,10.398773,4.6489563,99752.81,458.84445,0.44818115,1.4152797,5.340576e-05,67.52584
2017-01-23 23:00:00,9.705902,5.4716797,99758.34,387.66223,0.69189453,1.605357,0.0012159348,74.90185
2017-01-24 00:00:00,10.0868225,5.495575,99766.83,216.24889,0.756897,2.0391858,0.000166893,73.135345
2017-01-24 01:00:00,9.733429,5.5697327,99753.41,90.50667,0.9081421,1.6387662,3.71933e-05,75.273994
2017-01-24 02:00:00,8.795013,5.457794,99813.44,4.551111,0.944397,1.4187326,1.4305115e-05,79.56426
2017-01-24 03:00:00,8.438995,6.6308594,99822.05,0.0,0.9550171,1.9029849,0.0003285408,88.38627
2017-01-24 04:00:00,8.809784,6.4898987,99860.48,0.0,0.9812622,1.92829,3.0994415e-05,85.36358
2017-01-24 05:00:00,8.685455,6.450531,99887.04,0.0,0.9874878,1.4546094,0.0003004074,85.851234
2017-01-24 06:00:00,8.2691345,6.15213,99895.2,0.0,0.9057007,1.4494903,0.00058841705,86.50941
2017-01-24 07:00:00,8.398651,5.9473267,99915.97,0.0,0.8432007,1.792894,4.5776367e-05,84.54773
2017-01-24 08:00:00,8.269562,5.9231873,99922.06,0.0,0.8444214,1.9419054,2.193451e-05,85.14918
2017-01-24 09:00:00,7.535797,5.648346,99902.555,0.0,0.67749023,1.828764,8.583069e-06,87.82336
2017-01-24 10:00:00,7.0348816,5.43515,99911.36,0.0,0.63934326,3.3492174,9.536743e-06,89.55079
2017-01-24 11:00:00,6.937256,5.5484314,99934.75,0.0,0.70687866,2.9877477,2.861023e-06,90.86388
2017-01-24 12:00:00,6.017578,4.663513,99991.4,0.0,0.8300476,2.9279099,0.0,91.02024
2017-01-24 13:00:00,6.040344,4.8539124,100004.266,0.0,0.6687317,2.435298,0.0,92.09316
2017-01-24 14:00:00,6.071228,4.865265,100092.66,0.0,0.5924988,1.5644869,0.0,91.96968
2017-01-24 15:00:00,6.49411,4.278778,100199.086,0.0,0.77316284,1.8003466,4.7683716e-07,85.73755
2017-01-24 16:00:00,7.226288,4.6460266,100249.086,20.977777,0.8038025,1.3000958,0.0,83.65743
2017-01-24 17:00:00,7.652588,5.320038,100357.984,154.09778,0.8088989,1.7773982,0.0,85.163315
2017-01-24 18:00:00,8.239716,5.7690735,100464.125,318.8622,0.7451782,2.0674314,0.0,84.41672
2017-01-24 19:00:00,8.994263,5.6628113,100521.016,446.8622,0.14013672,2.200424,9.536743e-07,79.62498
2017-01-24 20:00:00,10.11203,5.5737,100508.22,530.54224,0.22747803,2.7306015,3.33786e-06,73.40893
2017-01-24 21:00:00,11.166107,4.6127625,100483.125,492.37332,0.53375244,3.0659428,2.861023e-06,64.00237
2017-01-24 22:00:00,12.091492,4.2536316,100496.984,449.47556,0.680603,1.9626728,0.0,58.71015
2017-01-24 23:00:00,12.055389,4.0466614,100519.31,383.28888,0.39071655,2.2134488,0.0,58.001606
2017-01-25 00:00:00,12.050751,4.2705994,100583.4,288.71112,0.16061401,2.4454787,0.0,58.937977
2017-01-25 01:00:00,11.714569,4.3132935,100673.11,117.244446,0.25564575,1.6882195,0.0,60.440273
2017-01-25 02:00:00,9.773163,3.9924011,100745.125,5.7066665,0.006866455,1.4470344,0.0,67.24698
2017-01-25 03:00:00,8.124664,5.3788757,100802.695,0.0,0.0,1.9515506,0.0,82.807465
2017-01-25 04:00:00,7.5294495,5.544281,100839.83,0.0,0.0,1.2407668,0.0,87.22968
2017-01-25 05:00:00,7.4546814,5.8060303,100887.61,0.0,0.0,0.9959049,0.0,89.28113
2017-01-25 06:00:00,7.20224,5.6045837,100974.92,0.0,0.0,1.402537,0.0,89.57692
2017-01-25 07:00:00,6.3545227,4.9255676,101015.81,0.0,0.0,1.8332162,0.0,90.56941
2017-01-25 08:00:00,5.563141,4.388733,101036.3,0.0,0.0,1.347931,0.0,92.141556
2017-01-25 09:00:00,5.8354797,4.7196045,101054.09,0.0,0.0,0.7962194,0.0,92.535614
2017-01-25 10:00:00,6.8041687,5.985138,101105.53,0.0,0.2677002,1.1826407,0.0,94.51311
2017-01-25 11:00:00,7.1948547,6.4933167,101145.91,0.0,0.32589722,1.2927781,0.0,95.29785
2017-01-25 12:00:00,6.602722,5.81546,101146.97,0.0,0.41397095,1.1705418,0.0,94.71257
2017-01-25 13:00:00,6.8379517,6.096527,101164.22,0.0,0.38131714,0.9864532,0.0,95.02265
2017-01-25 14:00:00,6.96521,6.4170837,101192.16,0.0,0.76138306,0.9044702,0.0,96.30242
2017-01-25 15:00:00,7.205414,6.526764,101235.0,0.0,0.9460144,1.0737916,0.0,95.44851
2017-01-25 16:00:00,5.793274,5.3657837,101265.45,20.373333,0.9466553,1.3860142,0.0,97.078766
2017-01-25 17:00:00,7.5118103,7.1367188,101308.97,148.19556,0.83877563,1.8317362,0.0,97.46734
2017-01-25 18:00:00,9.076752,7.866791,101387.266,292.62222,0.36254883,1.591026,0.0,92.127335
2017-01-25 19:00:00,10.119629,7.262848,101404.55,431.64444,0.43823242,2.3144665,0.0,82.42587
2017-01-25 20:00:00,10.820343,7.1026917,101387.71,494.25778,0.46322632,2.410443,0.0,77.80387
2017-01-25 21:00:00,11.837372,4.1812744,101317.73,538.13336,0.49700928,2.3280458,0.0,59.39991
2017-01-25 22:00:00,12.396118,5.528351,101278.64,487.21777,0.36016846,2.3843558,0.0,62.895123
2017-01-25 23:00:00,12.488312,5.698761,101311.54,403.43112,0.5282593,2.407904,0.0,63.258408
2017-01-26 00:00:00,12.131073,5.871643,101311.625,279.53778,0.5305481,2.0071537,0.0,65.54171
2017-01-26 01:00:00,11.602173,6.4198914,101335.97,117.12,0.28067017,1.6576941,0.0,70.48735
2017-01-26 02:00:00,10.250519,5.9090576,101376.11,6.328889,0.36315918,2.0046685,0.0,74.44151
2017-01-26 03:00:00,8.751251,6.93277,101407.33,0.0,0.2906494,1.6626022,0.0,88.35064
2017-01-26 04:00:00,8.479065,6.951996,101440.22,0.0,0.53948975,1.6314862,0.0,90.112335
2017-01-26 05:00:00,8.323578,6.6738586,101481.375,0.0,0.92562866,1.7152139,0.0,89.34456
2017-01-26 06:00:00,9.709564,7.082245,101540.95,0.0,0.8305969,1.3476255,0.0,83.68058
2017-01-26 07:00:00,9.33078,6.7311096,101548.05,0.0,0.8699951,0.8337002,0.0,83.79472
2017-01-26 08:00:00,9.589539,7.3588257,101567.39,0.0,0.901886,0.57142675,0.0,85.96986
2017-01-26 09:00:00,8.834381,7.51828,101519.3,0.0,0.80755615,0.067491144,0.0,91.44786
2017-01-26 10:00:00,8.664032,7.500458,101539.45,0.0,0.70736694,0.8337685,0.0,92.39483
2017-01-26 11:00:00,8.4843445,7.5663757,101580.36,0.0,0.6616821,0.0020068064,0.0,93.94779
2017-01-26 12:00:00,8.508575,7.6293335,101588.08,0.0,0.6572876,0.32011896,0.0,94.19749
2017-01-26 13:00:00,8.54953,7.8195496,101643.91,0.0,0.8836365,0.45985478,0.0,95.162605
2017-01-26 14:00:00,8.601349,8.262909,101624.06,0.0,0.6560364,1.0477098,0.0,97.73183
2017-01-26 15:00:00,8.387665,7.7783813,101613.74,0.0,0.6860657,1.1604763,0.0,95.942764
2017-01-26 16:00:00,7.111847,6.6796265,101650.04,16.053333,0.89678955,0.8038994,0.0,97.07745
2017-01-26 17:00:00,8.858124,8.113007,101701.52,124.90667,0.7510376,0.9816343,0.0,95.07629
2017-01-26 18:00:00,9.612579,8.286285,101792.56,284.87112,0.42871094,1.3056011,0.0,91.43496
2017-01-26 19:00:00,10.643158,7.3978577,101797.66,398.36444,0.49554443,2.006131,0.0,80.33334
2017-01-26 20:00:00,11.378693,7.466736,101738.83,510.4889,0.5781555,1.8956279,0.0,76.86376
2017-01-26 21:00:00,12.357452,4.998932,101665.5,512.3555,0.47439575,1.8586738,0.0,60.77629
2017-01-26 22:00:00,12.987396,4.24942,101615.78,518.1689,0.18753052,2.1276708,0.0,55.34113
2017-01-26 23:00:00,13.097687,4.4685364,101662.23,426.5778,0.120025635,2.488459,0.0,55.79322
2017-01-27 00:00:00,13.042938,4.423065,101665.32,295.44888,0.0,2.5060093,0.0,55.81532
2017-01-27 01:00:00,12.767395,4.8699036,101666.016,126.08,0.0,1.4596969,0.0,58.63338
2017-01-27 02:00:00,10.117859,4.24234,101668.99,7.271111,0.0,2.2029276,0.0,66.87482
2017-01-27 03:00:00,8.697327,4.742462,101690.95,0.0,0.0,1.5247769,0.0,76.200615
2017-01-27 04:00:00,8.45343,5.202484,101713.44,0.0,0.0,1.5757039,0.0,79.99341
2017-01-27 05:00:00,8.508606,6.0382996,101729.72,0.0,0.07501221,1.8340206,0.0,84.44934
2017-01-27 06:00:00,7.6696167,5.641876,101804.56,0.0,0.06991577,2.2827713,0.0,86.986
2017-01-27 07:00:00,8.147064,6.1372375,101817.19,0.0,0.5757446,2.4612415,0.0,87.13991
2017-01-27 08:00:00,8.756378,6.608185,101832.44,0.0,0.7513428,2.158122,0.0,86.37253
2017-01-27 09:00:00,8.427338,6.665924,101838.89,0.0,0.43441772,2.1169689,0.0,88.66968
2017-01-27 10:00:00,6.1118774,5.254242,101844.59,0.0,0.026855469,1.8824991,0.0,94.23019
2017-01-27 11:00:00,6.6458435,5.7798157,101867.12,0.0,0.78811646,1.3227538,0.0,94.19936
2017-01-27 12:00:00,6.319763,5.0249023,101912.7,0.0,0.9281616,1.1419715,0.0,91.417336
2017-01-27 13:00:00,4.9338074,3.7481384,101956.86,0.0,0.95565796,1.5807712,0.0,92.03024
2017-01-27 14:00:00,5.014862,3.632843,101945.234,0.0,0.513031,2.3034768,0.0,90.77191
2017-01-27 15:00:00,5.2701416,3.6007385,102019.85,0.0,0.4730835,2.411557,0.0,88.97198
2017-01-27 16:00:00,6.244873,3.7938538,102054.99,25.6,0.10305786,1.4091251,0.0,84.30285
2017-01-27 17:00:00,8.475708,4.1341553,102142.52,177.95555,0.07232666,2.0488188,0.0,74.12834
2017-01-27 18:00:00,10.092682,3.2043152,102207.805,353.95557,0.0,1.6499527,0.0,62.267025
2017-01-27 19:00:00,11.138153,1.4391785,102173.37,491.12888,0.0,1.7911153,0.0,51.21783
2017-01-27 20:00:00,12.1510315,1.6621399,102118.59,577.38666,0.0,2.3277454,0.0,48.672676
2017-01-27 21:00:00,13.352264,0.9843445,102053.414,600.4622,0.0,2.1187737,0.0,42.85199
2017-01-27 22:00:00,14.176697,1.0415344,101994.1,559.5022,0.3757019,1.2219553,0.0,40.783276
2017-01-27 23:00:00,14.496674,1.2055359,102043.984,458.7022,0.0,1.0988897,0.0,40.421215
2017-01-28 00:00:00,14.416229,1.3786316,102068.695,309.24445,0.0,0.7928408,0.0,41.14017
2017-01-28 01:00:00,13.590485,3.1305847,102091.6,132.69333,0.0,1.6674596,0.0,49.174725
2017-01-28 02:00:00,10.916992,2.5966797,102138.61,8.284445,0.0,2.3561997,0.0,56.452396
2017-01-28 03:00:00,9.027069,4.025482,102161.555,0.0,0.0,1.9059527,0.0,70.87284
2017-01-28 04:00:00,8.710236,4.461151,102148.83,0.0,0.0,1.7894242,0.0,74.65165
2017-01-28 05:00:00,8.062286,4.4753723,102188.805,0.0,0.0,1.735449,0.0,78.08271
2017-01-28 06:00:00,8.816559,4.8049927,102174.16,0.0,0.007507324,1.7842636,0.0,75.91941
2017-01-28 07:00:00,8.18985,4.7552795,102157.586,0.0,0.1956482,1.9347771,0.0,78.93805
2017-01-28 08:00:00,8.734375,6.1832886,102100.625,0.0,0.42095947,1.8421326,0.0,84.00551
2017-01-28 09:00:00,8.214325,6.146942,102110.734,0.0,0.5654297,1.7321532,0.0,86.800835
2017-01-28 10:00:00,6.646393,5.048828,102091.34,0.0,0.7699585,1.665187,0.0,89.533485
2017-01-28 11:00:00,6.847992,5.278656,102113.3,0.0,0.7618408,1.0167046,0.0,89.72541
2017-01-28 12:00:00,6.176819,5.202484,102096.19,0.0,0.86557007,0.92984176,0.0,93.471596
2017-01-28 13:00:00,4.072418,3.383484,102127.03,0.0,0.9274292,1.5624263,0.0,95.26596
2017-01-28 14:00:00,4.5552673,3.8137817,102118.71,0.0,0.9380493,1.7845616,0.0,94.93246
2017-01-28 15:00:00,4.839264,4.183563,102132.734,0.0,0.8236389,1.8727592,0.0,95.516914
2017-01-28 16:00:00,5.559326,4.8878174,102122.7,22.755556,0.90493774,1.5115917,0.0,95.437004
2017-01-28 17:00:00,6.7174377,5.720459,102163.27,162.48889,0.8211365,1.6071099,0.0,93.35234
2017-01-28 18:00:00,9.134766,7.4036255,102146.734,334.18668,0.88497925,1.7765967,0.0,88.91334
2017-01-28 19:00:00,10.947479,5.03125,102073.29,490.04443,0.8375244,1.823856,0.0,66.86243
2017-01-28 20:00:00,12.374481,4.8819885,102018.586,581.74225,0.6855469,1.8781773,0.0,60.21543
2017-01-28 21:00:00,13.998138,3.99057,101914.67,605.44,0.89749146,2.063947,0.0,50.881805
2017-01-28 22:00:00,15.004669,4.2015686,101839.17,552.2133,0.8713074,1.4786208,0.0,48.388073
2017-01-28 23:00:00,15.532257,4.702545,101817.36,451.00446,0.8331299,1.6023608,0.0,48.444233
2017-01-29 00:00:00,15.559601,4.5589905,101834.234,310.54224,0.73812866,1.1029333,0.0,47.87665
2017-01-29 01:00:00,14.4479065,6.289337,101822.66,136.17778,0.14620972,1.7529887,0.0,57.995308
2017-01-29 02:00:00,11.65329,5.072235,101833.86,9.315556,0.0,2.2590904,0.0,63.98928
2017-01-29 03:00:00,10.098541,7.506073,101828.555,0.0,0.0,2.0476794,0.0,83.92608
2017-01-29 04:00:00,9.653473,7.36734,101851.67,0.0,0.0,1.7892675,0.0,85.65137
2017-01-29 05:00:00,9.091705,7.132843,101852.69,0.0,0.0,1.7659065,0.0,87.534966
2017-01-29 06:00:00,8.435547,7.0916443,101871.45,0.0,0.0,1.7910327,0.0,91.24794
2017-01-29 07:00:00,7.8908997,7.0775757,101846.26,0.0,0.0,1.8715117,0.0,94.59618
2017-01-29 08:00:00,7.125183,6.433563,101806.06,0.0,0.0,1.9232427,0.0,95.36043
2017-01-29 09:00:00,5.838257,5.288849,101755.44,0.0,0.73516846,1.929792,0.0,96.26093
2017-01-29 10:00:00,4.941742,4.8071594,101782.11,0.0,0.93096924,1.4322319,0.0,99.06574
2017-01-29 11:00:00,4.398651,4.245697,101745.06,0.0,0.93536377,1.2384907,0.0,98.93417
2017-01-29 12:00:00,3.6046448,3.388153,101705.77,0.0,0.9378662,1.5010595,0.0,98.484764
2017-01-29 13:00:00,3.6316223,3.3995361,101691.016,0.0,0.9378662,1.1559997,0.0,98.37674
2017-01-29 14:00:00,4.379181,3.934784,101702.33,0.0,0.7614136,1.3106891,0.0,96.9306
2017-01-29 15:00:00,4.580414,4.109497,101726.516,0.0,0.7501831,1.198718,0.0,96.75529
2017-01-29 16:00:00,4.9088135,4.4355774,101732.09,25.635555,0.75390625,1.1636493,0.0,96.748024
2017-01-29 17:00:00,7.238312,6.4882507,101785.664,171.27112,0.7657776,1.3897346,0.0,94.98167
2017-01-29 18:00:00,9.486359,7.535858,101806.44,346.59555,0.7501526,1.639455,0.0,87.62145
2017-01-29 19:00:00,11.487488,5.549713,101731.46,486.56,0.96810913,1.81027,0.0,66.87773
2017-01-29 20:00:00,13.285828,5.99411,101663.734,580.32,0.97439575,2.0196195,0.0,61.28075
2017-01-29 21:00:00,14.735138,3.471405,101573.375,575.04,0.9949951,2.2278624,0.0,46.771362
2017-01-29 22:00:00,15.505951,5.93161,101487.28,550.4711,0.9762573,1.7759024,0.0,52.85324
2017-01-29 23:00:00,15.914612,5.829254,101391.586,445.38666,0.97561646,1.536565,0.0,51.12472
2017-01-30 00:00:00,15.789215,6.279724,101390.484,293.2089,0.9968872,1.0294646,0.0,53.165604
2017-01-30 01:00:00,14.892334,7.8539124,101366.56,120.924446,0.961853,1.8211392,0.0,62.733242
2017-01-30 02:00:00,12.825348,7.3854065,101339.96,9.315556,0.9550171,2.2049825,0.0,69.49136
2017-01-30 03:00:00,10.347992,7.566864,101302.95,0.0,0.98495483,2.0088978,0.0,82.88171
2017-01-30 04:00:00,9.448822,7.2357483,101288.08,0.0,0.9768677,1.9895625,0.0,86.059166
2017-01-30 05:00:00,8.147736,6.556122,101273.305,0.0,0.92749023,1.8073007,0.0,89.68842
2017-01-30 06:00:00,7.567169,7.023224,101273.7,0.0,0.8362732,1.6816038,0.0,96.34742
2017-01-30 07:00:00,7.3092957,6.9794617,101210.02,0.0,0.99624634,1.7035798,0.0,97.76633
2017-01-30 08:00:00,7.0103455,6.599884,101189.766,0.0,0.93255615,1.8535038,0.0,97.22053
2017-01-30 09:00:00,6.465912,5.7519226,101127.31,0.0,0.7701721,2.0786667,0.0,95.1889
2017-01-30 10:00:00,5.2581177,4.948822,101138.74,0.0,0.9606018,1.8525668,0.0,97.86977
2017-01-30 11:00:00,4.3070984,3.9873657,101080.69,0.0,1.0,1.7718996,0.0,97.78182
2017-01-30 12:00:00,3.9985046,3.6471558,101022.69,0.0,1.0,1.2772319,0.0,97.558876
2017-01-30 13:00:00,4.0523987,3.697052,101041.79,0.0,1.0,1.0163963,0.0,97.53246
2017-01-30 14:00:00,4.220581,3.9189453,101024.42,0.0,0.99749756,0.94738406,0.0,97.90475
2017-01-30 15:00:00,4.7554626,4.215851,101034.2,0.0,0.99124146,0.91907364,0.0,96.294975
2017-01-30 16:00:00,5.7257385,5.273285,101053.125,23.875555,0.98812866,1.2617297,0.0,96.90889
2017-01-30 17:00:00,7.8075256,6.9495544,101070.95,136.5689,0.99749756,1.1670586,0.0,94.30348
2017-01-30 18:00:00,10.017639,8.388794,101097.05,292.05334,0.9487915,1.1847664,0.0,89.60596
2017-01-30 19:00:00,11.911163,7.7875366,101055.02,407.94666,0.87249756,1.3682542,0.0,75.84777
2017-01-30 20:00:00,13.591766,8.075439,101011.35,529.1911,0.75064087,1.6561651,0.0,69.28312
2017-01-30 21:00:00,15.2291565,5.664276,100921.516,578.68445,0.6781616,1.8844268,0.0,52.81438
2017-01-30 22:00:00,16.56601,6.1069336,100860.39,572.0711,0.33065796,1.2764019,0.0,49.99497
2017-01-30 23:00:00,16.969635,6.2481384,100825.72,468.49777,0.44076538,1.1676091,0.0,49.206757
2017-01-31 00:00:00,16.840729,6.1096497,100820.82,321.5111,0.66448975,0.82173544,0.0,49.138927
2017-01-31 01:00:00,15.101807,7.431366,100804.27,130.93333,0.8769226,1.7338272,0.0,60.13418
2017-01-31 02:00:00,12.13916,6.2132874,100746.84,10.542222,0.93692017,1.7878611,0.0,67.07157
2017-01-31 03:00:00,10.898651,8.489868,100734.86,0.0,0.9593506,1.5508507,0.0,85.072014
2017-01-31 04:00:00,11.235687,8.460541,100741.25,0.0,0.95687866,1.2116709,0.0,83.024284
2017-01-31 05:00:00,10.497345,8.388641,100761.484,0.0,0.9762573,1.1784595,0.0,86.77844
2017-01-31 06:00:00,9.92276,8.362244,100806.695,0.0,0.88934326,1.1935805,0.0,90.01489
2017-01-31 07:00:00,8.981049,7.803131,100827.445,0.0,0.2911682,1.2804977,0.0,92.32297
2017-01-31 08:00:00,9.13089,7.9449463,100789.78,0.0,0.19314575,1.5921211,0.0,92.2813
2017-01-31 09:00:00,7.97171,7.514496,100716.125,0.0,0.2288208,1.5840169,0.0,96.93155
2017-01-31 10:00:00,7.111603,6.545227,100785.12,0.0,0.89816284,2.2851868,0.0,96.18581
2017-01-31 11:00:00,5.1981506,4.5691833,100711.06,0.0,0.8894348,1.7625877,0.0,95.70832
2017-01-31 12:00:00,4.853882,4.383148,100686.08,0.0,0.7689209,1.4317408,9.536743e-07,96.76356
2017-01-31 13:00:00,5.2521057,4.608795,100658.555,0.0,0.75390625,1.3391342,9.536743e-07,95.61425
2017-01-31 14:00:00,5.0848083,4.19458,100656.03,0.0,0.7520447,1.2995313,2.861023e-06,93.96875
2017-01-31 15:00:00,5.4656677,3.9776611,100639.47,0.0,0.7670288,1.1131123,9.536743e-07,90.13048
2017-01-31 16:00:00,5.9561768,4.6517334,100670.71,27.057777,0.75891113,0.95858204,0.0,91.332184
2017-01-31 17:00:00,7.768463,6.6314087,100690.086,157.86667,0.34695435,0.76707715,0.0,92.51112
2017-01-31 18:00:00,9.9844055,6.7365417,100680.36,342.6489,0.22125244,0.8995301,0.0,80.22712
2017-01-31 19:00:00,12.070465,6.1984253,100682.59,518.3822,0.37121582,1.161979,0.0,67.306625
2017-01-31 20:00:00,14.176178,6.264801,100624.22,595.8578,0.8781738,1.1698424,0.0,58.924664
2017-01-31 21:00:00,15.656403,3.277832,100530.33,611.7511,1.0,1.2093824,0.0,43.48324
2017-01-31 22:00:00,15.944489,7.8468018,100447.445,547.4311,0.98501587,1.0416079,0.0,58.608414
2017-01-31 23:00:00,16.255035,7.8683167,100407.95,414.45334,1.0,0.8025989,0.0,57.542088
2017-02-01 00:00:00,15.983856,8.773346,100430.03,232.83556,0.99935913,0.8249515,0.0,62.2547
2017-02-01 01:00:00,14.922089,9.978302,100394.58,100.42667,0.9793701,0.38343808,0.0,72.272125
2017-02-01 02:00:00,13.631317,8.959747,100374.89,9.013333,0.980011,0.12419884,0.0,73.371414
2017-02-01 03:00:00,12.25296,9.2638855,100357.195,0.0,0.98187256,0.79011625,0.0,81.95936
2017-02-01 04:00:00,11.446442,8.625427,100392.51,0.0,0.96499634,0.8301845,0.0,82.79258
2017-02-01 05:00:00,11.36203,8.160614,100407.11,0.0,0.9593506,1.4135975,0.0,80.67334
2017-02-01 06:00:00,11.708466,8.1684265,100393.23,0.0,0.816864,2.0386016,0.0,78.887436
2017-02-01 07:00:00,11.064117,8.088501,100382.72,0.0,0.47625732,1.9721202,0.0,81.88081
2017-02-01 08:00:00,9.934448,8.2291565,100308.19,0.0,0.42739868,2.1531816,0.0,89.13573
2017-02-01 09:00:00,9.622162,7.9460754,100261.86,0.0,0.5161438,2.4275331,0.0,89.28764
2017-02-01 10:00:00,8.36731,7.443756,100258.125,0.0,0.77438354,2.1849773,0.0,93.90649
2017-02-01 11:00:00,9.15448,7.6680603,100215.1,0.0,0.8262329,1.8150781,0.0,90.41296
2017-02-01 12:00:00,9.309784,7.8801575,100217.984,0.0,0.9555969,1.6596282,0.0,90.7746
2017-02-01 13:00:00,9.008026,7.830353,100216.14,0.0,0.9637451,1.6651858,0.0,92.32608
2017-02-01 14:00:00,8.267029,7.4617004,100222.37,0.0,0.93688965,1.5810812,0.0,94.66361
2017-02-01 15:00:00,9.534241,7.788025,100242.82,0.0,0.9075012,2.0441022,0.0,88.8551
2017-02-01 16:00:00,10.354553,8.230408,100270.66,24.675556,0.98934937,1.9183801,0.0,86.67361
2017-02-01 17:00:00,10.6163025,8.302765,100281.12,111.60889,1.0,2.935127,0.0,85.592926
2017-02-01 18:00:00,10.522644,8.147491,100226.234,105.49333,0.8718567,2.87637,9.250641e-05,85.22561
2017-02-01 19:00:00,11.659729,8.395691,100223.234,199.14667,0.9086914,2.4902945,6.771088e-05,80.37209
2017-02-01 20:00:00,11.467621,7.2059937,100206.86,332.94223,0.8830261,2.3792274,0.0,75.06212
2017-02-01 21:00:00,12.146088,4.908661,100183.67,207.66222,0.769989,2.3689797,0.0,61.240673
2017-02-01 22:00:00,13.447571,4.9995728,99970.82,311.59113,0.96932983,3.7932894,0.0,56.593784
2017-02-01 23:00:00,13.921143,6.4399414,99932.336,243.16444,1.0,4.22944,0.0001039505,60.63511
2017-02-02 00:00:00,13.01413,7.0064087,100031.15,111.60889,1.0,2.1424854,0.00023889542,66.88017
2017-02-02 01:00:00,12.926544,6.1507263,100062.16,75.111115,1.0,1.1086775,5.38826e-05,63.41886
2017-02-02 02:00:00,13.29599,7.8559265,99994.43,8.124444,0.9906006,1.2433307,1.1444092e-05,69.58448
2017-02-02 03:00:00,12.541351,9.084625,100024.86,0.0,0.9249878,1.0898955,3.9577484e-05,79.455246
2017-02-02 04:00:00,12.684174,9.136688,100066.836,0.0,0.9906311,0.63340026,1.0967255e-05,78.99113
2017-02-02 05:00:00,12.7344055,9.025909,100079.8,0.0,1.0,1.1867442,0.00030374527,78.14546
2017-02-02 06:00:00,12.084778,8.454346,100101.55,0.0,1.0,1.6863779,0.0005326271,78.460884
2017-02-02 07:00:00,11.806427,8.1302185,100107.71,0.0,0.97750854,2.6504605,0.00013446808,78.17557
2017-02-02 08:00:00,11.387299,7.7506104,100085.24,0.0,0.6536865,3.8059309,0.00036525726,78.322495
2017-02-02 09:00:00,11.203888,7.455902,100038.64,0.0,0.7788696,4.4556055,0.00018978119,77.701904
2017-02-02 10:00:00,11.265717,8.7187195,100017.35,0.0,0.8537903,4.5862474,0.00053977966,84.32029
2017-02-02 11:00:00,11.03949,8.635559,99970.94,0.0,0.9756775,4.0629435,0.0013108253,85.11524
2017-02-02 12:00:00,11.611908,9.522491,99989.71,0.0,0.98934937,3.8351896,0.0015845299,86.99893
2017-02-02 13:00:00,11.757111,9.684509,100020.11,0.0,0.8632202,4.1192303,0.0010910034,87.11106
2017-02-02 14:00:00,11.766998,9.975922,100042.31,0.0,1.0,4.6794515,0.000954628,88.771736
2017-02-02 15:00:00,12.199402,10.242096,100065.3,0.0,1.0,4.9326754,0.0005168915,87.82718
2017-02-02 16:00:00,12.502716,10.573578,100117.41,11.448889,0.9850464,5.107848,0.0005559921,88.01941
2017-02-02 17:00:00,13.382355,11.170929,100160.05,101.333336,1.0,5.3425756,3.7670135e-05,86.463875
2017-02-02 18:00:00,14.102203,11.545807,100223.11,202.88,1.0,5.2098675,4.7683716e-06,84.58479
2017-02-02 19:00:00,14.88913,12.210846,100248.375,265.92,1.0,5.7525315,9.536743e-06,83.99534
2017-02-02 20:00:00,15.559296,12.31485,100217.29,249.19112,1.0,5.90696,2.002716e-05,81.00616
2017-02-02 21:00:00,16.164642,11.490631,100148.83,321.10223,0.9924927,5.63874,2.7179718e-05,73.805984
2017-02-02 22:00:00,16.322968,12.890289,100125.89,246.89778,1.0,3.6063206,3.2901764e-05,80.114586
2017-02-02 23:00:00,16.203278,12.70401,100081.84,261.2089,1.0,2.88775,5.6743622e-05,79.74935
2017-02-03 00:00:00,15.789795,12.492401,100095.09,186.88,1.0,2.8183572,4.529953e-05,80.75552
2017-02-03 01:00:00,15.355255,12.073334,100118.08,63.146667,1.0,3.152892,6.2942505e-05,80.77945
2017-02-03 02:00:00,15.094879,11.962433,100104.3,6.577778,1.0,2.994647,3.7670135e-05,81.54464
2017-02-03 03:00:00,14.498444,12.758514,100110.29,0.0,1.0,3.1797204,7.2956085e-05,89.2943
2017-02-03 04:00:00,14.1944275,12.634216,100084.914,0.0,1.0,3.460362,0.00014543533,90.32952
2017-02-03 05:00:00,14.140167,12.645294,100082.64,0.0,1.0,3.714941,0.00036239624,90.71357
2017-02-03 06:00:00,14.118317,12.734131,100067.414,0.0,1.0,4.2756796,9.4890594e-05,91.372765
2017-02-03 07:00:00,14.022675,12.516388,100028.05,0.0,0.9981384,5.056028,1.3828278e-05,90.637566
2017-02-03 08:00:00,14.111481,12.575043,99960.195,0.0,1.0,5.362193,3.33786e-06,90.4646
2017-02-03 09:00:00,14.2778015,13.17926,99946.86,0.0,1.0,5.5021114,6.0081482e-05,93.105606
2017-02-03 10:00:00,13.971344,12.828888,99853.46,0.0,0.75250244,3.3468971,0.00014829636,92.82247
2017-02-03 11:00:00,14.004059,12.843292,99819.8,0.0,0.93811035,3.8658435,0.0003504753,92.71302
2017-02-03 12:00:00,14.302277,13.132172,99748.57,0.0,0.9362488,4.3442407,0.0005879402,92.67272
2017-02-03 13:00:00,14.256805,12.970612,99739.81,0.0,0.94000244,3.9982424,0.0014977455,91.969505
2017-02-03 14:00:00,13.95108,12.812408,99759.68,0.0,1.0,3.6704783,0.001303196,92.84439
2017-02-03 15:00:00,13.770172,12.009399,99855.53,0.0,1.0,3.253881,0.00058460236,89.114296
2017-02-03 16:00:00,13.761353,12.639252,99946.66,18.346666,0.37734985,3.1507015,0.000330925,92.93513
2017-02-03 17:00:00,14.201324,12.7491455,100009.33,100.72889,0.3829956,3.654964,3.4809113e-05,90.97198
2017-02-03 18:00:00,15.285706,13.49234,100061.31,217.31555,0.296875,4.3012867,6.0081482e-05,89.04549
2017-02-03 19:00:00,16.08023,13.818512,100100.92,400.48,0.39627075,5.34442,3.71933e-05,86.44252
2017-02-03 20:00:00,15.444489,13.440765,100084.375,374.88,0.41506958,5.863289,0.00010204315,87.846535
2017-02-03 21:00:00,15.311737,12.599335,100040.44,403.1111,0.6569824,5.932045,0.00025844574,83.85554
2017-02-03 22:00:00,15.607269,12.266907,100027.5,324.76443,0.52386475,5.1806216,0.00012397766,80.503235
2017-02-03 23:00:00,15.441284,12.127014,100024.73,341.76,0.60510254,4.40385,0.00011062622,80.61911
2017-02-04 00:00:00,14.879425,11.774109,100092.45,210.6311,0.42749023,3.8314126,0.00012493134,81.662865
2017-02-04 01:00:00,14.638336,11.468292,100122.34,125.564445,0.9525757,3.4550505,9.536743e-05,81.2829
2017-02-04 02:00:00,14.346893,11.368378,100189.88,10.56,1.0,3.0965364,0.00025749207,82.28262
2017-02-04 03:00:00,13.451447,11.94046,100283.93,0.0,1.0,2.467063,9.6321106e-05,90.56973
2017-02-04 04:00:00,13.299286,11.880005,100281.984,0.0,0.94747925,2.1113393,0.00021457672,91.1088
2017-02-04 05:00:00,13.243744,11.6996155,100368.33,0.0,0.89697266,2.0475974,0.00020122528,90.35714
2017-02-04 06:00:00,12.923859,11.467865,100424.5,0.0,0.98501587,1.7888538,0.00046110153,90.86287
2017-02-04 07:00:00,12.828461,11.350616,100451.47,0.0,0.99124146,1.874976,0.00039196014,90.72495
2017-02-04 08:00:00,12.755402,11.312561,100489.25,0.0,0.8781738,2.3071332,0.0003771782,90.93059
2017-02-04 09:00:00,12.448914,10.936279,100490.7,0.0,0.5950012,2.252825,7.343292e-05,90.48923
2017-02-04 10:00:00,12.512665,11.183685,100510.984,0.0,0.5194092,1.4922669,0.00010442734,91.60372
2017-02-04 11:00:00,12.391113,11.074066,100476.22,0.0,0.5643921,1.6321646,3.671646e-05,91.66866
2017-02-04 12:00:00,11.896759,10.517792,100487.42,0.0,0.7786865,1.9139292,2.6226044e-05,91.26019
2017-02-04 13:00:00,12.180511,10.718475,100494.53,0.0,0.60180664,2.2685153,7.6293945e-06,90.7755
2017-02-04 14:00:00,12.023346,10.562195,100527.14,0.0,0.6231384,2.4067273,9.536743e-06,90.77002
2017-02-04 15:00:00,12.161255,10.042023,100568.75,0.0,0.7494507,2.6309543,8.583069e-06,86.877655
2017-02-04 16:00:00,12.19693,10.003387,100608.95,22.826666,0.8444519,2.5845878,4.2915344e-05,86.45003
2017-02-04 17:00:00,13.083191,10.88913,100667.69,121.95556,0.975647,2.522624,4.2438507e-05,86.534256
2017-02-04 18:00:00,14.289276,11.521881,100715.57,244.01778,0.9793701,2.6505687,4.8160553e-05,83.433586
2017-02-04 19:00:00,14.933868,11.422333,100705.875,323.28888,1.0,2.6022632,8.773804e-05,79.50601
2017-02-04 20:00:00,14.659027,11.038788,100689.94,353.54666,0.9906311,3.4563994,5.00679e-05,78.89554
2017-02-04 21:00:00,15.504608,9.187592,100604.484,509.0311,0.995636,3.5975,0.000111579895,66.01458
2017-02-04 22:00:00,15.113464,11.18631,100574.58,443.14667,0.975647,2.9094002,9.536743e-05,77.37233
2017-02-04 23:00:00,15.430817,11.432678,100541.66,346.88,0.99935913,2.7429879,3.8146973e-05,77.05847
2017-02-05 00:00:00,14.889252,10.825958,100539.67,218.72,0.8474426,2.2612393,5.2452087e-06,76.64076
2017-02-05 01:00:00,14.567291,10.1875305,100543.64,117.31555,0.72924805,1.6496745,0.0,74.98802
2017-02-05 02:00:00,13.447662,9.965485,100576.85,13.582222,0.79745483,1.3742387,0.0,79.44936
2017-02-05 03:00:00,12.485992,10.830658,100635.1,0.0,0.55371094,1.4063886,0.0,89.63742
2017-02-05 04:00:00,11.8611145,10.422699,100599.44,0.0,0.97750854,1.6363502,0.0,90.89663
2017-02-05 05:00:00,11.631561,10.368195,100590.67,0.0,0.9981384,1.8601806,0.0,91.95
2017-02-05 06:00:00,11.729614,10.463104,100587.95,0.0,0.9981384,1.6027161,0.0,91.93668
2017-02-05 07:00:00,11.83493,10.519806,100537.87,0.0,1.0,1.6468117,0.0,91.645546
2017-02-05 08:00:00,11.378204,10.203644,100487.516,0.0,1.0,1.9279567,0.0,92.4822
2017-02-05 09:00:00,11.063324,10.3246765,100430.47,0.0,1.0,1.6700246,0.0,95.200386
2017-02-05 10:00:00,10.684174,9.843109,100407.484,0.0,1.0,1.8091393,0.0,94.535355
2017-02-05 11:00:00,10.313019,9.619415,100333.03,0.0,1.0,1.9522644,0.0,95.461
2017-02-05 12:00:00,10.23764,9.47464,100324.23,0.0,1.0,1.6113604,0.0,95.01415
2017-02-05 13:00:00,10.23407,9.436249,100295.15,0.0,1.0,1.9738646,0.0,94.79179
2017-02-05 14:00:00,10.153412,9.360199,100266.375,0.0,1.0,2.1074967,0.0,94.81797
2017-02-05 15:00:00,10.4374695,9.184662,100210.14,0.0,1.0,2.348286,0.0,91.942505
2017-02-05 16:00:00,10.376617,9.056,100215.766,13.724444,1.0,2.7058256,0.0,91.51932
2017-02-05 17:00:00,11.144806,9.081512,100164.234,77.08444,1.0,2.8465436,0.0,87.10761
2017-02-05 18:00:00,11.995331,9.579468,100113.72,194.70222,1.0,3.3007345,4.7683716e-07,85.14996
2017-02-05 19:00:00,12.982513,9.730255,100036.305,396.55112,0.9825134,3.7730992,0.0,80.61783
2017-02-05 20:00:00,13.594147,9.619354,99970.58,348.35556,0.98498535,4.66224,9.536743e-07,76.889244
2017-02-05 21:00:00,14.240814,8.482239,99842.99,284.16,0.9981384,5.796846,1.5258789e-05,68.28346
2017-02-05 22:00:00,14.552795,10.30014,99667.2,254.82666,1.0,5.568382,3.4332275e-05,75.62525
2017-02-05 23:00:00,14.411407,10.452667,99610.89,184.03555,1.0,4.930686,1.5735626e-05,77.10073
2017-02-06 00:00:00,13.937164,9.787994,99588.53,170.50667,1.0,4.9490595,1.04904175e-05,76.04949
2017-02-06 01:00:00,13.62735,9.884918,99530.32,63.02222,1.0,5.988231,0.00023126602,78.102356
2017-02-06 02:00:00,13.165131,10.078644,99441.86,6.9333334,0.9924927,6.693232,0.0018658638,81.54277
2017-02-06 03:00:00,12.77063,11.184113,99391.66,0.0,0.79818726,6.907833,0.0024356842,90.069626
2017-02-06 04:00:00,13.124207,11.507355,99449.07,0.0,1.0,6.371161,0.0016365051,89.915016
2017-02-06 05:00:00,13.111237,12.061829,99439.93,0.0,1.0,6.1342025,0.0021948814,93.34661
2017-02-06 06:00:00,13.372345,12.4530945,99463.195,0.0,1.0,5.850128,0.0026726723,94.1616
2017-02-06 07:00:00,13.304047,12.246429,99432.67,0.0,0.9924927,5.365985,0.0016126633,93.30587
2017-02-06 08:00:00,13.442108,12.38559,99480.24,0.0,1.0,4.6027355,0.0011072159,93.31958
2017-02-06 09:00:00,13.018219,12.249084,99429.54,0.0,1.0,3.5033395,0.00020837784,95.08076
2017-02-06 10:00:00,13.175293,11.985992,99472.805,0.0,1.0,2.3365445,7.2956085e-05,92.49344
2017-02-06 11:00:00,13.416718,12.097931,99515.36,0.0,1.0,2.2708187,0.00014066696,91.72188
2017-02-06 12:00:00,13.238922,11.773163,99502.02,0.0,1.0,2.514422,6.0081482e-05,90.8257
2017-02-06 13:00:00,13.314606,11.715485,99585.94,0.0,1.0,2.978269,3.2424927e-05,90.0346
2017-02-06 14:00:00,13.164703,11.451996,99538.875,0.0,1.0,2.562995,8.201599e-05,89.34951
2017-02-06 15:00:00,13.00058,10.717987,99632.34,0.0,1.0,2.1992137,8.106232e-05,86.01785
2017-02-06 16:00:00,13.216278,11.027313,99752.12,29.795555,1.0,2.602652,0.00016784668,86.57661
2017-02-06 17:00:00,13.609222,11.586945,99768.21,110.22222,1.0,2.4247992,0.00015735626,87.57546
2017-02-06 18:00:00,14.3177185,12.457123,99884.25,217.84889,1.0,2.8682978,0.000113487244,88.57566
2017-02-06 19:00:00,14.380157,12.2039795,99882.56,100.78222,1.0,3.702586,0.00024414062,86.76253
2017-02-06 20:00:00,14.1649475,12.676483,99889.016,231.00444,1.0,3.9032416,0.00011730194,90.75341
2017-02-06 21:00:00,14.212524,11.875397,99910.25,257.44,1.0,4.336466,0.00019168854,85.83074
2017-02-06 22:00:00,14.392883,12.596802,99882.266,190.66667,1.0,3.863843,6.2942505e-05,88.95774
2017-02-06 23:00:00,14.637299,12.863861,99888.09,124.977776,1.0,3.6854916,0.00015687943,89.10954
2017-02-07 00:00:00,14.746307,12.274994,99915.64,107.94666,1.0,3.681033,0.00030946732,85.130936
2017-02-07 01:00:00,14.602692,12.28244,99890.46,31.911112,1.0,4.128563,0.0004992485,85.965904
2017-02-07 02:00:00,13.950897,12.125916,99873.36,2.9155555,1.0,4.140261,0.0005340576,88.75282
2017-02-07 03:00:00,13.402985,12.501434,99836.8,0.0,1.0,3.8504941,0.00045108795,94.27244
2017-02-07 04:00:00,13.257324,12.352905,99823.49,0.0,1.0,4.7136903,0.00047445297,94.24834
2017-02-07 05:00:00,13.081207,12.197784,99775.55,0.0,1.0,5.3148074,0.00061273575,94.370995
2017-02-07 06:00:00,13.12796,11.750519,99798.41,0.0,1.0,5.73119,0.001147747,91.34955
2017-02-07 07:00:00,13.098633,11.469666,99739.45,0.0,1.0,6.2661176,0.0010433197,89.84102
2017-02-07 08:00:00,13.431305,11.6753845,99770.875,0.0,1.0,6.803633,0.0016589165,89.11567
2017-02-07 09:00:00,13.521454,12.040497,99703.53,0.0,1.0,6.339617,0.00094795227,90.75403
2017-02-07 10:00:00,14.512665,13.694977,99724.9,0.0,1.0,5.4759307,0.00085926056,94.83634
2017-02-07 11:00:00,15.086121,14.336517,99679.84,0.0,1.0,5.792003,0.0008177757,95.27768
2017-02-07 12:00:00,15.656769,14.957977,99631.08,0.0,1.0,6.891063,0.0017933846,95.61045
2017-02-07 13:00:00,15.6406555,14.93988,99570.71,0.0,1.0,7.562774,0.0024437904,95.597694
2017-02-07 14:00:00,15.559296,14.807373,99608.16,0.0,1.0,7.630539,0.004075527,95.28027
2017-02-07 15:00:00,15.600159,14.737213,99629.33,0.0,1.0,7.6419477,0.003387928,94.60193
2017-02-07 16:00:00,15.674103,14.971161,99710.83,3.4844444,1.0,6.8627234,0.0022902489,95.58547
2017-02-07 17:00:00,15.676056,15.159637,99827.72,16.213333,1.0,5.427104,0.0015406609,96.739876
2017-02-07 18:00:00,15.960785,15.589722,99983.52,57.422222,1.0,4.1951566,0.0014390945,97.652985
2017-02-07 19:00:00,16.261078,15.82431,100062.37,70.80889,1.0,2.4939942,0.00078201294,97.24878
2017-02-07 20:00:00,16.206879,16.051392,100078.58,137.12,1.0,1.477767,0.00053167343,99.01241
2017-02-07 21:00:00,16.397278,15.713104,100122.64,103.41333,1.0,1.5634159,0.00019454956,95.724464
2017-02-07 22:00:00,16.154144,15.55835,100093.08,153.70667,1.0,1.4882911,4.9114227e-05,96.260704
2017-02-07 23:00:00,16.5029,15.800079,100119.17,200.46222,1.0,1.7616158,2.002716e-05,95.61372
2017-02-08 00:00:00,16.08493,15.221863,100140.66,125.72444,1.0,0.7161298,9.059906e-06,94.62082
2017-02-08 01:00:00,15.574127,14.505707,100246.984,88.8,1.0,1.2631192,3.8146973e-06,93.35376
2017-02-08 02:00:00,15.13443,14.136383,100230.7,8.053333,1.0,1.1969732,9.536743e-07,93.7587
2017-02-08 03:00:00,14.643646,14.287506,100302.19,0.0,1.0,0.30659708,4.7683716e-07,97.72364
2017-02-08 04:00:00,14.617889,14.142487,100394.28,0.0,1.0,0.76248497,4.7683716e-07,96.970985
2017-02-08 05:00:00,14.502411,13.950653,100394.81,0.0,1.0,1.7528276,1.4305115e-06,96.48901
2017-02-08 06:00:00,14.413971,13.792389,100430.47,0.0,1.0,1.6907071,6.484985e-05,96.04989
2017-02-08 07:00:00,14.302704,13.639618,100534.92,0.0,1.0,1.5628691,0.00089883804,95.78754
2017-02-08 08:00:00,14.297211,13.593048,100518.75,0.0,1.0,2.0254738,0.001265049,95.531624
2017-02-08 09:00:00,14.495453,13.776276,100488.33,0.0,1.0,2.1135082,0.0006132126,95.44514
2017-02-08 10:00:00,14.802826,14.019623,100493.0,0.0,0.9906311,2.6136866,0.00013065338,95.06012
2017-02-08 11:00:00,14.872437,14.083099,100399.67,0.0,1.0,3.220765,8.4877014e-05,95.02491
2017-02-08 12:00:00,15.116882,14.300018,100410.3,0.0,1.0,3.6052737,8.34465e-05,94.86488
2017-02-08 13:00:00,15.437317,14.667145,100427.73,0.0,1.0,3.4331896,4.4822693e-05,95.16377
2017-02-08 14:00:00,15.403717,14.613068,100438.19,0.0,1.0,3.6835756,0.00012540817,95.03677
2017-02-08 15:00:00,15.562164,14.552002,100513.586,0.0,1.0,3.7956946,0.00021409988,93.705315
2017-02-08 16:00:00,15.710846,14.624634,100555.72,12.942223,1.0,3.5309126,0.0005393028,93.25335
2017-02-08 17:00:00,15.750763,14.697418,100594.95,43.52,1.0,3.4489675,0.00081825256,93.45342
2017-02-08 18:00:00,15.923798,14.899353,100657.414,76.8,1.0,3.8529272,0.0005598068,93.63613
2017-02-08 19:00:00,16.37558,15.285004,100647.695,146.36444,1.0,4.0503983,0.00067186356,93.26055
2017-02-08 20:00:00,16.69571,15.649475,100614.44,119.23556,1.0,3.4019744,0.0006070137,93.541985
2017-02-08 21:00:00,16.66388,15.569061,100578.695,108.08889,1.0,3.6761496,0.0005378723,93.24964
2017-02-08 22:00:00,16.737518,15.804474,100547.75,140.81778,1.0,2.9773595,0.00069379807,94.224304
2017-02-08 23:00:00,16.823792,15.803101,100507.22,96.53333,1.0,3.0023825,0.00017499924,93.70122
2017-02-09 00:00:00,17.02005,15.849091,100476.13,95.27111,1.0,2.899857,5.2452087e-06,92.81447
2017-02-09 01:00:00,16.342804,15.00766,100449.38,40.8,1.0,2.664201,1.4305115e-06,91.80326
2017-02-09 02:00:00,16.518799,15.165741,100432.8,6.5244446,1.0,2.4454415,1.4305115e-06,91.70821
2017-02-09 03:00:00,16.161774,14.642242,100440.61,0.0,1.0,2.3942196,1.4305115e-06,90.7067
2017-02-09 04:00:00,16.413086,14.831268,100442.03,0.0,1.0,2.482941,9.536743e-07,90.36034
2017-02-09 05:00:00,15.976471,14.39151,100492.836,0.0,1.0,2.358598,4.7683716e-07,90.31105
2017-02-09 06:00:00,16.072784,14.461212,100471.03,0.0,1.0,2.678647,4.7683716e-07,90.162636
2017-02-09 07:00:00,16.014008,14.568695,100482.58,0.0,1.0,3.0339558,1.9073486e-06,91.13264
2017-02-09 08:00:00,16.113953,14.703522,100454.3,0.0,1.0,3.2525132,2.3841858e-06,91.34458
2017-02-09 09:00:00,15.470612,14.773102,100364.08,0.0,1.0,3.475024,2.861023e-06,95.612175
2017-02-09 10:00:00,15.415375,13.675018,100321.625,0.0,1.0,1.3955399,2.861023e-06,89.36356
2017-02-09 11:00:00,15.29364,13.426422,100248.414,0.0,1.0,2.762638,9.536743e-07,88.61862
2017-02-09 12:00:00,14.985535,13.114777,100218.266,0.0,1.0,3.240126,9.536743e-07,88.5725
2017-02-09 13:00:00,14.842194,12.71228,100119.06,0.0,1.0,3.2126496,0.0,87.07042
2017-02-09 14:00:00,14.824982,12.683899,100119.7,0.0,1.0,4.0422826,0.0,87.005066
2017-02-09 15:00:00,14.75473,13.132965,100112.47,0.0,1.0,4.7299647,0.0,90.006874
2017-02-09 16:00:00,15.216278,13.287811,100044.38,12.053333,1.0,5.191425,0.001127243,88.25884
2017-02-09 17:00:00,15.216675,13.948578,100087.3,54.79111,1.0,5.6115966,0.0023856163,92.134865
2017-02-09 18:00:00,15.249176,14.254547,100070.234,42.70222,1.0,6.0410843,0.002532959,93.78486
2017-02-09 19:00:00,15.277374,14.138031,100102.76,90.702225,1.0,6.3131466,0.0017127991,92.91101
2017-02-09 20:00:00,14.949921,13.695465,100161.15,80.71111,1.0,5.9290833,0.0025510788,92.20102
2017-02-09 21:00:00,14.871338,13.455902,100141.17,45.29778,1.0,5.5829206,0.0023822784,91.23493
2017-02-09 22:00:00,14.901703,14.391937,99988.81,43.537777,1.0,4.2311363,0.0017027855,96.76224
2017-02-09 23:00:00,14.884766,14.32312,100009.25,35.11111,1.0,4.0352497,0.0010032654,96.4375
2017-02-10 00:00:00,14.759613,13.9583435,100014.875,66.026665,1.0,3.3601284,0.0005598068,94.94711
2017-02-10 01:00:00,14.908905,13.9305725,100014.734,25.706667,1.0,3.024963,0.00041770935,93.868225
2017-02-10 02:00:00,14.719757,13.618805,100068.05,3.8933334,1.0,2.3703978,0.00043964386,93.11379
2017-02-10 03:00:00,14.5364685,13.757996,100088.266,0.0,1.0,1.6678543,0.00043678284,95.07939
2017-02-10 04:00:00,14.380035,13.615814,100104.11,0.0,1.0,1.9343334,0.00026607513,95.161804
2017-02-10 05:00:00,14.027191,13.276978,100137.81,0.0,1.0,1.8289043,0.0001449585,95.235855
2017-02-10 06:00:00,13.946472,13.306213,100180.16,0.0,1.0,1.2868071,0.00016212463,95.91886
2017-02-10 07:00:00,13.805756,13.162872,100202.414,0.0,1.0,1.5218387,0.0002822876,95.89803
2017-02-10 08:00:00,13.837006,13.139496,100202.67,0.0,1.0,1.7901531,0.000248909,95.55748
2017-02-10 09:00:00,13.574341,13.407898,100164.016,0.0,1.0,2.0710974,0.00011539459,98.921524
2017-02-10 10:00:00,13.468262,13.142548,100170.31,0.0,1.0,1.6962045,0.00032424927,97.8974
2017-02-10 11:00:00,13.344086,13.089264,100179.17,0.0,1.0,1.5777173,0.00075244904,98.35011
2017-02-10 12:00:00,12.839996,12.627319,100185.28,0.0,1.0,1.1888664,0.00069618225,98.61591
2017-02-10 13:00:00,12.734894,12.577484,100209.19,0.0,1.0,0.99970794,0.0010914803,98.973114
2017-02-10 14:00:00,12.587067,12.269165,100206.36,0.0,1.0,1.0333962,0.0010652542,97.93336
2017-02-10 15:00:00,12.477509,11.970612,100262.016,0.0,1.0,0.7518323,0.0003299713,96.71989
2017-02-10 16:00:00,12.850067,12.277008,100339.266,13.191112,1.0,0.78619844,9.1552734e-05,96.309395
2017-02-10 17:00:00,13.260101,12.2378845,100370.31,70.577774,1.0,0.513655,5.9127808e-05,93.52123
2017-02-10 18:00:00,13.61203,12.476532,100401.54,134.4,1.0,0.92413807,5.8174133e-05,92.845505
2017-02-10 19:00:00,14.191437,12.267548,100417.41,276.0711,1.0,1.4831136,2.4318695e-05,88.19724
2017-02-10 20:00:00,14.261261,11.88916,100421.98,387.71555,0.9937439,2.2339244,6.151199e-05,85.63796
2017-02-10 21:00:00,15.54126,10.9565735,100351.086,470.84445,0.95999146,2.595305,0.00019693375,74.13596
2017-02-10 22:00:00,15.520294,12.485382,100354.5,444.19556,0.9393616,3.0362353,0.00010681152,82.124054
2017-02-10 23:00:00,15.090393,10.665131,100357.53,423.71555,0.8343506,2.9369485,3.8146973e-05,74.84893
2017-02-11 00:00:00,14.989716,10.492584,100418.25,280.72888,0.87060547,3.1607618,1.9550323e-05,74.474144
2017-02-11 01:00:00,14.07843,10.035461,100434.19,138.02667,0.926239,2.9772162,4.7683716e-07,76.61545
2017-02-11 02:00:00,13.168488,9.654175,100430.67,20.604445,0.93688965,3.0192924,0.0,79.2382
2017-02-11 03:00:00,12.32663,10.529449,100506.33,0.0,0.24377441,2.8149667,0.0,88.78198
2017-02-11 04:00:00,11.817352,10.066528,100562.69,0.0,0.30004883,2.546251,0.0,89.015434
2017-02-11 05:00:00,11.96637,10.126923,100615.61,0.0,0.49191284,2.225397,0.0,88.50155
2017-02-11 06:00:00,11.973724,9.836121,100647.9,0.0,0.37942505,2.3653867,0.0,86.75273
2017-02-11 07:00:00,11.717926,9.421539,100687.914,0.0,0.08248901,2.638287,0.0,85.80716
2017-02-11 08:00:00,11.265167,8.7535095,100728.78,0.0,0.026245117,2.9642348,0.0,84.52199
2017-02-11 09:00:00,10.26059,7.851715,100764.484,0.0,0.023132324,2.930238,0.0,85.001915
2017-02-11 10:00:00,9.404114,6.531555,100797.78,0.0,0.052520752,2.483702,0.0,82.24579
2017-02-11 11:00:00,9.485718,6.5648804,100760.19,0.0,0.022491455,2.2660906,0.0,81.98346
2017-02-11 12:00:00,9.741791,6.820099,100795.06,0.0,0.013153076,2.521975,0.0,82.01177
2017-02-11 13:00:00,9.679108,6.940155,100850.586,0.0,0.15185547,2.284537,0.0,83.0389
2017-02-11 14:00:00,9.715363,7.055176,100900.94,0.0,0.24121094,2.026904,0.0,83.493004
2017-02-11 15:00:00,9.461029,6.127411,100926.28,0.0,0.07119751,1.5907599,0.0,79.68042
2017-02-11 16:00:00,9.1996765,5.5066223,100934.266,46.79111,0.07116699,1.933552,0.0,77.68362
2017-02-11 17:00:00,10.13443,5.915436,100978.81,200.60445,0.11117554,2.25781,0.0,75.0546
2017-02-11 18:00:00,11.366333,6.325409,101039.266,371.48444,0.17752075,2.9429662,0.0,71.13143
2017-02-11 19:00:00,11.865875,6.3556213,101072.16,494.16888,0.14575195,3.2600286,0.0,68.96422
2017-02-11 20:00:00,12.88681,6.6535645,101056.04,554.18665,0.056427002,3.1296475,0.0,65.82536
2017-02-11 21:00:00,13.799042,5.677002,100979.58,643.18225,0.029510498,3.3632646,0.0,57.97995
2017-02-11 22:00:00,14.617157,6.824005,100908.29,616.8,0.003753662,3.6124141,0.0,59.514248
2017-02-11 23:00:00,14.882263,6.988556,100912.18,521.3689,0.0,3.2278988,0.0,59.169357
2017-02-12 00:00:00,15.04361,7.148712,100862.94,372.81778,0.0,2.279909,0.0,59.2039
2017-02-12 01:00:00,14.792938,8.59433,100856.89,189.79556,0.0,2.034168,0.0,66.391945
2017-02-12 02:00:00,13.539581,8.859039,100882.18,28.675556,0.0,2.4730756,0.0,73.31059
2017-02-12 03:00:00,11.999268,9.84494,100958.16,0.0,0.0,1.9100277,0.0,86.658005
2017-02-12 04:00:00,11.719238,9.553741,100950.33,0.0,0.0,1.4175583,0.0,86.56566
2017-02-12 05:00:00,10.541565,8.554718,100988.0,0.0,0.0,1.7818482,0.0,87.50224
2017-02-12 06:00:00,10.233734,8.147644,100995.92,0.0,0.0,2.0874887,0.0,86.88614
2017-02-12 07:00:00,9.892792,7.4112854,100975.89,0.0,0.0,1.8992871,0.0,84.54103
2017-02-12 08:00:00,9.251923,6.404022,100989.5,0.0,0.0,1.7423252,0.0,82.36612
2017-02-12 09:00:00,8.737457,5.693939,100992.74,0.0,0.0,1.8444577,0.0,81.19341
2017-02-12 10:00:00,10.045624,7.9394226,100983.484,0.0,0.0,0.33475608,0.0,86.749146
2017-02-12 11:00:00,9.332581,6.7288513,100993.36,0.0,0.0,0.7301739,0.0,83.77158
2017-02-12 12:00:00,8.51236,5.8696594,100978.93,0.0,0.0,0.65638983,0.0,83.44912
2017-02-12 13:00:00,8.55069,5.713196,100990.16,0.0,0.0,0.960946,0.0,82.33597
2017-02-12 14:00:00,8.552887,5.3442383,100967.17,0.0,0.0,1.03119,0.0,80.24312
2017-02-12 15:00:00,8.891296,4.6480713,100997.89,0.0,0.0,1.071351,0.0,74.713806
2017-02-12 16:00:00,8.489349,5.235626,101067.7,58.24,0.0,1.2544243,0.0,79.983086
2017-02-12 17:00:00,11.073608,5.3631897,101090.84,240.42667,0.6882019,0.9900941,0.0,67.853485
2017-02-12 18:00:00,12.831329,2.8226624,101158.484,423.07556,0.8331299,1.3584335,0.0,50.558777
2017-02-12 19:00:00,14.039093,1.357544,101124.305,559.69775,0.80371094,1.770075,0.0,42.09383
2017-02-12 20:00:00,14.637299,1.7347717,101060.84,656.08887,0.9924927,2.0366483,0.0,41.60477
2017-02-12 21:00:00,16.29004,1.1236267,100983.49,680.0711,1.0,2.1438766,0.0,35.81414
2017-02-12 22:00:00,16.508575,2.933075,100835.31,631.1111,0.9049988,1.9406371,0.0,40.18803
2017-02-12 23:00:00,16.847198,3.4696655,100826.28,538.79114,0.0,2.4156404,0.0,40.85301
2017-02-13 00:00:00,16.046234,4.2505493,100798.22,383.46667,0.42630005,2.4553232,0.0,45.417313
2017-02-13 01:00:00,15.00177,6.786957,100819.31,197.65334,0.2043457,2.1260614,0.0,57.908833
2017-02-13 02:00:00,13.079742,7.476166,100853.25,31.146667,0.007507324,2.0350013,0.0,68.769585
2017-02-13 03:00:00,11.292206,8.72998,100873.85,0.0,0.03189087,1.859728,0.0,84.2365
2017-02-13 04:00:00,11.021454,8.601776,100886.875,0.0,0.0,1.2298938,0.0,85.02261
2017-02-13 05:00:00,11.348846,9.19809,100859.52,0.0,0.15005493,0.27232116,0.0,86.615166
2017-02-13 06:00:00,11.469666,9.9739685,100837.266,0.0,0.91690063,1.2651166,0.0,90.52206
2017-02-13 07:00:00,11.232025,9.692963,100825.9,0.0,0.9862366,0.8554079,0.0,90.24219
2017-02-13 08:00:00,11.046082,9.641693,100842.0,0.0,1.0,0.64866245,0.0,91.04866
2017-02-13 09:00:00,9.803131,9.437103,100785.2,0.0,1.0,0.30234104,0.0,97.571884
2017-02-13 10:00:00,9.060699,8.747192,100757.96,0.0,0.99935913,0.966468,0.0,97.90493
2017-02-13 11:00:00,9.0364685,8.722382,100752.92,0.0,0.98999023,0.7302647,0.0,97.900696
2017-02-13 12:00:00,8.6605835,8.28598,100732.77,0.0,0.9812012,0.63034666,0.0,97.49333
2017-02-13 13:00:00,8.1180725,7.5471497,100725.125,0.0,0.9868469,0.6586835,0.0,96.185844
2017-02-13 14:00:00,9.02359,8.376038,100752.86,0.0,0.52249146,0.58303493,0.0,95.714096
2017-02-13 15:00:00,9.198456,7.7341614,100809.7,0.0,0.9356079,0.47780204,0.0,90.55262
2017-02-13 16:00:00,9.015137,7.4099426,100873.58,43.875557,0.9906311,0.83416426,0.0,89.672325
2017-02-13 17:00:00,9.551056,7.208374,100915.66,160.39111,0.991272,1.1538097,0.0,85.30979
2017-02-13 18:00:00,10.425232,7.102112,100929.336,283.27112,0.98876953,1.3655916,0.0,79.876076
2017-02-13 19:00:00,11.5781555,7.662628,100919.45,368.87112,1.0,1.3187741,0.0,76.8769
2017-02-13 20:00:00,12.73526,8.061249,100867.445,434.91556,1.0,1.2189575,0.0,73.19878
2017-02-13 21:00:00,13.833099,6.168518,100753.8,496.81778,0.9925232,1.0265079,0.0,59.852196
2017-02-13 22:00:00,15.175995,8.384613,100682.31,464.48,0.98065186,0.6621262,0.0,63.86029
2017-02-13 23:00:00,15.410736,8.38266,100650.24,442.3289,0.93188477,0.3864836,0.0,62.896122
2017-02-14 00:00:00,15.118134,8.960419,100619.305,262.11557,0.9012451,1.252347,0.0,66.64491
2017-02-14 01:00:00,14.540527,8.832062,100608.72,166.57777,0.46426392,1.8423783,0.0,68.57653
2017-02-14 02:00:00,13.126984,8.699799,100609.63,29.51111,0.34988403,1.5826567,0.0,74.50398
2017-02-14 03:00:00,12.639252,10.770935,100632.945,0.0,0.14379883,1.8331717,0.0,88.38854
2017-02-14 04:00:00,12.763275,11.296417,100658.6,0.0,0.15628052,1.8104347,0.0,90.78652
2017-02-14 05:00:00,11.878937,10.716034,100691.5,0.0,0.068115234,1.4289753,0.0,92.582405
2017-02-14 06:00:00,12.220306,11.248199,100706.516,0.0,0.109954834,0.9632409,0.0,93.78123
2017-02-14 07:00:00,13.058075,12.110382,100701.94,0.0,0.099975586,1.0523607,0.0,93.97153
2017-02-14 08:00:00,11.9841,11.554291,100709.95,0.0,0.060638428,1.0255831,0.0,97.20188
2017-02-14 09:00:00,10.641632,10.463287,100704.664,0.0,0.5701294,0.97684836,0.0,98.81813
2017-02-14 10:00:00,8.892059,8.437897,100684.4,0.0,0.76834106,1.8013258,0.0,96.973625
2017-02-14 11:00:00,8.842926,8.423401,100610.766,0.0,0.7520447,1.3865505,0.0,97.2005
2017-02-14 12:00:00,9.279694,8.833374,100624.06,0.0,0.9222717,1.3556982,0.0,97.034195
2017-02-14 13:00:00,9.726837,9.365204,100638.53,0.0,0.88238525,0.53792524,0.0,97.59929
2017-02-14 14:00:00,9.445404,9.215851,100667.18,0.0,0.7620239,0.48676538,1.4305115e-06,98.46676
2017-02-14 15:00:00,9.020355,8.517731,100709.03,0.0,0.7714844,0.28926027,9.536743e-07,96.65889
2017-02-14 16:00:00,10.178955,9.10556,100751.81,50.56,1.0,0.66637564,1.9073486e-06,93.04638
2017-02-14 17:00:00,11.4227295,9.973236,100767.375,172.97778,1.0,0.9311007,2.3841858e-06,90.7993
2017-02-14 18:00:00,12.417053,9.85202,100762.42,320.81778,0.7913513,1.2360437,0.0,84.348114
2017-02-14 19:00:00,14.172058,9.888275,100704.92,488.8889,0.9187927,1.1825933,0.0,75.40482
2017-02-14 20:00:00,15.527832,10.587158,100668.55,577.6711,0.19863892,0.82367474,0.0,72.39792
2017-02-14 21:00:00,16.782318,8.063934,100554.83,658.50665,0.6655884,1.2125394,0.0,56.3888
2017-02-14 22:00:00,18.238007,8.095367,100439.016,619.25336,0.84124756,0.63627857,0.0,51.54577
2017-02-14 23:00:00,18.781769,8.026764,100446.58,520.01776,0.828125,0.4607425,0.0,49.586807
2017-02-15 00:00:00,18.020325,8.524384,100525.42,374.36444,0.5187988,1.698709,0.0,53.799526
2017-02-15 01:00:00,16.848572,9.384796,100554.2,195.16444,0.70578,1.1814935,0.0,61.39933
2017-02-15 02:00:00,14.483856,10.060242,100564.33,33.20889,0.98501587,0.8963168,0.0,74.75428
2017-02-15 03:00:00,13.10611,10.408234,100557.484,0.0,0.9925232,0.23864688,0.0,83.68074
2017-02-15 04:00:00,13.729675,10.709656,100594.23,0.0,0.56256104,0.73307955,0.0,81.97831
2017-02-15 05:00:00,13.220062,10.708649,100681.39,0.0,1.0,1.1973444,0.0,84.74036
2017-02-15 06:00:00,12.537323,10.526093,100696.2,0.0,1.0,0.75473213,0.0,87.5421
2017-02-15 07:00:00,12.653992,11.152008,100642.08,0.0,1.0,1.7239192,0.0,90.56771
2017-02-15 08:00:00,12.175934,10.736633,100648.61,0.0,0.9718933,1.3190702,0.0,90.91268
2017-02-15 09:00:00,11.101227,10.472015,100596.125,0.0,0.995636,1.4616445,0.0,95.89959
2017-02-15 10:00:00,11.560699,10.271576,100571.35,0.0,0.95751953,2.8120437,0.0,91.787636
2017-02-15 11:00:00,11.184845,9.763519,100428.9,0.0,0.835022,2.8547642,0.0,90.95459
2017-02-15 12:00:00,11.486237,9.884735,100410.22,0.0,0.94628906,1.9497337,0.0,89.883896
2017-02-15 13:00:00,11.082153,9.842102,100428.79,0.0,0.9499817,1.2324136,5.531311e-05,92.06037
2017-02-15 14:00:00,10.695648,9.913269,100542.2,0.0,0.97125244,0.7517247,0.0,94.90836
2017-02-15 15:00:00,12.266083,11.067413,100561.58,0.0,1.0,0.7429896,0.0,92.38443
2017-02-15 16:00:00,12.308014,11.113007,100632.06,46.737778,1.0,0.3243971,0.0,92.40929
2017-02-15 17:00:00,13.216766,11.212311,100715.92,171.52,0.984375,0.7839142,0.0,87.64331
2017-02-15 18:00:00,13.9843445,11.3811035,100653.41,301.40445,0.9924927,0.32729182,0.0,84.30984
2017-02-15 19:00:00,14.736786,11.335419,100651.17,268.48,0.98187256,0.94861585,2.670288e-05,80.06046
2017-02-15 20:00:00,15.353394,11.522491,100562.31,414.04443,0.9668579,2.4136891,5.722046e-06,77.9041
2017-02-15 21:00:00,16.424622,9.067078,100472.59,523.00446,0.8800049,2.871032,0.0,61.741184
2017-02-15 22:00:00,17.799713,8.629669,100370.8,555.9289,0.52124023,2.9973454,0.0,54.942345
2017-02-15 23:00:00,18.278625,9.312683,100290.08,435.9822,0.60006714,2.8153706,0.0,55.827385
2017-02-16 00:00:00,17.955414,9.686127,100246.33,325.88443,0.8387146,2.6027822,0.0,58.421593
2017-02-16 01:00:00,16.934357,9.655975,100241.8,174.22223,0.9762573,1.4797213,0.0,62.18917
2017-02-16 02:00:00,16.557709,10.864014,100179.6,21.084444,0.9168701,1.7450292,0.0,69.04973
2017-02-16 03:00:00,15.381622,11.505524,100218.34,0.0,0.9924927,1.9783399,0.0,77.675766
2017-02-16 04:00:00,14.456268,11.022491,100205.58,0.0,0.9987488,2.519636,0.0,79.849434
2017-02-16 05:00:00,14.599335,11.195526,100238.55,0.0,0.9543457,3.1703377,0.0,80.02841
2017-02-16 06:00:00,14.695038,11.1458435,100264.69,0.0,0.9981079,3.243329,0.0,79.27372
2017-02-16 07:00:00,14.9664,11.482544,100198.31,0.0,0.94122314,4.0423307,0.0,79.656425
2017-02-16 08:00:00,14.876953,11.727997,100103.22,0.0,0.8762207,5.0334573,0.0,81.42753
2017-02-16 09:00:00,14.3385315,12.2109375,99973.33,0.0,0.44436646,5.853543,8.106232e-06,87.03638
2017-02-16 10:00:00,13.797577,10.405212,99841.375,0.0,0.55126953,6.10628,0.0,79.97754
2017-02-16 11:00:00,14.470184,11.560028,99814.39,0.0,0.8980713,6.8250017,0.00025177002,82.671074
2017-02-16 12:00:00,13.867096,11.329956,99832.47,0.0,0.98999023,6.260301,0.0030713081,84.66675
2017-02-16 13:00:00,13.78772,11.641144,99903.67,0.0,1.0,5.460024,0.0018968582,86.87533
2017-02-16 14:00:00,13.693024,11.788025,99970.45,0.0,0.9249878,4.1606493,0.0006661415,88.26416
2017-02-16 15:00:00,13.820404,12.385895,100058.07,0.0,1.0,3.2410793,0.0005879402,91.05207
2017-02-16 16:00:00,13.929779,12.078217,100083.78,32.302223,0.48049927,2.391134,0.00045204163,88.59584
2017-02-16 17:00:00,15.012146,13.085114,100104.29,120.35555,0.35507202,2.3772233,0.00021266937,88.24964
2017-02-16 18:00:00,15.827789,13.524689,100147.25,322.09778,0.26885986,3.1139798,0.00020837784,86.18532
2017-02-16 19:00:00,15.38974,12.688629,100164.19,494.66666,0.335083,3.3653169,0.00018501282,83.92659
2017-02-16 20:00:00,16.486511,12.636322,100147.14,550.7378,0.2644348,3.1926394,7.247925e-05,77.976036
2017-02-16 21:00:00,16.285614,10.178314,100084.28,555.7511,0.24627686,2.9193363,5.340576e-05,67.11672
2017-02-16 22:00:00,16.669952,10.360687,100066.66,540.33777,0.4381714,2.3956313,1.8119812e-05,66.297455
2017-02-16 23:00:00,16.966278,10.410797,100039.81,471.39557,0.43374634,2.7824073,3.8146973e-06,65.27974
2017-02-17 00:00:00,16.578613,10.2395935,99972.8,301.01334,0.31436157,2.1856763,6.198883e-06,66.14643
2017-02-17 01:00:00,15.487427,9.472839,99917.516,161.29778,0.4230957,1.3156792,0.0,67.36851
2017-02-17 02:00:00,14.001617,9.690643,99836.16,31.786667,0.12686157,0.9579193,0.0,75.23899
2017-02-17 03:00:00,13.726868,10.834381,99789.88,0.0,0.08258057,1.2726376,0.0,82.67666
2017-02-17 04:00:00,13.1310425,10.881866,99758.8,0.0,0.28009033,1.3234472,0.0,86.222466
2017-02-17 05:00:00,11.784332,10.608154,99671.06,0.0,0.7031555,1.1297518,4.7683716e-07,92.49526
2017-02-17 06:00:00,11.667084,10.628937,99565.766,0.0,0.4631958,1.716604,4.7683716e-07,93.34352
2017-02-17 07:00:00,11.958832,10.747925,99444.05,0.0,0.6681824,1.6033115,0.00013494492,92.291565
2017-02-17 08:00:00,11.979492,10.573334,99341.695,0.0,0.9700012,2.063736,0.00017261505,91.100365
2017-02-17 09:00:00,12.306702,11.121735,99206.19,0.0,1.0,2.3491173,6.67572e-05,92.47082
2017-02-17 10:00:00,12.746307,11.544159,99045.05,0.0,1.0,4.0867934,4.529953e-05,92.39063
2017-02-17 11:00:00,13.000397,11.73996,98870.5,0.0,1.0,3.2939026,3.8146973e-05,92.05019
2017-02-17 12:00:00,12.98349,11.700836,98667.8,0.0,1.0,2.5667224,0.0002837181,91.91419
2017-02-17 13:00:00,13.05249,11.506134,98412.34,0.0,0.9924927,3.3969529,0.0015559196,90.33012
2017-02-17 14:00:00,12.891693,11.185883,98217.09,0.0,1.0,4.2912297,0.002252102,89.36887
2017-02-17 15:00:00,13.189056,10.568878,98013.336,0.0,1.0,5.5150604,0.002295494,84.1251
2017-02-17 16:00:00,13.439178,10.422882,97810.54,8.515555,1.0,6.6615996,0.0023555756,81.96158
2017-02-17 17:00:00,13.41507,10.730133,97691.53,26.24,1.0,7.513226,0.0022234917,83.78891
2017-02-17 18:00:00,13.810211,10.942291,97598.8,113.28,1.0,8.071756,0.0019583702,82.82204
2017-02-17 19:00:00,13.635529,10.643707,97519.734,67.075554,1.0,8.369122,0.001540184,82.12043
2017-02-17 20:00:00,13.615204,10.4062195,97482.56,120.337776,1.0,8.45073,0.0018720627,80.937256
2017-02-17 21:00:00,14.0980835,11.090179,97410.19,162.70222,1.0,7.412692,0.0015392303,82.09114
2017-02-17 22:00:00,14.000977,12.243927,97449.164,121.52889,1.0,5.5473957,0.0007815361,89.15459
2017-02-17 23:00:00,14.525482,12.3975525,97415.27,269.83112,1.0,4.0942307,0.00023984909,87.05203
2017-02-18 00:00:00,13.845917,11.714874,97445.53,144.5689,1.0,2.9698298,7.05719e-05,86.97007
2017-02-18 01:00:00,13.607574,11.497101,97423.0,63.235554,0.9981384,2.3752677,2.0980835e-05,87.06589
2017-02-18 02:00:00,13.285339,11.253143,97458.06,11.608889,0.9906616,3.2707977,3.194809e-05,87.48848
2017-02-18 03:00:00,13.216064,11.1875,97548.45,0.0,0.9881592,3.5908403,4.7683716e-05,87.50323
2017-02-18 04:00:00,13.003265,10.986786,97619.65,0.0,1.0,3.7682421,7.343292e-05,87.55402
2017-02-18 05:00:00,12.581451,10.483826,97723.11,0.0,1.0,4.244183,2.861023e-05,87.04328
2017-02-18 06:00:00,12.543518,10.334137,97793.94,0.0,1.0,4.772731,1.335144e-05,86.39282
2017-02-18 07:00:00,12.3072815,10.059235,97874.95,0.0,1.0,4.5367546,0.002857685,86.14621
2017-02-18 08:00:00,12.607574,10.402557,97961.664,0.0,1.0,3.7369342,0.002163887,86.42435
2017-02-18 09:00:00,12.558502,10.807251,98035.17,0.0,1.0,2.515416,0.0023388863,89.07298
2017-02-18 10:00:00,12.046997,11.248962,98150.91,0.0,1.0,0.79770267,0.0020127296,94.862274
2017-02-18 11:00:00,12.021271,10.638031,98202.53,0.0,0.9981384,0.46616474,0.0020360947,91.24238
2017-02-18 12:00:00,11.85495,10.692657,98283.97,0.0,1.0,0.52630407,0.0012068748,92.58483
2017-02-18 13:00:00,11.8437195,10.580414,98366.836,0.0,1.0,1.7855569,0.0004925728,91.963234
2017-02-18 14:00:00,11.737183,10.753998,98467.53,0.0,1.0,2.8843977,0.000120162964,93.68926
2017-02-18 15:00:00,11.830811,9.807037,98576.55,0.0,1.0,3.9707303,8.869171e-05,87.403786
2017-02-18 16:00:00,11.712341,9.74231,98710.484,23.68,0.8949585,4.8979163,7.1525574e-05,87.70855
2017-02-18 17:00:00,11.878082,9.406982,98811.57,96.568886,0.5555115,4.9028854,6.0081482e-05,84.82163
2017-02-18 18:00:00,12.8160095,9.24173,98913.58,170.91556,0.7149353,6.2096915,9.727478e-05,78.86797
2017-02-18 19:00:00,13.011047,8.306915,98958.95,379.21777,0.9549866,6.914182,0.00015211105,73.098785
2017-02-18 20:00:00,13.279938,8.704742,99012.78,276.90668,1.0,6.352066,1.001358e-05,73.78829
2017-02-18 21:00:00,13.131622,7.412384,99016.39,233.70667,1.0,6.2305307,1.335144e-05,68.238815
2017-02-18 22:00:00,12.771149,7.5401,98988.81,251.16444,0.99749756,6.0723395,2.193451e-05,70.4794
2017-02-18 23:00:00,12.098389,6.7848206,99069.336,332.30222,1.0,6.360739,2.7656555e-05,69.95072
2017-02-19 00:00:00,11.722748,6.5896606,99142.14,252.97778,1.0,6.3199706,1.4781952e-05,70.749954
2017-02-19 01:00:00,11.583069,6.1727295,99181.766,159.18222,1.0,5.3054104,4.7683716e-07,69.38381
2017-02-19 02:00:00,10.875275,5.5499573,99277.78,31.644444,1.0,5.3319182,8.106232e-06,69.6508
2017-02-19 03:00:00,10.164429,5.6455994,99354.19,0.0,1.0,4.1791496,0.0,73.517685
2017-02-19 04:00:00,10.23111,5.520355,99434.7,0.0,0.9312439,3.7658849,0.0,72.557724
2017-02-19 05:00:00,10.34787,5.6736755,99527.95,0.0,0.5744629,3.1167095,4.7683716e-07,72.7635
2017-02-19 06:00:00,10.43631,5.6495056,99574.625,0.0,0.8956909,2.4496434,9.536743e-07,72.21416
2017-02-19 07:00:00,10.5503845,5.9953003,99582.64,0.0,0.9531555,2.3934715,0.0,73.40287
2017-02-19 08:00:00,10.602966,6.002228,99638.61,0.0,0.98809814,2.4952247,1.9073486e-06,73.1811
2017-02-19 09:00:00,10.577972,7.0293274,99663.08,0.0,1.0,2.3989685,0.00012588501,78.67316
2017-02-19 10:00:00,10.222137,6.9112244,99677.19,0.0,1.0,1.5125011,0.0003528595,79.91406
2017-02-19 11:00:00,10.203705,6.950653,99691.92,0.0,1.0,0.9758628,0.0005440712,80.22931
2017-02-19 12:00:00,9.901367,6.7889404,99695.555,0.0,1.0,2.0442703,0.0005903244,80.96553
2017-02-19 13:00:00,10.037598,7.1311035,99663.02,0.0,1.0,3.2741797,0.00066280365,82.13539
2017-02-19 14:00:00,9.934814,7.1080933,99685.0,0.0,0.9237366,3.4876099,0.0006546974,82.57238
2017-02-19 15:00:00,10.035858,6.81308,99712.81,0.017777778,0.79312134,3.7908254,0.00056934357,80.372696
2017-02-19 16:00:00,10.2500305,7.193817,99734.984,9.528889,0.9712219,3.755281,0.00032806396,81.325226
2017-02-19 17:00:00,11.280609,8.323517,99757.74,89.52889,0.99438477,4.069359,7.4863434e-05,82.0118
2017-02-19 18:00:00,12.270935,8.312103,99763.95,288.21335,1.0,4.339263,1.4305115e-05,76.76134
2017-02-19 19:00:00,12.11261,7.8435364,99800.22,210.61333,1.0,4.65754,0.001832962,75.13352
2017-02-19 20:00:00,11.639374,7.697113,99750.53,185.2089,1.0,5.2411437,0.0007686615,76.74665
2017-02-19 21:00:00,11.98999,8.184143,99669.2,185.3511,1.0,5.3379674,8.4877014e-05,77.51817
2017-02-19 22:00:00,12.62204,9.638824,99604.84,144.78223,1.0,5.53414,2.2411346e-05,82.03889
2017-02-19 23:00:00,12.596832,9.204681,99617.46,109.795555,1.0,5.6392984,2.0503998e-05,79.80977
2017-02-20 00:00:00,12.91098,9.362579,99627.75,63.662224,1.0,5.8101597,3.7670135e-05,79.019455
2017-02-20 01:00:00,13.053375,9.47403,99694.02,34.737778,1.0,5.770606,0.00024986267,78.87598
2017-02-20 02:00:00,12.703949,9.337677,99718.2,6.577778,1.0,5.5284834,0.0012722015,79.96409
2017-02-20 03:00:00,12.614044,10.220734,99820.52,0.0,1.0,5.1732616,0.00033903122,85.344925
2017-02-20 04:00:00,13.171417,10.758636,99859.25,0.0,1.0,4.9598765,5.7697296e-05,85.29329
2017-02-20 05:00:00,13.22345,10.734772,99879.05,0.0,1.0,5.1032467,0.0001616478,84.86908
2017-02-20 06:00:00,13.186951,10.45816,99903.8,0.0,1.0,5.461229,0.00010681152,83.51776
2017-02-20 07:00:00,13.0346985,10.2968445,99868.1,0.0,1.0,5.9958305,3.0994415e-05,83.44928
2017-02-20 08:00:00,13.105804,10.605347,99842.086,0.0,1.0,6.318582,0.0002965927,84.78966
2017-02-20 09:00:00,13.012268,11.326263,99850.55,0.0,1.0,6.4729476,0.0012741089,89.49573
2017-02-20 10:00:00,12.643219,11.931488,99848.66,0.0,1.0,5.7620277,0.0033359528,95.427315
2017-02-20 11:00:00,12.947357,12.397919,99860.84,0.0,1.0,4.7300677,0.004497528,96.46173
2017-02-20 12:00:00,13.352692,12.848358,99876.61,0.0,1.0,3.9071455,0.005542755,96.75809
2017-02-20 13:00:00,13.759552,13.442322,99935.234,0.0,1.0,3.3518996,0.006659031,97.956245
2017-02-20 14:00:00,13.845428,13.547913,99974.586,0.0,1.0,3.011286,0.0071754456,98.08345
2017-02-20 15:00:00,14.030426,13.246368,100039.086,0.0,1.0,2.3792765,0.007854462,95.02585
2017-02-20 16:00:00,13.975372,13.16568,100124.16,3.2355556,1.0,2.30797,0.007358074,94.86483
2017-02-20 17:00:00,13.861908,12.801849,100176.12,18.471111,1.0,2.538008,0.00440979,93.319016
2017-02-20 18:00:00,13.784271,13.179718,100269.34,49.102222,1.0,2.5980241,0.0032229424,96.13775
2017-02-20 19:00:00,13.913788,13.089874,100294.805,66.63111,1.0,2.565231,0.0013871193,94.77431
2017-02-20 20:00:00,13.811554,13.129944,100202.25,53.013332,0.9924927,3.3538604,0.0013275146,95.655945
2017-02-20 21:00:00,13.944855,13.107697,100112.42,64.99555,1.0,4.3744893,0.0016498566,94.69356
2017-02-20 22:00:00,13.511749,12.438141,100069.28,96.248886,1.0,3.779457,0.002676487,93.21838
2017-02-20 23:00:00,13.513641,12.746918,100028.17,40.213333,1.0,2.799056,0.004190445,95.11428
2017-02-21 00:00:00,13.585327,12.476074,100036.31,39.02222,1.0,3.5419447,0.0022258759,93.004234
2017-02-21 01:00:00,13.8124695,12.754913,99962.57,22.062222,1.0,6.519138,0.0024638176,93.33184
2017-02-21 02:00:00,13.942047,12.908752,99999.64,6.7022223,1.0,7.0173426,0.0032448769,93.486664
2017-02-21 03:00:00,13.994171,12.5486145,100079.47,0.0,1.0,6.5386896,0.0016531944,90.99763
2017-02-21 04:00:00,14.306885,12.70459,100145.57,0.0,0.9700012,7.0291033,0.000749588,90.08873
2017-02-21 05:00:00,14.746124,13.05423,100222.53,0.0,0.9737549,7.2269244,0.0004310608,89.59467
2017-02-21 06:00:00,14.891876,13.132904,100312.4,0.0,0.9831238,7.0946937,0.000333786,89.21411
2017-02-21 07:00:00,14.910004,13.206757,100405.94,0.0,0.98501587,6.8993516,0.00020980835,89.54081
2017-02-21 08:00:00,14.474579,12.598053,100510.55,0.0,1.0,6.707188,0.00028848648,88.496254
2017-02-21 09:00:00,13.623993,12.113678,100601.375,0.0,0.9624939,6.1665416,0.00058603287,90.5858
2017-02-21 10:00:00,12.544586,10.42981,100614.3,0.0,0.85498047,5.0414877,0.00023841858,86.94023
2017-02-21 11:00:00,12.683563,10.9183655,100640.94,0.0,0.988739,3.768564,0.00027179718,89.00055
2017-02-21 12:00:00,12.651093,10.800751,100646.94,0.0,0.980011,2.358489,8.201599e-05,88.495346
2017-02-21 13:00:00,12.568268,10.713501,100751.516,0.0,0.97875977,1.9980104,0.00019693375,88.46223
2017-02-21 14:00:00,12.715424,10.686584,100760.78,0.0,0.9043884,1.6283927,0.00011587143,87.45576
2017-02-21 15:00:00,12.604889,10.461639,100813.836,0.21333334,0.92315674,2.109706,0.00015926361,86.781
2017-02-21 16:00:00,12.946625,10.631012,100886.23,63.733334,0.7513428,1.6791631,0.00010967255,85.82339
2017-02-21 17:00:00,12.956421,10.720612,100944.7,181.95555,0.8199463,1.9059207,0.00031661987,86.28172
2017-02-21 18:00:00,13.472565,11.553986,100987.04,310.43555,0.8268738,1.912855,0.00028419495,88.16593
2017-02-21 19:00:00,13.529388,10.37204,100998.36,240.76445,0.77996826,2.4425364,0.0018863678,81.20525
2017-02-21 20:00:00,13.54245,11.822357,100969.09,537.42224,0.64801025,3.1276991,0.0015745163,89.3356
2017-02-21 21:00:00,13.57016,11.270508,100935.46,412.64,0.48687744,4.079181,0.0029420853,85.97819
2017-02-21 22:00:00,13.47525,11.208954,100904.75,485.49335,0.7093811,3.7912066,0.00084495544,86.15895
2017-02-21 23:00:00,12.845306,11.609558,100909.22,266.43555,0.9849243,3.9166348,0.0006175041,92.191315
2017-02-22 00:00:00,12.664032,11.459625,100878.63,164.94221,0.928772,3.6571772,0.0005283356,92.37214
2017-02-22 01:00:00,12.529266,10.973022,100882.42,94.933334,0.953125,2.4595428,0.00031137466,90.23312
2017-02-22 02:00:00,11.839386,9.814575,100925.07,32.124443,0.9981384,2.025956,0.00080633163,87.39849
2017-02-22 03:00:00,11.210419,9.791046,100985.61,0.0,0.9499817,1.9670032,0.00032758713,90.96824
2017-02-22 04:00:00,11.296478,9.811371,101030.75,0.0,0.75112915,1.9677773,7.867813e-05,90.574066
2017-02-22 05:00:00,11.241608,9.246307,101072.09,0.0,0.49121094,1.9038496,6.67572e-05,87.51678
2017-02-22 06:00:00,11.170013,8.965149,101107.86,0.0,0.6612854,1.7311924,1.4781952e-05,86.28196
2017-02-22 07:00:00,10.895416,8.342255,101114.56,0.0,0.78933716,1.7234615,0.00038528442,84.242966
2017-02-22 08:00:00,10.488556,7.9113464,101134.14,0.0,0.5224304,1.8584929,7.6293945e-06,84.05872
2017-02-22 09:00:00,9.929962,7.5245056,101131.3,0.0,0.38171387,2.419175,2.3841858e-05,84.98552
2017-02-22 10:00:00,8.39386,6.9729004,101117.03,0.0,0.3569336,1.7785001,4.386902e-05,90.76437
2017-02-22 11:00:00,8.094452,6.6152344,101116.0,0.0,0.35253906,1.8646301,6.055832e-05,90.38058
2017-02-22 12:00:00,7.456726,6.0117493,101123.53,0.0,0.37002563,1.7290912,1.5258789e-05,90.54798
2017-02-22 13:00:00,7.465851,6.0082397,101109.195,0.0,0.23815918,1.6438924,0.0,90.46961
2017-02-22 14:00:00,7.5003967,5.9149475,101088.15,0.0,0.20812988,1.486475,0.0,89.6761
2017-02-22 15:00:00,7.721161,4.23407,101113.62,0.46222222,0.09939575,1.727361,4.7683716e-07,78.57806
2017-02-22 16:00:00,8.147736,4.4711,101149.41,80.62222,0.29193115,2.2854054,0.0,77.607346
2017-02-22 17:00:00,9.612579,4.9285583,101203.61,272.51556,0.91574097,3.528663,0.0,72.57801
2017-02-22 18:00:00,10.503571,5.608551,101225.26,405.2622,1.0,4.1449637,0.0,71.687065
2017-02-22 19:00:00,11.201782,4.6693115,101197.375,465.2978,0.95877075,4.027455,0.0,64.1039
2017-02-22 20:00:00,11.668793,4.532959,101132.375,484.85333,0.9924927,4.3162417,0.0,61.562737
2017-02-22 21:00:00,11.988434,2.7450256,101074.67,608.32,0.821228,4.756253,0.0,53.144123
2017-02-22 22:00:00,12.23111,2.5017395,101009.016,658.8444,0.24441528,5.352908,5.1021576e-05,51.405556
2017-02-22 23:00:00,11.802277,4.0396423,100965.7,536.44446,0.602478,5.469275,6.1035156e-05,58.94883
2017-02-23 00:00:00,11.678314,4.2952576,100955.06,374.11557,0.6074829,6.169312,0.00010728836,60.508705
2017-02-23 01:00:00,10.4218445,4.087982,100987.09,203.11111,0.7744446,6.0896335,4.9591064e-05,64.82458
2017-02-23 02:00:00,9.873535,4.059967,100980.9,38.24,0.4837036,5.11278,4.7683716e-06,67.113625
2017-02-23 03:00:00,8.728119,3.5555725,100958.95,0.0,0.18688965,4.735736,9.536743e-07,69.96669
2017-02-23 04:00:00,8.504181,3.1028748,101004.44,0.0,0.08938599,4.519236,0.0,68.80025
2017-02-23 05:00:00,8.457672,3.2622375,100989.64,0.0,0.055664062,4.721515,0.0,69.79951
2017-02-23 06:00:00,8.688934,3.4352722,101024.86,0.0,0.0519104,4.3581395,0.0,69.55969
2017-02-23 07:00:00,8.371094,2.7875671,100988.7,0.0,0.11627197,4.262846,0.0,67.890205
2017-02-23 08:00:00,8.339935,2.5586853,101006.695,0.0,0.036254883,4.123154,0.0,66.937195
2017-02-23 09:00:00,7.753723,1.8224792,100979.31,0.0,0.0769043,3.9361074,0.0,66.098145
2017-02-23 10:00:00,6.328949,2.1868591,100993.65,0.0,0.27575684,4.262699,0.0,74.79974
2017-02-23 11:00:00,6.3196106,2.343048,100909.94,0.0,0.023742676,3.2673006,0.0,75.68533
2017-02-23 12:00:00,5.954193,1.920929,100904.72,0.0,0.003112793,2.7964573,0.0,75.31742
2017-02-23 13:00:00,6.3909607,1.9845276,100925.08,0.0,0.03503418,2.737981,0.0,73.41339
2017-02-23 14:00:00,6.539215,2.2480774,100937.19,0.0,0.01876831,2.647285,0.0,74.04657
2017-02-23 15:00:00,7.0506287,2.2313843,100986.61,0.74666667,0.04626465,2.432128,0.0,71.40593
2017-02-23 16:00:00,7.3125916,2.1716003,101036.59,96.07111,0.042510986,2.704164,0.0,69.83839
2017-02-23 17:00:00,8.603912,2.1393127,101068.08,273.77777,0.008758545,3.3378758,0.0,63.816486
2017-02-23 18:00:00,9.0737915,0.9591675,101075.02,449.63556,0.07626343,3.6257188,0.0,56.809326
2017-02-23 19:00:00,9.7907715,0.7076721,101053.44,618.11554,0.0793457,3.696804,5.4359436e-05,53.162525
2017-02-23 20:00:00,10.55896,0.7565613,101031.836,681.0489,0.13500977,3.962796,0.0,50.679283
2017-02-23 21:00:00,11.174408,0.58358765,100971.375,705.20886,0.19000244,4.2494698,0.0,48.04352
2017-02-23 22:00:00,11.422546,1.0718079,100907.42,692.8889,0.1156311,3.9128268,0.0,48.952538
2017-02-23 23:00:00,11.374329,0.726593,100895.375,557.6711,0.16625977,3.860444,0.0,47.902943
2017-02-24 00:00:00,11.452789,1.0063171,100902.97,391.6089,0.62072754,3.6528592,0.0,48.624954
2017-02-24 01:00:00,10.874298,1.1595764,100874.86,203.34222,0.49627686,3.348361,0.0,51.08749
2017-02-24 02:00:00,10.055725,2.271576,100896.16,52.017776,0.25256348,2.915851,9.536743e-06,58.423367
2017-02-24 03:00:00,9.19223,3.5559998,100911.39,0.0,0.090026855,2.6991057,0.0,67.8106
2017-02-24 04:00:00,8.732422,3.6813965,100926.625,0.0,0.037506104,2.2063503,0.0,70.569176
2017-02-24 05:00:00,8.647369,3.7917175,100941.26,0.0,0.022491455,1.445938,0.0,71.529724
2017-02-24 06:00:00,8.624054,4.471527,100983.82,0.0,0.0,1.3093315,0.0,75.14279
2017-02-24 07:00:00,7.563751,4.296051,101008.78,0.0,0.0,1.4633205,0.0,79.77219
2017-02-24 08:00:00,7.0496826,3.844757,101032.8,0.0,0.007507324,1.5232911,0.0,80.0504
2017-02-24 09:00:00,5.7712097,2.6156006,101048.42,0.0,0.0012512207,1.5484219,0.0,80.14656
2017-02-24 10:00:00,5.710724,2.824463,101067.84,0.0,0.003753662,1.0696032,0.0,81.68495
2017-02-24 11:00:00,4.518219,2.0312195,100990.47,0.0,0.1895752,0.5938134,0.0,83.885284
2017-02-24 12:00:00,3.818451,1.5651855,100981.516,0.0,0.19021606,0.2423966,0.0,85.217834
2017-02-24 13:00:00,3.9805298,1.4794312,101017.09,0.0,0.18832397,0.5263918,0.0,83.73618
2017-02-24 14:00:00,4.009552,1.3955383,101025.64,0.0,0.18643188,0.90361,0.0,83.0644
2017-02-24 15:00:00,4.7063293,1.1493225,101056.45,1.0844444,0.18707275,1.2076035,0.0,77.721634
2017-02-24 16:00:00,6.968109,2.8668213,101116.84,100.0,0.49087524,1.2736017,0.0,75.12849
2017-02-24 17:00:00,8.021027,3.249237,101152.06,298.38223,0.3182068,1.1978728,0.0,71.833725
2017-02-24 18:00:00,9.118805,1.9284668,101180.17,487.1111,0.3206787,1.7585967,0.0,60.714195
2017-02-24 19:00:00,10.30545,1.4981995,101195.266,616.33777,0.2687683,2.249016,0.0,54.36697
2017-02-24 20:00:00,10.73172,1.4104614,101166.35,699.48444,0.22888184,2.7073457,0.0,52.51197
2017-02-24 21:00:00,11.299957,0.30944824,101144.17,693.17334,0.15881348,3.085603,0.0,46.71018
2017-02-24 22:00:00,11.767242,0.17459106,101067.21,661.95557,0.23175049,2.6139963,0.0,44.848206
2017-02-24 23:00:00,11.646637,-0.029449463,101035.984,593.76,0.39193726,2.7942348,0.0,44.542915
2017-02-25 00:00:00,11.688019,0.68795776,101021.086,425.2089,0.76675415,2.963849,0.0,46.788532
2017-02-25 01:00:00,10.91861,0.15512085,101002.56,242.47112,0.40551758,2.9309838,0.0,47.375023
2017-02-25 02:00:00,10.306427,1.3895264,100985.34,56.56889,0.2949524,2.1500494,0.0,53.941402
2017-02-25 03:00:00,9.100861,1.9220886,101020.266,0.0,0.23876953,1.8024808,0.0,60.760006
2017-02-25 04:00:00,9.086945,2.3309631,101038.08,0.0,0.30880737,1.4193081,0.0,62.61653
2017-02-25 05:00:00,8.7413025,2.8424377,101049.016,0.0,0.56933594,1.1799212,0.0,66.46737
2017-02-25 06:00:00,8.824768,3.2535095,101052.16,0.0,0.4774475,0.89868015,0.0,68.04476
2017-02-25 07:00:00,8.531525,2.9505615,101011.5,0.0,0.3656311,1.0419794,0.0,67.936386
2017-02-25 08:00:00,8.32486,3.6175842,101003.09,0.0,0.4812622,1.1014057,3.8146973e-06,72.21922
2017-02-25 09:00:00,6.6613464,3.0505676,100966.39,0.0,0.44381714,1.135831,7.05719e-05,77.733055
2017-02-25 10:00:00,6.467743,3.8991394,100937.83,0.0,0.53186035,0.96902645,6.198883e-05,83.63479
2017-02-25 11:00:00,7.9208374,4.119232,100871.19,0.0,0.40255737,1.087027,0.0001206398,76.89462
2017-02-25 12:00:00,7.115814,3.36969,100860.6,0.0,0.4393921,1.2140108,0.000120162964,77.065056
2017-02-25 13:00:00,7.032135,3.5361633,100839.88,0.0,0.51187134,1.1577529,0.000113487244,78.42393
2017-02-25 14:00:00,5.205902,2.8865051,100846.1,0.0,0.6644287,0.99593323,0.00011920929,84.97124
2017-02-25 15:00:00,6.370575,2.4624329,100860.59,1.0666667,0.88568115,1.1130437,0.00012493134,76.063354
2017-02-25 16:00:00,7.0867004,3.3106995,100852.78,70.91556,0.6681824,1.8834333,1.7642975e-05,76.89793
2017-02-25 17:00:00,7.93454,4.768738,100834.4,224.14223,0.57199097,1.921224,4.2915344e-06,80.39575
2017-02-25 18:00:00,9.177765,4.610443,100808.69,433.77777,0.5064392,1.7535459,1.2874603e-05,73.0912
2017-02-25 19:00:00,10.655426,3.3677673,100762.53,501.84888,0.6201172,1.6814911,4.7683716e-07,60.66775
2017-02-25 20:00:00,11.323212,3.2357788,100689.81,561.45776,0.964447,1.3239088,3.8146973e-06,57.496525
2017-02-25 21:00:00,12.023132,2.9189758,100620.67,571.69775,0.9924927,0.70186245,1.9073486e-06,53.680782
2017-02-25 22:00:00,12.888641,2.1505432,100438.195,431.82224,0.84646606,0.11714184,1.6212463e-05,48.018772
2017-02-25 23:00:00,12.487213,3.131775,100464.68,301.24445,0.9924927,2.0816677,4.9591064e-05,52.85718
2017-02-26 00:00:00,11.368439,3.6020813,100465.875,186.50667,1.0,2.5866072,6.484985e-05,58.825687
2017-02-26 01:00:00,10.858917,4.7810364,100412.47,76.64,1.0,2.768628,0.00010251999,66.09399
2017-02-26 02:00:00,10.987579,5.2080994,100368.47,18.631111,1.0,1.4301277,0.00020217896,67.51049
2017-02-26 03:00:00,10.4133,6.1707153,100366.44,0.0,1.0,0.9208616,0.00011301041,74.98012
2017-02-26 04:00:00,10.026459,5.6057434,100372.25,0.0,1.0,1.1228533,4.8160553e-05,73.994705
2017-02-26 05:00:00,10.014008,5.002228,100356.42,0.0,0.9924927,1.1674339,2.2888184e-05,71.01416
2017-02-26 06:00:00,10.217621,5.6491394,100389.92,0.0,0.9825134,1.4141028,6.67572e-06,73.2747
2017-02-26 07:00:00,10.1319275,5.6142273,100366.195,0.0,0.3843994,1.7374494,1.0967255e-05,73.51759
2017-02-26 08:00:00,9.744171,5.682251,100325.375,0.0,0.043273926,1.4294746,9.536743e-07,75.80881
2017-02-26 09:00:00,8.955353,6.195404,100308.66,0.0,0.01876831,1.7439989,0.0,82.82975
2017-02-26 10:00:00,5.5744324,4.122223,100257.01,0.0,0.003753662,1.4999223,0.0,90.36542
2017-02-26 11:00:00,5.000458,3.6477356,100220.055,0.0,0.00064086914,1.3319683,0.0,90.958435
2017-02-26 12:00:00,5.401367,3.6028748,100203.19,0.0,0.0,1.2702831,0.0,88.17763
2017-02-26 13:00:00,6.323242,4.1328735,100219.44,0.0,0.0,0.7767435,0.0,85.8697
2017-02-26 14:00:00,6.70047,4.4464417,100233.68,0.0,0.0,0.1978338,0.0,85.52748
2017-02-26 15:00:00,7.2016296,4.4476013,100262.83,1.8666667,0.0,0.5294364,0.0,82.64399
2017-02-26 16:00:00,7.638855,5.705658,100309.86,107.18222,0.003753662,0.375407,0.0,87.55487
2017-02-26 17:00:00,8.657135,5.9758606,100302.68,304.0711,0.0031433105,0.2585179,0.0,83.2443
2017-02-26 18:00:00,10.322052,3.8495178,100290.39,489.45776,0.020629883,0.36742836,0.0,64.17365
2017-02-26 19:00:00,11.298889,3.7080994,100265.5,629.0311,0.056274414,0.74152684,0.0,59.540333
2017-02-26 20:00:00,11.964142,3.9179382,100234.35,722.29333,0.04623413,1.522995,0.0,57.826176
2017-02-26 21:00:00,13.193085,3.078888,100179.8,740.1422,0.14764404,2.8562858,0.0,50.281235
2017-02-26 22:00:00,12.991974,3.4367065,100110.67,647.7867,0.27182007,3.8738217,0.0,52.251007
2017-02-26 23:00:00,12.452484,3.342743,100061.59,549.6178,0.32254028,4.026208,0.0,53.773697
2017-02-27 00:00:00,12.502838,3.4439697,100064.06,353.2978,0.42507935,4.0998564,4.7683716e-07,53.98051
2017-02-27 01:00:00,11.58432,3.9200745,100030.51,168.16,0.28131104,3.6968672,0.0,59.303616
2017-02-27 02:00:00,10.912598,5.1397095,100029.36,47.128887,0.3632202,2.4149714,0.0,67.52565
2017-02-27 03:00:00,9.937317,6.6167297,99991.22,0.0,0.76498413,1.5254546,4.7683716e-07,79.82038
2017-02-27 04:00:00,10.259552,6.816925,99968.42,0.0,0.94677734,1.6820381,0.00027751923,79.200165
2017-02-27 05:00:00,10.075104,5.7908936,99988.03,0.0,0.9768982,1.7305596,0.00017786026,74.70644
2017-02-27 06:00:00,9.531982,5.775177,100023.234,0.0,0.8437195,2.0505352,0.0003504753,77.3932
2017-02-27 07:00:00,9.513763,5.67157,100031.14,0.0,0.9606323,1.2476315,0.00036239624,76.93388
2017-02-27 08:00:00,9.073029,5.250885,100022.16,0.0,0.98934937,1.1053318,0.0002117157,76.970146
2017-02-27 09:00:00,8.659424,5.5786133,100004.08,0.0,0.8593445,0.93907744,0.00014352798,80.97321
2017-02-27 10:00:00,7.433502,5.075531,100004.0,0.0,0.75442505,1.5988736,0.00047063828,84.988754
2017-02-27 11:00:00,7.8677063,4.6406555,99964.75,0.0,0.74124146,1.6218721,0.00077056885,80.04314
2017-02-27 12:00:00,7.4978333,4.1739197,99964.86,0.0,0.5331116,1.1305519,0.00012636185,79.44887
2017-02-27 13:00:00,7.4865417,4.159088,99983.61,0.0,0.48501587,0.77908665,1.9073486e-05,79.42746
2017-02-27 14:00:00,7.0297546,4.138153,100021.766,0.0,0.25317383,1.2040362,2.3841858e-06,81.829025
2017-02-27 15:00:00,7.3349304,3.4422913,100066.766,2.3822222,0.10067749,1.0305351,0.0,76.30793
2017-02-27 16:00:00,8.525421,3.5912476,100113.41,112.746666,0.026885986,0.8705597,0.0,71.11181
2017-02-27 17:00:00,8.886963,3.1125793,100170.29,298.66666,0.04437256,1.3442752,9.536743e-06,67.08759
2017-02-27 18:00:00,9.484467,2.3733215,100198.16,456.19556,0.14129639,1.8372093,1.4781952e-05,61.146843
2017-02-27 19:00:00,10.56308,2.3998718,100206.53,629.24445,0.11004639,2.107451,4.2915344e-06,56.99496
2017-02-27 20:00:00,10.777069,2.4069824,100185.625,724.81775,0.06500244,2.0238383,1.9073486e-06,56.216858
2017-02-27 21:00:00,11.530426,1.4646301,100131.0,740.1422,0.06567383,2.4910128,0.0,49.994987
2017-02-27 22:00:00,12.280273,1.3130188,100093.91,708.19556,0.026306152,3.1051457,0.0,47.06765
2017-02-27 23:00:00,12.180145,1.999054,100058.92,606.9155,0.024993896,3.4820716,0.0,49.76373
2017-02-28 00:00:00,11.900238,2.2954407,100095.445,442.50665,0.031280518,3.8399982,0.0,51.772697
2017-02-28 01:00:00,11.613159,2.9965515,100099.52,231.91112,0.052520752,3.835869,0.0,55.45712
2017-02-28 02:00:00,10.903595,3.445465,100131.58,62.72,0.024993896,3.4502547,0.0,60.00222
2017-02-28 03:00:00,9.622528,4.9654846,100177.44,0.0,0.00064086914,3.079124,0.0,72.71646
2017-02-28 04:00:00,9.236603,5.4877014,100179.66,0.0,0.09753418,3.1316016,0.0,77.38892
2017-02-28 05:00:00,8.92218,5.182831,100221.98,0.0,0.0,2.9564302,0.0,77.39053
2017-02-28 06:00:00,8.959503,5.0694275,100283.53,0.0,0.0012512207,2.5850213,0.0,76.58882
2017-02-28 07:00:00,8.757965,5.3917847,100312.45,0.0,0.007507324,2.309856,0.0,79.39902
2017-02-28 08:00:00,8.11853,4.64859,100350.2,0.0,0.003753662,2.3958712,0.0,78.732605
2017-02-28 09:00:00,7.460022,4.0135193,100390.91,0.0,0.005004883,2.5515993,0.0,78.76259
2017-02-28 10:00:00,6.917145,3.759735,100437.75,0.0,0.028778076,2.22193,0.0,80.299545
2017-02-28 11:00:00,6.9443665,3.4821472,100444.42,0.0,0.012512207,2.424173,0.0,78.597404
2017-02-28 12:00:00,6.8019714,2.7487183,100479.484,0.0,0.00064086914,2.472319,0.0,75.35618
2017-02-28 13:00:00,7.0227356,2.9530334,100541.17,0.0,0.010620117,2.0890179,0.0,75.30627
2017-02-28 14:00:00,7.399292,3.237854,100630.234,0.0,0.0025024414,1.8134047,0.0,74.88397
2017-02-28 15:00:00,7.6362915,2.85141,100727.8,3.0044444,0.003753662,1.644604,0.0,71.69361
2017-02-28 16:00:00,8.203827,3.7843323,100855.42,117.17333,0.0056152344,1.9679835,0.0,73.67495
2017-02-28 17:00:00,9.176117,3.1044922,100924.69,313.01334,0.0,2.1053529,0.0,65.753845
2017-02-28 18:00:00,10.4288025,2.2886047,101018.55,507.44888,0.0,2.1921332,0.0,57.053944
2017-02-28 19:00:00,11.390015,2.2454834,101021.99,650.4178,0.0,2.3525226,0.0,53.358162
2017-02-28 20:00:00,12.19223,2.5480042,101057.55,735.68,0.0,2.5759993,0.0,51.70701
2017-02-28 21:00:00,12.591705,1.666626,101039.125,758.4,0.024993896,2.9425728,0.0,47.298477
2017-02-28 22:00:00,13.2473755,2.051239,101045.766,715.2178,0.0,3.0991979,0.0,46.574844
2017-02-28 23:00:00,13.458832,2.948578,101077.34,605.5289,0.0,3.6114578,0.0,48.96327
2017-03-01 00:00:00,13.151154,3.1608582,101095.78,425.1378,0.0,3.7027376,0.0,50.712337
2017-03-01 01:00:00,12.478546,3.4492493,101112.984,252.0,0.0,3.398702,0.0,54.086823
2017-03-01 02:00:00,11.826019,4.719269,101162.41,66.89778,0.0,2.3697658,0.0,61.725304
2017-03-01 03:00:00,10.516937,6.616699,101249.51,0.0,0.0,2.018179,0.0,76.7872
2017-03-01 04:00:00,10.618561,6.6210327,101289.375,0.0,0.0,1.4941611,0.0,76.29155
2017-03-01 05:00:00,10.07962,6.4546814,101351.14,0.0,0.0,1.7092571,0.0,78.18667
2017-03-01 06:00:00,9.314758,6.162384,101381.22,0.0,0.0,1.7852798,0.0,80.66294
2017-03-01 07:00:00,8.750458,5.9638367,101438.48,0.0,0.0,1.5127231,0.0,82.651726
2017-03-01 08:00:00,8.555328,5.8002625,101445.11,0.0,0.18331909,1.1298567,0.0,82.807915
2017-03-01 09:00:00,8.916565,6.151825,101447.51,0.0,0.16836548,0.8618744,0.0,82.79755
2017-03-01 10:00:00,7.63089,5.9638977,101485.55,0.0,0.5365906,0.6308794,0.0,89.18223
2017-03-01 11:00:00,7.5066833,6.059784,101476.25,0.0,0.3414917,0.6102335,0.0,90.53954
2017-03-01 12:00:00,7.15921,5.818573,101478.66,0.0,0.5359497,0.64867556,0.0,91.18302
2017-03-01 13:00:00,7.2568054,6.151367,101505.055,0.0,0.42086792,0.7474751,0.0,92.68372
2017-03-01 14:00:00,7.368225,6.5124207,101541.73,0.0,0.43460083,0.88079,0.0,94.298134
2017-03-01 15:00:00,7.585541,6.563751,101554.516,3.7155557,0.6446533,0.9795692,0.0,93.2375
2017-03-01 16:00:00,8.318695,7.200531,101619.66,121.52889,0.51138306,0.7736355,0.0,92.662384
2017-03-01 17:00:00,9.851776,7.3769836,101646.266,317.3689,0.022491455,0.7792253,0.0,84.575226
2017-03-01 18:00:00,11.625153,6.4723206,101652.33,512.2844,0.0,1.0461336,0.0,70.63493
2017-03-01 19:00:00,13.207123,5.0630493,101647.33,659.8933,0.0,1.5641577,0.0,57.743183
2017-03-01 20:00:00,14.35144,4.4302063,101627.94,748.99554,0.0,1.7635417,0.0,51.287045
2017-03-01 21:00:00,15.880341,2.946991,101550.44,772.67554,0.0,2.0222464,0.0,41.87277
2017-03-01 22:00:00,16.30777,3.6935425,101442.375,729.13776,0.0,2.0152504,0.0,42.951538
2017-03-01 23:00:00,16.293823,3.959076,101428.53,622.24,0.0,2.3508115,0.0,43.800224
2017-03-02 00:00:00,16.054932,4.357025,101412.36,462.24,0.0,2.7206914,0.0,45.732006
2017-03-02 01:00:00,15.238617,4.806122,101425.12,266.3289,0.0,2.3360202,0.0,49.724392
2017-03-02 02:00:00,13.427002,5.5153503,101398.89,71.68,0.0,1.9190935,0.0,58.738914
2017-03-02 03:00:00,11.293121,6.8563538,101429.664,0.0,0.0,1.9331703,0.0,74.1363
2017-03-02 04:00:00,10.730804,6.6662292,101456.195,0.0,0.0,1.6594421,0.0,75.95909
2017-03-02 05:00:00,10.120148,6.959198,101463.15,0.0,0.0,1.3670292,0.0,80.726135
2017-03-02 06:00:00,10.187286,6.664093,101492.484,0.0,0.0,1.2294334,0.0,78.75229
2017-03-02 07:00:00,10.337189,6.938141,101467.16,0.0,0.0,1.1867476,0.0,79.44876
2017-03-02 08:00:00,9.677673,7.0137634,101482.61,0.0,0.0,0.9033198,0.0,83.46719
2017-03-02 09:00:00,9.074341,7.224823,101439.22,0.0,0.0,0.6226082,0.0,88.191185
2017-03-02 10:00:00,7.365509,5.726288,101432.47,0.0,0.007507324,0.25227186,0.0,89.33225
2017-03-02 11:00:00,7.389374,5.9992065,101368.47,0.0,0.037506104,0.58169866,0.0,90.88689
2017-03-02 12:00:00,7.2016296,5.9355774,101375.93,0.0,0.7133179,0.9199373,0.0,91.65756
2017-03-02 13:00:00,7.2815247,6.127899,101378.625,0.0,0.7426758,1.0056149,0.0,92.37731
2017-03-02 14:00:00,7.5971375,6.446686,101413.58,0.0,0.7501831,0.74703526,0.0,92.41596
2017-03-02 15:00:00,7.252716,5.489105,101429.33,4.0355554,0.7501831,0.5483099,0.0,88.55574
2017-03-02 16:00:00,8.860504,6.6917725,101445.23,108.337776,0.7501831,0.40896514,0.0,86.26116
2017-03-02 17:00:00,10.076477,7.738495,101443.05,271.12888,0.22503662,0.6402225,0.0,85.39353
2017-03-02 18:00:00,11.80423,7.3124084,101453.33,456.55112,0.0012512207,1.1518186,0.0,73.94697
2017-03-02 19:00:00,13.447632,6.839691,101390.805,653.0311,0.006286621,1.5944867,0.0,64.27463
2017-03-02 20:00:00,15.015167,7.3717957,101361.44,757.88446,0.0,2.067605,0.0,60.22473
2017-03-02 21:00:00,16.72049,5.8454895,101255.8,781.8311,0.0,2.5407517,0.0,48.61959
2017-03-02 22:00:00,18.048798,7.068756,101153.6,737.6533,0.0,1.9832407,0.0,48.632664
2017-03-02 23:00:00,18.191162,7.031952,101092.0,627.5022,0.0,1.9221964,0.0,48.07794
2017-03-03 00:00:00,18.029022,6.819153,101047.58,466.18668,0.0,2.1308007,0.0,47.866543
2017-03-03 01:00:00,17.331177,7.41626,101032.875,269.79556,0.0,2.0079286,0.0,52.108974
2017-03-03 02:00:00,15.471497,7.973755,101008.836,74.77333,0.0,1.7884037,0.0,60.93512
2017-03-03 03:00:00,12.504852,8.071869,100996.03,0.0,0.0,1.525248,0.0,74.3671
2017-03-03 04:00:00,11.8316345,8.214722,101051.81,0.0,0.0,1.4292963,0.0,78.49489
2017-03-03 05:00:00,11.08017,7.9687195,101060.39,0.0,0.0,1.7485771,0.0,81.130005
2017-03-03 06:00:00,10.576843,7.8518066,101081.19,0.0,0.0,0.88040096,0.0,83.22729
2017-03-03 07:00:00,9.563965,7.1669006,101038.53,0.0,0.0,0.8230217,0.0,84.994156
2017-03-03 08:00:00,10.615631,8.207306,101005.83,0.0,0.02999878,0.8824104,0.0,85.04386
2017-03-03 09:00:00,9.620514,8.643555,100959.11,0.0,0.4276123,1.3554037,0.0,93.625984
2017-03-03 10:00:00,6.5256042,5.853668,100910.61,0.0,0.81188965,0.5644358,0.0,95.4686
2017-03-03 11:00:00,6.673584,5.5000916,100846.625,0.0,0.79519653,1.1050643,0.0,92.214386
2017-03-03 12:00:00,7.1260986,6.077362,100784.08,0.0,0.95877075,0.7493752,0.0,93.04016
2017-03-03 13:00:00,6.777008,5.5588074,100781.03,0.0,0.95751953,0.5928395,1.1444092e-05,91.93508
2017-03-03 14:00:00,7.265106,5.981903,100736.195,0.0,1.0,0.7800739,1.0967255e-05,91.55302
2017-03-03 15:00:00,7.721527,5.4928284,100720.25,3.911111,1.0,0.39301214,0.0,85.78721
2017-03-03 16:00:00,9.1857605,6.901764,100705.375,90.115555,1.0,0.641218,2.861023e-06,85.61456
2017-03-03 17:00:00,9.972717,8.070679,100720.38,202.45334,1.0,0.67169243,9.536743e-07,87.95538
2017-03-03 18:00:00,11.474243,8.284912,100689.234,396.97778,1.0,0.6095665,0.0,80.7549
2017-03-03 19:00:00,12.624817,9.230072,100639.016,542.43555,1.0,0.434358,0.0,79.799774
2017-03-03 20:00:00,13.350922,9.633148,100592.67,687.8578,1.0,0.76786983,0.0,78.18987
2017-03-03 21:00:00,14.721954,9.342072,100507.06,697.4044,0.9981384,1.496526,0.0,70.149574
2017-03-03 22:00:00,16.666046,8.255157,100435.77,580.5333,1.0,2.3486314,0.0,57.549747
2017-03-03 23:00:00,15.993652,8.754211,100406.06,440.87112,0.9906311,2.649208,0.0,62.1353
2017-03-04 00:00:00,15.438324,9.118286,100365.3,354.02667,0.98187256,2.5553536,0.0,65.98694
2017-03-04 01:00:00,14.246002,7.9981384,100315.17,211.53778,0.8499756,2.3546329,0.0,66.05345
2017-03-04 02:00:00,13.4888,9.242889,100304.16,45.671112,0.8124695,2.0627851,0.0,75.48295
2017-03-04 03:00:00,11.531342,9.824585,100323.86,0.017777778,0.7275696,1.8046793,0.0,89.25546
2017-03-04 04:00:00,11.154785,9.713104,100340.62,0.0,0.59381104,1.8558835,0.0,90.8284
2017-03-04 05:00:00,10.683868,9.35202,100368.125,0.0,0.5713501,2.3791385,0.0,91.469826
2017-03-04 06:00:00,10.872955,9.241974,100378.516,0.0,0.7861328,2.095613,0.0,89.659325
2017-03-04 07:00:00,10.936523,9.176758,100361.05,0.0,0.8505249,1.8087456,0.0,88.889786
2017-03-04 08:00:00,10.832001,8.929779,100337.77,0.0,0.9586792,1.6840678,0.0,88.030754
2017-03-04 09:00:00,10.60202,8.866272,100303.98,0.0,0.7992859,1.55295,0.0,89.00643
2017-03-04 10:00:00,10.125763,8.616089,100273.875,0.0,0.86120605,1.8429849,0.0,90.340546
2017-03-04 11:00:00,10.374847,8.728424,100214.234,0.0,0.8505554,1.3512384,0.0,89.527214
2017-03-04 12:00:00,10.206329,8.238373,100231.59,0.0,0.9849243,1.1696674,0.0,87.583496
2017-03-04 13:00:00,10.229828,8.3185425,100239.17,0.0,0.9036255,1.08823,9.536743e-07,87.92316
2017-03-04 14:00:00,10.4774475,8.6232605,100238.91,0.0,0.9249878,1.2848849,9.536743e-07,88.285934
2017-03-04 15:00:00,10.196106,7.445709,100250.41,4.462222,0.6774292,1.5001165,9.536743e-07,83.037155
2017-03-04 16:00:00,11.190796,7.7411194,100303.67,93.52889,0.62490845,1.2719787,9.536743e-07,79.297905
2017-03-04 17:00:00,11.925293,8.101288,100329.75,191.82222,0.81243896,2.542717,0.00011444092,77.4125
2017-03-04 18:00:00,12.709442,8.344818,100327.766,298.77335,0.8763428,3.1986585,3.9100647e-05,74.7485
2017-03-04 19:00:00,13.703003,8.73941,100310.414,446.02667,0.71884155,3.5724695,5.054474e-05,71.950836
2017-03-04 20:00:00,14.881165,9.269562,100238.58,489.4222,0.7355652,3.8822265,5.9127808e-05,69.09491
2017-03-04 21:00:00,14.825134,8.0191345,100193.8,598.5956,0.79003906,4.325981,2.9563904e-05,63.718052
2017-03-04 22:00:00,15.293182,8.598175,100139.625,494.6489,0.6356201,4.110388,2.9563904e-05,64.30493
2017-03-04 23:00:00,14.582642,8.219635,100092.516,465.47556,0.62384033,4.298375,8.010864e-05,65.61101
2017-03-05 00:00:00,14.094757,8.697784,100059.8,287.94666,0.72262573,4.419356,4.5776367e-05,69.94622
2017-03-05 01:00:00,14.150726,9.338776,99980.69,103.52,0.93252563,4.507163,3.0517578e-05,72.77335
2017-03-05 02:00:00,13.309601,9.055939,99925.89,19.342222,0.9981384,4.5255637,0.00015115738,75.41363
2017-03-05 03:00:00,13.007294,9.841858,99890.08,0.017777778,0.92007446,4.9448843,0.0006017685,81.09197
2017-03-05 04:00:00,12.516327,10.285645,99852.125,0.0,0.9532471,5.3340077,0.0012803078,86.26729
2017-03-05 05:00:00,12.11087,10.322845,99840.234,0.0,1.0,4.127088,0.0014591217,88.81838
2017-03-05 06:00:00,11.644806,9.458038,99852.92,0.0,1.0,4.0323915,0.0014858246,86.43463
2017-03-05 07:00:00,11.539825,8.79126,99864.125,0.0,0.8649597,4.055979,0.0013327599,83.21072
2017-03-05 08:00:00,11.215851,8.254395,99838.016,0.0,0.6268921,4.135438,0.0005002022,81.979195
2017-03-05 09:00:00,10.989777,9.394379,99800.91,0.0,0.4593506,4.6202426,0.00012350082,89.88327
2017-03-05 10:00:00,9.792786,7.556488,99777.445,0.0,0.44754028,4.614065,0.0003361702,85.95802
2017-03-05 11:00:00,9.2438965,7.16922,99720.28,0.0,0.58309937,4.854126,0.0007081032,86.85781
2017-03-05 12:00:00,8.300751,6.435547,99700.875,0.0,0.5430603,5.496642,0.0018825531,88.02761
2017-03-05 13:00:00,8.468109,5.5635986,99737.66,0.0,0.6854553,5.4251637,0.0012578964,81.94372
2017-03-05 14:00:00,8.065887,5.1531067,99821.44,0.0,0.67300415,4.85353,0.00059223175,81.8441
2017-03-05 15:00:00,7.9177856,4.61026,99884.34,3.52,0.59173584,4.0019774,0.00061893463,79.60143
2017-03-05 16:00:00,8.581451,5.2134705,99956.36,91.84,0.5262146,3.5225272,0.00028038025,79.36325
2017-03-05 17:00:00,9.08963,5.005615,100011.5,250.09778,0.7461853,4.284004,0.00031852722,75.58262
2017-03-05 18:00:00,9.7430725,4.9602966,100105.17,268.71112,0.8351135,5.327788,0.0010433197,72.1044
2017-03-05 19:00:00,9.52478,4.283325,100195.984,442.68445,0.72247314,6.28094,0.00020599365,69.78787
2017-03-05 20:00:00,9.377777,3.683014,100246.11,537.88446,0.50631714,5.867746,0.0006933212,67.57067
2017-03-05 21:00:00,9.117828,3.4116821,100269.31,665.79553,0.9392395,4.676271,0.0002641678,67.46131
2017-03-05 22:00:00,9.728851,4.082428,100229.664,531.32446,0.39620972,5.367502,0.00034427643,67.87491
2017-03-05 23:00:00,9.451477,3.8967285,100269.875,443.57333,0.3625183,5.1561074,0.00027132034,68.25519
2017-03-06 00:00:00,9.668335,3.7437134,100276.31,344.99554,0.49630737,5.063271,0.00013017654,66.54776
2017-03-06 01:00:00,9.312164,3.2011414,100366.84,227.2,0.18380737,3.999666,0.00018310547,65.60093
2017-03-06 02:00:00,8.8402405,2.290039,100409.78,70.63111,0.31878662,3.5541413,1.4305115e-05,63.482803
2017-03-06 03:00:00,7.851715,2.9154968,100533.47,0.10666667,0.13253784,2.2899795,4.386902e-05,70.97022
2017-03-06 04:00:00,7.7435303,2.650055,100569.44,0.0,0.25628662,1.6856278,1.9073486e-06,70.16166
2017-03-06 05:00:00,7.550995,2.2612,100642.92,0.0,0.29193115,1.2195405,0.0,69.15
2017-03-06 06:00:00,7.6548157,2.2378235,100715.44,0.0,0.48501587,1.6045825,6.67572e-06,68.5476
2017-03-06 07:00:00,7.578064,2.4568176,100783.234,0.0,0.70999146,1.4133765,3.33786e-06,69.99017
2017-03-06 08:00:00,7.3481445,2.4848938,100794.51,0.0,0.5874634,2.0326307,0.00015115738,71.240265
2017-03-06 09:00:00,8.333832,4.4063416,100839.95,0.0,0.6137085,2.3620996,9.1552734e-05,76.2864
2017-03-06 10:00:00,6.932129,3.889038,100852.74,0.0,0.6000061,1.8783978,0.00058841705,80.94996
2017-03-06 11:00:00,6.9460754,4.122589,100839.14,0.0,0.5232239,2.4496295,0.00043821335,82.2101
2017-03-06 12:00:00,7.0761414,4.3739624,100899.06,0.0,0.6800537,1.9581363,5.6743622e-05,82.92875
2017-03-06 13:00:00,7.2568665,4.08136,100944.53,0.0,0.9468994,1.6041665,4.9591064e-05,80.24558
2017-03-06 14:00:00,7.2149963,4.6404114,100959.7,0.0,0.9251709,2.0008476,0.00010251999,83.68927
2017-03-06 15:00:00,7.96875,4.757538,101010.88,4.728889,0.6325989,2.1352317,0.0004644394,80.14611
2017-03-06 16:00:00,8.396179,5.361603,101064.94,81.86667,0.694458,2.5032036,0.00011730194,81.1977
2017-03-06 17:00:00,8.921783,6.0229187,101163.89,202.68445,0.5913391,2.5066426,0.0001654625,82.0347
2017-03-06 18:00:00,10.054901,6.5326843,101198.734,317.33334,0.5312195,2.3256779,0.00029277802,78.73781
2017-03-06 19:00:00,10.475067,6.2260437,101258.97,404.72888,0.64624023,2.3846695,0.00019359589,74.9574
2017-03-06 20:00:00,10.939606,6.5279236,101230.55,424.72888,0.45562744,2.6817122,0.00019645691,74.202095
2017-03-06 21:00:00,11.856354,6.207733,101203.72,687.98224,0.7067871,2.8624463,0.00014400482,68.30734
2017-03-06 22:00:00,12.5911255,5.1454773,101182.47,602.7733,0.7793579,1.8339303,3.6239624e-05,60.46472
2017-03-06 23:00:00,12.907379,5.319977,101165.78,473.63556,0.7331543,2.1267216,4.1484833e-05,59.947735
2017-03-07 00:00:00,12.680206,4.9992065,101168.45,346.27554,0.8480835,2.267758,4.7683716e-06,59.503334
2017-03-07 01:00:00,12.201508,4.5191345,101156.625,197.06667,0.6012573,2.198615,6.198883e-06,59.380177
2017-03-07 02:00:00,11.470856,5.5233765,101172.64,58.666668,0.9412842,1.3782588,0.0,66.82916
2017-03-07 03:00:00,10.8871155,5.99881,101221.22,0.17777778,0.596344,1.6016266,0.0,71.79301
2017-03-07 04:00:00,10.856415,6.091339,101269.15,0.0,0.78933716,1.8367993,0.0,72.40112
2017-03-07 05:00:00,10.284943,5.9480286,101332.46,0.0,0.41055298,1.5280231,0.0,74.47093
2017-03-07 06:00:00,10.160797,6.2349854,101377.58,0.0,0.19744873,0.8285539,0.0,76.59455
2017-03-07 07:00:00,8.69162,6.1600647,101358.625,0.0,0.19119263,0.22324696,0.0,84.113846
2017-03-07 08:00:00,8.918488,5.9354553,101379.31,0.0,0.18182373,0.47906163,0.0,81.558334
2017-03-07 09:00:00,8.834076,6.38208,101382.734,0.0,0.11871338,0.6495799,0.0,84.592995
2017-03-07 10:00:00,7.3959656,6.420929,101402.14,0.0,0.39160156,1.6632355,0.0,93.52838
2017-03-07 11:00:00,7.944702,6.799713,101356.0,0.0,0.25808716,1.824129,0.0,92.470825
2017-03-07 12:00:00,7.485321,6.502655,101331.67,0.0,0.61920166,1.5169705,0.0,93.48372
2017-03-07 13:00:00,5.7617493,5.203491,101327.5,0.0,0.8524475,1.2785032,0.0,96.19945
2017-03-07 14:00:00,7.615692,6.468292,101335.23,0.0,0.9305725,1.0369983,0.0,92.43647
2017-03-07 15:00:00,7.837677,5.933563,101361.984,8.568889,0.8705139,1.1541342,0.0,87.74967
2017-03-07 16:00:00,9.061127,7.273651,101435.52,141.67111,0.7817383,0.8763009,0.0,88.56529
2017-03-07 17:00:00,10.356049,6.6707153,101430.56,327.9822,0.57958984,0.36160144,0.0,77.90481
2017-03-07 18:00:00,11.451019,6.3437805,101479.945,524.6578,0.74819946,0.45655358,0.0,70.8233
2017-03-07 19:00:00,12.464081,6.537689,101451.59,617.28,0.95062256,0.9977685,0.0,67.137985
2017-03-07 20:00:00,13.223846,6.437958,101437.91,644.3911,0.9662781,1.448418,0.0,63.442627
2017-03-07 21:00:00,13.735382,5.048523,101370.625,634.9511,0.92248535,1.5128667,0.0,55.73305
2017-03-07 22:00:00,14.850952,6.2427673,101317.7,653.42224,0.75686646,1.6167308,0.0,56.32438
2017-03-07 23:00:00,14.713776,6.420868,101292.45,584.85333,0.6723633,1.8810261,0.0,57.52689
2017-03-08 00:00:00,14.701691,6.8608093,101279.125,461.24445,0.7885742,2.107747,0.0,59.34009
2017-03-08 01:00:00,14.395386,7.381836,101248.11,274.54224,0.95874023,2.623484,0.0,62.72549
2017-03-08 02:00:00,13.071991,8.031891,101279.84,82.026665,0.910614,2.296173,0.0,71.46048
2017-03-08 03:00:00,11.841644,9.646881,101289.9,0.28444445,0.68188477,2.0740318,0.0,86.407745
2017-03-08 04:00:00,11.45459,9.645874,101323.53,0.0,0.21072388,1.7570279,0.0,88.6407
2017-03-08 05:00:00,10.588623,8.7708435,101355.836,0.0,0.011932373,1.3708375,0.0,88.51324
2017-03-08 06:00:00,9.851624,8.003601,101376.766,0.0,0.0018920898,1.7520545,0.0,88.26834
2017-03-08 07:00:00,9.35556,7.78891,101365.61,0.0,0.0,1.8344204,0.0,89.93464
2017-03-08 08:00:00,9.400604,7.8226013,101368.16,0.0,0.0,1.7528046,0.0,89.86853
2017-03-08 09:00:00,8.454834,7.386383,101375.27,0.0,0.0,1.6444811,0.0,92.98556
2017-03-08 10:00:00,8.100006,7.3023987,101384.97,0.0,0.93600464,0.7899506,0.0,94.706696
2017-03-08 11:00:00,8.045013,7.190155,101314.06,0.0,0.96243286,0.7138821,0.0,94.334045
2017-03-08 12:00:00,7.382599,6.5881653,101322.375,0.0,0.9706116,0.8874118,0.0,94.697845
2017-03-08 13:00:00,7.6009216,6.6561584,101315.61,0.0,0.97869873,0.99061596,0.0,93.73354
2017-03-08 14:00:00,7.394928,6.358551,101308.6,0.0,0.96868896,0.88008976,0.0,93.13385
2017-03-08 15:00:00,7.9880066,5.228607,101316.234,10.506667,0.90615845,0.5444315,0.0,82.71206
2017-03-08 16:00:00,10.462524,6.160492,101348.64,148.24889,0.7532959,0.77290225,0.0,74.68153
2017-03-08 17:00:00,11.876129,6.1223755,101344.125,344.44446,0.1425476,1.0051775,0.0,67.81753
2017-03-08 18:00:00,13.447784,7.0209045,101339.97,525.2622,0.0025024414,1.4638352,0.0,65.078064
2017-03-08 19:00:00,14.754669,8.0971985,101287.984,667.30664,0.0,2.0866416,0.0,64.34892
2017-03-08 20:00:00,15.92569,9.69809,101257.22,753.06665,0.007507324,2.6998706,0.0,66.50271
2017-03-08 21:00:00,17.09372,10.075653,101201.234,776.3911,0.069366455,3.0790162,0.0,63.320347
2017-03-08 22:00:00,17.883148,10.831512,101095.2,732.01776,0.08746338,2.8935845,0.0,63.3559
2017-03-08 23:00:00,17.87967,11.349701,101016.61,626.61334,0.0,2.9535553,0.0,65.58754
2017-03-09 00:00:00,17.723969,11.619415,100996.37,466.84445,0.0,2.948677,0.0,67.42704
2017-03-09 01:00:00,16.752258,10.928711,100950.03,278.06223,0.0,2.5069525,0.0,68.49496
2017-03-09 02:00:00,15.902008,11.165375,100962.66,85.26222,0.007507324,2.6455178,0.0,73.454445
2017-03-09 03:00:00,13.926605,12.617462,100998.875,0.40888888,0.007507324,2.316008,0.0,91.81139
2017-03-09 04:00:00,13.152496,12.174713,101068.83,0.0,0.007507324,1.8424908,0.0,93.789925
2017-03-09 05:00:00,12.244904,11.158112,101074.75,0.0,0.03189087,1.8678589,0.0,93.07181
2017-03-09 06:00:00,12.196686,10.904785,101077.9,0.0,0.63116455,1.6540248,0.0,91.80987
2017-03-09 07:00:00,13.373535,11.641266,101098.72,0.0,0.9337158,1.3301334,0.0,89.250465
2017-03-09 08:00:00,12.893097,11.009979,101056.69,0.0,0.3225708,1.9203821,0.0,88.32333
2017-03-09 09:00:00,12.110443,10.997833,101020.625,0.0,0.21755981,1.6104705,0.0,92.905304
2017-03-09 10:00:00,11.288391,10.071442,101012.16,0.0,0.9874573,0.31489775,0.0,92.215195
2017-03-09 11:00:00,11.134705,10.074738,100948.55,0.0,0.9260254,0.23867251,0.0,93.180435
2017-03-09 12:00:00,10.575043,9.580109,100920.98,0.0,0.93722534,0.82089245,0.0,93.559296
2017-03-09 13:00:00,10.704926,9.758148,100930.0,0.0,0.7501831,1.1834133,0.0,93.868484
2017-03-09 14:00:00,10.521912,9.685211,100942.805,0.0,0.7501831,1.0200467,0.0,94.55627
2017-03-09 15:00:00,10.415375,8.63858,100953.45,11.804444,0.7501831,0.75038505,0.0,88.7443
2017-03-09 16:00:00,11.594574,9.339325,100983.42,145.68889,0.7501831,0.46729136,0.0,86.0323
2017-03-09 17:00:00,12.867645,9.731323,100994.805,347.9111,0.45010376,0.76743805,0.0,81.2319
2017-03-09 18:00:00,14.965576,10.895477,100992.7,522.1511,0.31115723,0.83913904,0.0,76.61823
2017-03-09 19:00:00,16.238647,11.367218,100971.92,687.94666,0.8713074,1.1635963,0.0,72.8606
2017-03-09 20:00:00,17.594543,12.409637,100963.164,768.0711,0.99749756,1.9585909,0.0,71.613884
2017-03-09 21:00:00,18.96701,12.219513,100928.75,769.9733,1.0,2.6558528,0.0,64.88504
2017-03-09 22:00:00,18.683563,12.683868,100883.086,679.3422,1.0,3.143522,0.0,68.09049
2017-03-09 23:00:00,18.22116,12.886078,100859.875,556.74664,1.0,3.0534687,0.0,71.02825
2017-03-10 00:00:00,17.305847,12.768677,100823.91,382.20444,1.0,2.7252614,0.0,74.67059
2017-03-10 01:00:00,16.297852,12.002228,100783.89,205.3511,1.0,2.0987794,0.0,75.69639
2017-03-10 02:00:00,15.424957,11.989838,100805.695,57.102222,0.980011,1.8470132,0.0,79.97757
2017-03-10 03:00:00,14.5896,13.727814,100850.914,0.42666668,0.9874878,1.3983479,0.0,94.5678
2017-03-10 04:00:00,14.144348,13.3098755,100861.3,0.0,0.9624939,1.4622215,0.0,94.71817
2017-03-10 05:00:00,13.802765,12.627136,100908.63,0.0,0.9949951,1.3611739,0.0,92.611694
2017-03-10 06:00:00,13.48764,12.266754,100921.86,0.0,0.995636,1.1309581,0.0,92.31903
2017-03-10 07:00:00,13.124664,11.731384,100935.65,0.0,0.9968872,1.4366632,0.0,91.25381
2017-03-10 08:00:00,12.836456,11.25589,100919.72,0.0,0.99935913,1.5278504,0.0,90.10999
2017-03-10 09:00:00,12.379913,11.2291565,100921.68,0.0,1.0,1.0948372,0.0,92.68502
2017-03-10 10:00:00,11.704773,10.594391,100896.84,0.0,0.9924927,0.39701277,0.0,92.897285
2017-03-10 11:00:00,11.947876,10.863129,100823.875,0.0,1.0,0.43289655,0.0,93.06889
2017-03-10 12:00:00,11.580414,10.64978,100811.64,0.0,1.0,0.7556482,0.0,94.010315
2017-03-10 13:00:00,11.468048,10.638458,100846.56,0.0,1.0,0.6811959,0.0,94.64034
2017-03-10 14:00:00,11.598114,10.7883,100845.14,0.0,1.0,1.1688331,0.0,94.7703
2017-03-10 15:00:00,11.877533,9.935333,100849.586,6.6844444,1.0,1.1177796,0.0,87.887215
2017-03-10 16:00:00,12.322784,10.115143,100940.98,68.28445,1.0,1.3224537,0.0,86.38096
2017-03-10 17:00:00,13.021881,10.403534,100956.234,181.17334,0.99749756,1.2127502,0.0,84.116325
2017-03-10 18:00:00,13.572174,10.640839,100935.98,319.18222,1.0,0.92071646,0.0,82.44401
2017-03-10 19:00:00,14.810669,11.419037,100919.53,405.74222,0.9906311,0.6769439,0.0,80.12236
2017-03-10 20:00:00,15.820251,11.484222,100862.95,501.70667,0.97250366,0.80708206,0.0,75.41616
2017-03-10 21:00:00,17.22763,11.562225,100799.805,563.62665,0.60250854,1.5073123,0.0,69.31214
2017-03-10 22:00:00,18.985779,12.515259,100720.375,663.00446,0.19689941,1.5533081,0.0,66.08102
2017-03-10 23:00:00,19.552948,12.742157,100646.82,623.4311,0.18701172,1.5393575,0.0,64.74266
2017-03-11 00:00:00,19.906158,13.676605,100627.92,481.5822,0.00064086914,1.632705,0.0,67.32278
2017-03-11 01:00:00,18.994904,13.201691,100586.03,285.4222,0.0018920898,2.012642,0.0,69.0791
2017-03-11 02:00:00,17.889557,13.487701,100580.164,90.86222,0.0,2.0844624,0.0,75.431206
2017-03-11 03:00:00,15.957489,13.996368,100605.766,0.72888887,0.0,1.6388164,0.0,88.13507
2017-03-11 04:00:00,15.26236,13.182648,100633.375,0.0,0.0,1.718518,0.0,87.39582
2017-03-11 05:00:00,14.406708,12.443115,100644.42,0.0,0.0,1.254639,0.0,87.9861
2017-03-11 06:00:00,13.899689,11.864655,100641.625,0.0,0.0,0.37586418,0.0,87.5281
2017-03-11 07:00:00,14.515289,12.211273,100670.875,0.0,0.0,0.8863177,0.0,86.048935
2017-03-11 08:00:00,14.358795,11.881989,100655.61,0.0,0.0,0.83068323,0.0,85.0587
2017-03-11 09:00:00,13.407318,11.8576355,100659.97,0.0,0.0,1.0645926,0.0,90.33571
2017-03-11 10:00:00,12.251404,10.980743,100677.33,0.0,0.0,0.8904317,0.0,91.9429
2017-03-11 11:00:00,11.115204,10.12973,100621.44,0.0,0.0,1.0198724,0.0,93.64499
2017-03-11 12:00:00,10.124054,9.602356,100616.78,0.0,0.048736572,1.2541575,0.0,96.563644
2017-03-11 13:00:00,9.86264,9.32843,100668.53,0.0,0.26065063,1.529674,0.0,96.475395
2017-03-11 14:00:00,11.638336,10.861786,100698.77,0.0,0.9337158,0.9376848,0.0,94.98183
2017-03-11 15:00:00,10.601654,8.827057,100708.42,14.133333,1.0,0.6129932,0.0,88.77306
2017-03-11 16:00:00,13.200867,10.477295,100786.81,150.47112,1.0,1.3421967,0.0,83.548485
2017-03-11 17:00:00,14.18634,10.140839,100837.26,333.83112,0.9025879,1.8538833,0.0,76.6197
2017-03-11 18:00:00,15.19046,10.030243,100857.55,507.39557,1.0,1.6926619,0.0,71.281944
2017-03-11 19:00:00,16.419525,10.677521,100872.72,618.3822,1.0,2.001189,0.0,68.80059
2017-03-11 20:00:00,17.043915,10.877655,100872.11,683.18225,0.83810425,2.468204,0.0,67.01117
2017-03-11 21:00:00,18.083282,9.544617,100863.36,770.0267,0.28253174,3.1103435,0.0,57.405346
2017-03-11 22:00:00,18.556976,10.32251,100822.266,747.2889,0.006286621,3.3912344,0.0,58.70449
2017-03-11 23:00:00,18.608673,10.3472595,100719.53,652.12445,0.0,3.2985497,0.0,58.61149
2017-03-12 00:00:00,17.65207,10.28656,100735.55,488.62222,0.0,3.2095816,0.0,61.992104
2017-03-12 01:00:00,16.908264,10.133301,100703.66,291.48444,0.0,2.4507241,0.0,64.316864
2017-03-12 02:00:00,15.921112,11.405243,100737.19,96.19556,0.008758545,1.9125627,0.0,74.540504
2017-03-12 03:00:00,13.582733,12.024811,100800.21,0.94222224,0.016235352,1.8698819,0.0,90.29924
2017-03-12 04:00:00,12.74408,11.249786,100843.29,0.0,0.2081604,2.177118,0.0,90.62025
2017-03-12 05:00:00,12.094147,10.802155,100896.234,0.0,0.30252075,1.5701798,0.0,91.802986
2017-03-12 06:00:00,11.743683,10.496246,100946.64,0.0,0.10873413,0.90296024,0.0,92.05456
2017-03-12 07:00:00,11.561127,10.500641,100929.11,0.0,0.07562256,1.4150507,0.0,93.19925
2017-03-12 08:00:00,11.469086,10.438324,100925.04,0.0,0.036865234,1.5994807,4.7683716e-07,93.37954
2017-03-12 09:00:00,11.331085,10.277008,100916.41,0.0,0.023101807,1.2907369,0.0,93.22727
2017-03-12 10:00:00,11.6362,10.359619,100937.375,0.0,0.9510498,0.94390124,0.0,91.86922
2017-03-12 11:00:00,10.689087,9.524963,100890.77,0.0,0.7310486,0.9931698,0.0,92.50773
2017-03-12 12:00:00,11.462677,9.930542,100893.99,0.0,0.4729004,1.3834136,0.0,90.3009
2017-03-12 13:00:00,10.18808,9.293121,100839.91,0.0,0.20196533,0.8042221,0.0,94.17227
2017-03-12 14:00:00,11.118439,10.346405,100810.0,0.0,0.18069458,0.7240577,0.0,94.990456
2017-03-12 15:00:00,10.11087,8.077423,100838.32,17.76,0.7701721,0.66411316,0.0,87.1858
2017-03-12 16:00:00,12.461273,9.765411,100896.28,175.05779,0.19503784,0.5021477,0.0,83.61645
2017-03-12 17:00:00,13.66153,9.582733,100915.516,382.11557,0.007507324,0.9353315,0.0,76.36473
2017-03-12 18:00:00,16.080933,11.040131,100923.414,571.32446,0.007507324,1.1423668,0.0,72.01822
2017-03-12 19:00:00,17.51883,11.718536,100878.67,717.06665,0.0,1.4432573,0.0,68.75443
2017-03-12 20:00:00,18.602875,12.453766,100858.95,807.5733,0.0,1.9254395,0.0,67.40983
2017-03-12 21:00:00,19.929413,12.39975,100821.97,830.9867,0.0,2.497774,0.0,61.841682
2017-03-12 22:00:00,20.654144,11.1008,100738.69,786.4889,0.0,2.6701922,0.0,54.270653
2017-03-12 23:00:00,20.048248,11.363739,100699.125,677.8311,0.0,2.8058507,0.0,57.33238
2017-03-13 00:00:00,19.112793,11.506805,100708.04,512.5511,0.0,2.7568069,0.0,61.343628
2017-03-13 01:00:00,17.557709,10.988739,100718.11,310.6489,0.022491455,2.203464,0.0,65.34891
2017-03-13 02:00:00,16.269928,11.100006,100725.42,103.71555,0.014984131,1.7554536,0.0,71.43837
2017-03-13 03:00:00,14.223389,11.791931,100742.56,1.2444445,0.018127441,1.7911882,0.0,85.29919
2017-03-13 04:00:00,13.306793,11.085602,100749.56,0.0,0.035614014,1.2709734,0.0,86.40041
2017-03-13 05:00:00,12.908417,10.250824,100781.53,0.0,0.00064086914,1.0983496,0.0,83.883156
2017-03-13 06:00:00,13.805939,10.600555,100784.56,0.0,0.011260986,0.9686168,0.0,80.98222
2017-03-13 07:00:00,13.576263,10.166718,100775.89,0.0,0.007507324,1.086449,0.0,79.85476
2017-03-13 08:00:00,13.193878,9.959564,100785.11,0.0,0.007507324,1.5826997,0.0,80.74359
2017-03-13 09:00:00,12.188812,9.740021,100774.984,0.0,0.0,1.4052186,0.0,84.98284
2017-03-13 10:00:00,11.268005,8.586884,100754.17,0.0,0.0012512207,0.31609368,0.0,83.55868
2017-03-13 11:00:00,10.079071,8.418243,100684.27,0.0,0.014984131,0.45088172,0.0,89.416664
2017-03-13 12:00:00,9.980713,8.668671,100669.69,0.0,0.014984131,0.40998563,0.0,91.547
2017-03-13 13:00:00,9.756622,8.92746,100648.61,0.0,0.0,0.6618586,0.0,94.5723
2017-03-13 14:00:00,9.677948,8.930695,100667.914,0.0,0.00064086914,0.67581576,0.0,95.093666
2017-03-13 15:00:00,9.923553,7.3693542,100701.69,20.16,0.0,0.5394365,0.0,84.12549
2017-03-13 16:00:00,12.527985,9.029327,100716.91,184.83556,0.0,0.63730097,0.0,79.22889
2017-03-13 17:00:00,14.670868,9.231873,100684.83,396.33777,0.0,1.0101894,0.0,69.86095
2017-03-13 18:00:00,16.722015,9.456818,100657.234,586.4,0.0,1.3617443,0.0,62.195377
2017-03-13 19:00:00,19.10263,10.781799,100633.43,727.5378,0.0,1.7388439,0.0,58.499504
2017-03-13 20:00:00,20.856293,11.338226,100556.92,809.06665,0.0,2.0952008,0.0,54.44948
2017-03-13 21:00:00,22.5159,9.694672,100491.95,827.0933,0.0,2.5605946,0.0,44.085648
2017-03-13 22:00:00,23.64206,10.44754,100422.3,778.79114,0.0,1.5714018,0.0,43.307655
2017-03-13 23:00:00,24.056671,11.083405,100359.86,666.82666,0.0,1.5813011,0.0,44.066025
2017-03-14 00:00:00,23.590363,11.666321,100320.64,503.55554,0.0,1.278266,0.0,47.10476
2017-03-14 01:00:00,22.723053,12.813171,100308.72,308.71112,0.0,1.1863537,0.0,53.53328
2017-03-14 02:00:00,20.82135,14.228607,100305.17,103.76889,0.008148193,1.8556262,0.0,65.94188
2017-03-14 03:00:00,17.396881,13.589874,100330.234,1.44,0.00064086914,1.9723241,0.0,78.33223
2017-03-14 04:00:00,15.963409,12.4878235,100346.914,0.0,0.007507324,1.8970667,0.0,79.839806
2017-03-14 05:00:00,15.425446,12.859222,100355.766,0.0,0.0,1.7460128,0.0,84.67554
2017-03-14 06:00:00,16.308258,13.395264,100392.56,0.0,0.0,1.2177318,0.0,82.879105
2017-03-14 07:00:00,14.864899,13.140167,100390.484,0.0,0.0,0.21239059,0.0,89.41178
2017-03-14 08:00:00,13.874451,12.388062,100393.016,0.0,0.007507324,0.9364138,0.0,90.74585
2017-03-14 09:00:00,12.905487,12.05954,100388.92,0.0,0.090026855,0.75147164,0.0,94.59676
2017-03-14 10:00:00,13.517639,11.693878,100393.83,0.0,0.22503662,2.011321,0.0,88.72414
2017-03-14 11:00:00,12.530243,11.097473,100345.85,0.0,0.090026855,1.9370134,0.0,90.976135
2017-03-14 12:00:00,12.077301,11.106293,100358.94,0.0,0.090026855,1.4419769,0.0,93.7813
2017-03-14 13:00:00,12.019897,11.394684,100403.17,0.0,0.44259644,1.0754744,1.9073486e-06,95.953865
2017-03-14 14:00:00,12.1633,11.588898,100405.9,0.0,0.8006897,1.0891451,4.7683716e-07,96.28133
2017-03-14 15:00:00,11.765472,9.93338,100442.38,16.977777,0.7501831,0.8479645,1.4305115e-06,88.52807
2017-03-14 16:00:00,14.094177,11.617554,100499.5,150.0089,0.25506592,0.92808664,0.0,85.0313
2017-03-14 17:00:00,15.549042,11.781403,100498.11,331.04,0.052520752,0.40196615,4.7683716e-07,78.25997
2017-03-14 18:00:00,17.85086,12.712982,100495.516,488.74667,0.052520752,0.17578635,0.0,71.882515
2017-03-14 19:00:00,19.719696,13.948608,100484.43,724.2489,0.0,0.44808865,0.0,69.320854
2017-03-14 20:00:00,20.8096,14.907623,100493.695,800.32,0.0,1.3117702,0.0,68.94888
2017-03-14 21:00:00,21.639893,14.325287,100459.28,796.37335,0.014984131,1.3842027,0.0,63.10375
2017-03-14 22:00:00,23.374481,14.747833,100427.61,733.35114,0.007507324,2.3873982,0.0,58.358818
2017-03-14 23:00:00,23.258636,15.276001,100408.64,598.2756,0.007507324,2.3224666,0.0,60.801662
2017-03-15 00:00:00,22.339111,14.983917,100372.4,467.21777,0.0,2.032616,0.0,63.093628
2017-03-15 01:00:00,21.222137,14.964111,100341.63,272.90668,0.0,1.882588,0.0,67.466835
2017-03-15 02:00:00,19.906921,15.559174,100348.7,81.208885,0.007507324,2.1559296,0.0,76.02251
2017-03-15 03:00:00,16.598053,15.313873,100432.32,1.3866667,0.022491455,2.038184,0.0,92.11982
2017-03-15 04:00:00,15.331055,14.975372,100458.55,0.0,0.03189087,1.3906647,4.7683716e-07,97.738464
2017-03-15 05:00:00,15.554932,14.991058,100516.86,0.0,0.023132324,1.2327346,0.0,96.441765
2017-03-15 06:00:00,15.720917,15.031921,100531.734,0.0,0.08023071,1.6400222,9.536743e-07,95.67289
2017-03-15 07:00:00,15.017731,14.817413,100541.45,0.0,0.014984131,1.5190424,0.0,98.71766
2017-03-15 08:00:00,14.117218,13.868195,100558.664,0.0,0.008758545,1.1629034,0.0,98.396965
2017-03-15 09:00:00,13.390442,12.907928,100565.125,0.0,0.01751709,1.2050875,0.0,96.89731
2017-03-15 10:00:00,11.723724,11.563721,100512.0,0.0,0.4456482,0.81194633,0.0,98.94803
2017-03-15 11:00:00,11.064819,11.003113,100487.78,0.0,0.23806763,0.6283184,0.0,99.59103
2017-03-15 12:00:00,11.405121,11.291748,100481.17,0.0,0.763916,0.7715263,0.0,99.25174
2017-03-15 13:00:00,11.432465,11.286591,100503.35,0.0,0.7982483,0.81548387,0.0,99.03834
2017-03-15 14:00:00,11.402435,11.309784,100561.52,0.0,0.90444946,1.3881218,0.0,99.38812
2017-03-15 15:00:00,12.001984,10.033844,100643.85,17.262222,0.977417,1.7718657,0.0,87.74581
2017-03-15 16:00:00,12.997192,9.968842,100711.74,116.19556,0.9586487,0.729819,0.0,81.83895
2017-03-15 17:00:00,13.51413,9.626068,100692.914,279.02222,0.8432007,0.8270699,0.0,77.325745
2017-03-15 18:00:00,14.185394,9.973053,100720.06,399.36,0.8987427,1.1367816,0.0,75.76878
2017-03-15 19:00:00,15.779633,10.736237,100729.1,570.75555,0.8220215,1.6248448,0.0,71.9503
2017-03-15 20:00:00,16.643677,10.810791,100738.97,672.48,0.99124146,2.0753942,0.0,68.43056
2017-03-15 21:00:00,17.660004,10.730682,100700.54,710.61334,0.95999146,2.8502257,0.0,63.82363
2017-03-15 22:00:00,15.7274475,10.866364,100687.016,602.1689,0.98999023,2.541882,0.0,72.81879
2017-03-15 23:00:00,15.791107,11.056305,100643.12,465.40445,0.9987488,1.8105013,0.0,73.4438
2017-03-16 00:00:00,14.7361145,10.6328125,100721.04,323.32443,0.9825134,3.389181,0.00029039383,76.41247
2017-03-16 01:00:00,14.160065,10.557251,100717.66,176.64,0.69873047,2.545646,0.0,78.91418
2017-03-16 02:00:00,14.200775,11.053894,100709.766,65.155556,0.8386841,1.7804183,0.0,81.35034
2017-03-16 03:00:00,13.304108,12.156128,100821.42,1.6533333,0.8486023,2.070776,0.0,92.75268
2017-03-16 04:00:00,12.199127,11.082367,100872.625,0.0,0.9949951,0.7495735,0.0,92.884445
2017-03-16 05:00:00,12.630463,11.22641,100839.42,0.0,0.96118164,0.83715445,0.0,91.156334
2017-03-16 06:00:00,12.320923,11.116974,100888.766,0.0,0.8217163,1.0046245,0.0,92.35521
2017-03-16 07:00:00,13.561462,11.806549,100922.3,0.0,0.58200073,1.5603924,0.0,89.13203
2017-03-16 08:00:00,13.572113,11.762482,100930.11,0.0,0.7224121,0.73431367,3.33786e-06,88.81146
2017-03-16 09:00:00,12.790802,12.056793,100931.06,0.0,0.993103,0.48761162,9.536743e-07,95.29252
2017-03-16 10:00:00,12.570587,11.877655,100906.94,0.0,0.9968567,1.2387167,2.861023e-06,95.54322
2017-03-16 11:00:00,12.881256,12.135101,100885.34,0.0,0.9968567,1.178139,9.536743e-07,95.2196
2017-03-16 12:00:00,13.055908,12.319916,100895.59,0.0,0.99560547,1.115667,1.9073486e-06,95.289604
2017-03-16 13:00:00,12.991547,12.324799,100892.75,0.0,1.0,0.9303168,9.536743e-07,95.72218
2017-03-16 14:00:00,13.189789,12.618988,100929.16,0.0,0.9924927,0.43530032,9.536743e-07,96.33325
2017-03-16 15:00:00,13.487457,12.002899,100958.89,8.817778,1.0,0.32124975,2.861023e-06,90.73018
2017-03-16 16:00:00,13.511841,11.156769,100972.66,81.45778,0.9981079,0.5672347,0.0,85.6568
2017-03-16 17:00:00,14.18161,11.626251,101018.625,211.87555,1.0,1.6293664,0.0,84.59937
2017-03-16 18:00:00,14.386627,11.115448,101030.484,376.19556,0.9812622,2.2547855,0.0,80.70649
2017-03-16 19:00:00,14.987061,11.103546,101025.2,547.00446,1.0,2.206301,0.0,77.57718
2017-03-16 20:00:00,16.553528,11.397858,100970.11,653.1556,0.9793701,2.08784,0.0,71.5588
2017-03-16 21:00:00,17.394867,9.558746,100911.33,640.64,0.98373413,2.178575,0.0,60.00867
2017-03-16 22:00:00,17.713898,11.540161,100824.88,657.0845,0.9906311,2.7036922,0.0,67.117195
2017-03-16 23:00:00,17.318207,11.638702,100794.53,575.2711,0.980011,3.361239,0.0,69.26541
2017-03-17 00:00:00,16.076996,10.916901,100767.16,383.6089,0.980011,3.1802578,0.0,71.44895
2017-03-17 01:00:00,15.280121,10.206726,100735.95,226.86223,0.9812622,2.852174,0.0,71.714
2017-03-17 02:00:00,15.040527,9.719116,100703.0,64.67555,0.946228,1.8026739,0.0,70.487595
2017-03-17 03:00:00,13.436737,10.625763,100697.1,1.7777778,0.44433594,1.371152,0.0,83.09111
2017-03-17 04:00:00,12.568573,9.615967,100743.56,0.0,0.51568604,1.0775521,0.0,82.20089
2017-03-17 05:00:00,12.146362,9.003052,100764.19,0.0,0.6930847,1.0961379,0.0,81.097694
2017-03-17 06:00:00,11.9783325,9.2099,100770.36,0.0,0.24865723,0.7294438,0.0,83.15212
2017-03-17 07:00:00,11.447266,8.819183,100775.84,0.0,0.05569458,0.49487558,0.0,83.880104
2017-03-17 08:00:00,13.149384,9.10379,100750.83,0.0,0.19696045,0.2134114,0.0,76.45286
2017-03-17 09:00:00,12.099884,8.26416,100695.23,0.0,0.23379517,1.3804834,0.0,77.378204
2017-03-17 10:00:00,9.541534,7.995178,100625.53,0.0,0.25631714,1.6356218,0.0,90.07297
2017-03-17 11:00:00,10.2901,8.286011,100556.16,0.0,0.58135986,1.4771795,0.0,87.37668
2017-03-17 12:00:00,8.85025,7.7256775,100548.25,0.0,0.408844,0.49372134,0.0,92.65169
2017-03-17 13:00:00,8.4646,7.04776,100540.47,0.0,0.09686279,0.65282756,0.0,90.79497
2017-03-17 14:00:00,8.9123535,7.140625,100563.06,0.0,0.14938354,0.8458353,0.0,88.6481
2017-03-17 15:00:00,10.773651,7.91745,100557.14,27.27111,0.6076355,0.45085612,0.0,82.51146
2017-03-17 16:00:00,12.601715,9.088837,100597.89,194.86223,0.39007568,0.37598056,0.0,79.16362
2017-03-17 17:00:00,14.166351,8.812714,100596.2,404.30222,0.0,0.46917382,0.0,70.165504
2017-03-17 18:00:00,16.36203,9.031036,100572.016,589.44,0.00064086914,0.5061626,0.0,61.837326
2017-03-17 19:00:00,18.046478,8.35379,100523.72,724.8,0.09753418,0.5202833,0.0,53.093567
2017-03-17 20:00:00,19.52826,8.70108,100455.234,806.4,0.32687378,0.59943664,0.0,49.546154
2017-03-17 21:00:00,20.244751,5.590973,100383.34,824.85333,0.5238037,0.4853953,0.0,38.300114
2017-03-17 22:00:00,22.09076,8.365173,100303.625,776.69336,0.32684326,1.2922002,0.0,41.360386
2017-03-17 23:00:00,22.946594,9.301331,100255.11,664.8889,0.2831421,1.4096447,0.0,41.82728
2017-03-18 00:00:00,22.230011,9.779694,100222.59,498.77335,0.42193604,1.722953,0.0,45.116142
2017-03-18 01:00:00,20.516632,10.260834,100181.77,305.2089,0.49935913,1.8875278,0.0,51.75539
2017-03-18 02:00:00,19.283875,11.994598,100195.2,107.342224,0.66308594,2.1199129,0.0,62.67975
2017-03-18 03:00:00,16.48227,14.534729,100207.97,2.6488888,0.83877563,1.8961849,0.0,88.25757
2017-03-18 04:00:00,16.050995,13.720337,100265.03,0.0,0.87939453,1.5891583,0.0,86.05311
2017-03-18 05:00:00,15.781982,13.51358,100273.95,0.0,0.8831177,1.1670018,0.0,86.375786
2017-03-18 06:00:00,15.919708,14.280731,100317.44,0.0,0.91500854,1.2097377,0.0,89.99178
2017-03-18 07:00:00,15.447693,14.133881,100317.66,0.0,0.9500122,0.5153217,0.0,91.87574
2017-03-18 08:00:00,13.685455,12.753418,100271.69,0.0,0.99749756,0.96873486,0.0,94.09654
2017-03-18 09:00:00,13.527283,13.047974,100264.61,0.0,0.9918823,1.8093404,0.0,96.92085
2017-03-18 10:00:00,11.827484,11.104614,100264.195,0.0,0.980011,1.7865555,0.0,95.32821
2017-03-18 11:00:00,11.828308,10.556,100236.09,0.0,0.9793701,1.6791348,0.0,91.90713
2017-03-18 12:00:00,12.015961,10.79776,100292.18,0.0,0.9924927,1.340502,0.0,92.25012
2017-03-18 13:00:00,11.925903,11.105377,100324.87,0.0,0.98999023,1.6013243,0.0,94.71603
2017-03-18 14:00:00,11.970978,11.029327,100367.875,0.0,0.98999023,1.2910534,0.0,93.95931
2017-03-18 15:00:00,11.96933,11.037506,100457.53,18.115555,0.98498535,1.0182337,0.0,94.02057
2017-03-18 16:00:00,13.631256,11.1197815,100500.164,134.06223,0.98999023,1.4127569,0.0,84.78507
2017-03-18 17:00:00,14.902222,10.733551,100502.61,253.2089,1.0,2.1082492,0.0,76.1073
2017-03-18 18:00:00,15.518219,8.306549,100513.766,346.38223,1.0,2.246452,0.0,62.142212
2017-03-18 19:00:00,16.075775,6.648285,100583.664,267.84,0.9987488,2.0135705,0.0,53.54232
2017-03-18 20:00:00,16.506287,6.218872,100570.39,404.0178,0.97750854,1.8776822,0.0,50.57459
2017-03-18 21:00:00,16.850403,6.7635193,100552.77,357.56445,0.9612427,2.1034372,0.0,51.371025
2017-03-18 22:00:00,18.502533,6.152252,100514.59,412.83554,0.30249023,1.7475224,0.0,44.379047
2017-03-18 23:00:00,19.62558,6.5074463,100445.836,545.1911,0.053741455,1.8103547,0.0,42.40057
2017-03-19 00:00:00,19.113586,6.9874573,100429.05,415.7511,0.776001,1.7570846,0.0,45.24181
2017-03-19 01:00:00,18.321136,6.457733,100418.47,283.27112,0.9924927,1.5698113,0.0,45.84233
2017-03-19 02:00:00,16.852692,10.039398,100452.39,108.28445,0.9981384,1.1495428,0.0,64.139854
2017-03-19 03:00:00,14.722748,10.377167,100486.56,3.04,1.0,1.5210243,0.0,75.185616
2017-03-19 04:00:00,13.77478,10.450775,100524.22,0.0,0.9949951,1.1202393,0.0,80.34001
2017-03-19 05:00:00,14.789032,11.024078,100482.58,0.0,0.98999023,0.44544598,0.0,78.16009
2017-03-19 06:00:00,14.2968445,11.015533,100467.21,0.0,0.99749756,0.31502956,0.0,80.64006
2017-03-19 07:00:00,13.967926,11.139954,100469.71,0.0,0.9924927,0.25923777,0.0,83.06119
2017-03-19 08:00:00,13.621613,11.478363,100435.664,0.0,1.0,0.59903145,0.0,86.87857
2017-03-19 09:00:00,13.331451,12.234711,100448.28,0.0,1.0,0.56256336,0.0,93.06743
2017-03-19 10:00:00,13.630463,12.201599,100436.97,0.0,1.0,1.2291311,0.0,91.073265
2017-03-19 11:00:00,13.362274,11.956848,100390.64,0.0,1.0,1.0746112,0.0,91.19624
2017-03-19 12:00:00,13.307556,11.900085,100373.16,0.0,1.0,0.65229374,0.0,91.18035
2017-03-19 13:00:00,13.131744,11.7751465,100379.875,0.0,1.0,0.25457385,0.0,91.475586
2017-03-19 14:00:00,13.128967,11.804962,100448.87,0.0,0.92874146,0.67276955,0.0,91.67247
2017-03-19 15:00:00,13.121796,11.5590515,100484.09,10.986667,0.9268799,0.921472,0.0,90.23723
2017-03-19 16:00:00,13.721039,11.776611,100498.64,81.86667,0.91000366,0.58365655,3.9100647e-05,88.037094
2017-03-19 17:00:00,14.508514,11.056244,100494.87,177.49333,0.92681885,0.78967303,1.9073486e-06,79.75877
2017-03-19 18:00:00,15.6545105,11.732483,100489.95,187.44888,0.8800049,0.85946953,0.0,77.48204
2017-03-19 19:00:00,16.179474,11.408722,100484.41,554.72,0.96435547,1.3046765,0.0,73.337456
2017-03-19 20:00:00,17.695282,12.640198,100453.72,528.48,0.9718933,1.9705763,0.0,72.2453
2017-03-19 21:00:00,18.48169,10.876251,100420.875,528.5867,0.96936035,2.1920276,0.0,61.19928
2017-03-19 22:00:00,17.483307,10.257935,100393.164,524.3911,0.9918518,1.6157585,0.0,62.53637
2017-03-19 23:00:00,16.856903,9.917084,100344.125,408.35556,1.0,1.90328,0.0,63.59963
2017-03-20 00:00:00,15.893158,9.277191,100331.06,240.97778,1.0,2.1405678,0.0,64.78199
2017-03-20 01:00:00,15.379059,8.71759,100352.33,142.89778,0.984375,2.0993373,0.0,64.470116
2017-03-20 02:00:00,14.880096,9.105499,100378.09,52.533333,0.8868408,1.363737,0.0,68.339935
2017-03-20 03:00:00,13.758118,10.015045,100347.08,2.008889,0.94937134,0.6346728,0.0,78.118774
2017-03-20 04:00:00,13.535248,10.355804,100291.516,0.0,0.9906311,1.2050027,0.0,81.08634
2017-03-20 05:00:00,13.736237,10.504547,100246.05,0.0,1.0,1.277026,0.0,80.830986
2017-03-20 06:00:00,13.547394,10.342926,100274.74,0.0,1.0,1.4183393,0.0,80.952576
2017-03-20 07:00:00,13.263092,10.16568,100247.34,0.0,1.0,1.1286128,0.0,81.49599
2017-03-20 08:00:00,13.235443,10.321075,100224.94,0.0,0.98934937,1.2292153,0.0,82.49544
2017-03-20 09:00:00,13.3038025,11.414215,100236.984,0.0,0.8080139,1.6036015,0.0,88.32068
2017-03-20 10:00:00,12.67514,10.261627,100210.47,0.0,0.42004395,1.6168495,0.0,85.23627
2017-03-20 11:00:00,12.413239,10.282318,100234.83,0.0,0.19689941,1.9398359,0.0,86.834
2017-03-20 12:00:00,12.406708,10.489899,100223.86,0.0,0.4100647,1.4463773,4.7683716e-07,88.08334
2017-03-20 13:00:00,12.458466,10.490021,100224.2,0.0,0.8650818,2.4702823,4.7683716e-07,87.785095
2017-03-20 14:00:00,12.608154,10.699493,100242.82,0.0,0.94873047,3.1003726,4.7683716e-07,88.1488
2017-03-20 15:00:00,13.270294,9.722504,100258.92,20.96,0.9550171,3.6968818,0.0,79.07511
2017-03-20 16:00:00,13.99527,8.901398,100296.08,119.39555,0.9543762,4.0165915,0.0,71.374664
2017-03-20 17:00:00,14.993927,9.281067,100279.016,202.25778,1.0,4.659088,1.2397766e-05,68.647964
2017-03-20 18:00:00,15.381378,9.151154,100332.47,336.3911,1.0,4.821337,0.00012683868,66.37548
2017-03-20 19:00:00,15.160919,9.993561,100320.234,315.9289,1.0,4.447422,0.0004968643,71.24231
2017-03-20 20:00:00,15.328827,10.383148,100267.31,197.54666,0.9906311,4.495297,0.00051403046,72.33744
2017-03-20 21:00:00,15.551727,10.239319,100225.66,268.03555,0.953125,4.2957683,0.00030851364,70.62838
2017-03-20 22:00:00,16.69394,12.224213,100174.65,451.23557,1.0,4.622479,0.00010108948,74.89875
2017-03-20 23:00:00,15.746185,11.826202,100178.516,291.9111,0.9925232,3.8640504,0.0012598038,77.506584
2017-03-21 00:00:00,15.370941,11.792603,100123.93,208.08888,1.0,4.1062727,0.00097084045,79.21793
2017-03-21 01:00:00,14.991669,11.577637,100079.11,140.05333,0.9981384,4.055021,0.00037193298,80.02875
2017-03-21 02:00:00,14.839294,11.784454,100044.72,18.24,1.0,4.0973077,0.0006814003,81.93034
2017-03-21 03:00:00,14.328888,13.056793,100056.33,0.6755555,1.0,3.7467778,0.001490593,92.05862
2017-03-21 04:00:00,14.35083,12.899628,100061.89,0.0,1.0,3.9500883,0.0014791489,90.987816
2017-03-21 05:00:00,14.23996,12.671112,100029.5,0.0,0.944458,4.36694,0.00042915344,90.28163
2017-03-21 06:00:00,14.143585,12.640472,99945.95,0.0,0.9981384,4.599854,0.0003681183,90.664825
2017-03-21 07:00:00,14.103546,12.542358,99897.66,0.0,1.0,4.679762,0.0026836395,90.31723
2017-03-21 08:00:00,14.098907,12.859528,99857.36,0.0,1.0,5.4312606,0.0023670197,92.24236
2017-03-21 09:00:00,14.418732,13.114197,99892.3,0.0,0.98501587,6.09208,0.0006723404,91.86903
2017-03-21 10:00:00,14.608765,14.180115,99884.12,0.0,1.0,4.3204484,0.00017261505,97.26505
2017-03-21 11:00:00,14.661224,14.245392,99832.64,0.0,1.0,3.8870587,0.0001411438,97.34693
2017-03-21 12:00:00,14.669708,14.187042,99778.55,0.0,1.0,3.3890438,0.0006451607,96.926575
2017-03-21 13:00:00,14.74411,14.233551,99796.64,0.0,0.99438477,4.2543406,0.001627922,96.753365
2017-03-21 14:00:00,14.836395,14.418732,99812.41,0.0,0.9937134,4.2412252,0.00054740906,97.33897
2017-03-21 15:00:00,14.7846985,13.101044,99917.56,17.137777,0.83496094,3.3351727,0.00090026855,89.645874
2017-03-21 16:00:00,15.430695,13.158905,99973.23,141.49333,0.4336548,2.7151878,0.00013065338,86.3222
2017-03-21 17:00:00,16.059692,12.381195,100014.78,300.37332,0.38494873,2.8309987,7.8201294e-05,78.79635
2017-03-21 18:00:00,15.889557,11.124298,100039.33,467.12888,0.39627075,3.2229102,1.7166138e-05,73.31285
2017-03-21 19:00:00,16.473602,10.202667,100086.75,576.01776,0.3182373,3.827978,2.193451e-05,66.42579
2017-03-21 20:00:00,17.785126,10.256622,100082.47,723.69775,0.27331543,4.2342386,2.1457672e-05,61.351326
2017-03-21 21:00:00,18.631256,8.834991,100078.79,801.8489,0.2819519,4.9206743,1.335144e-05,52.87522
2017-03-21 22:00:00,18.562897,8.492157,100089.59,783.3422,0.115600586,4.6901836,1.4305115e-06,51.884415
2017-03-21 23:00:00,18.44278,8.786957,100064.91,671.5733,0.10809326,4.8352056,0.0,53.33001
2017-03-22 00:00:00,18.005463,9.016693,100080.7,483.39557,0.18624878,4.8245573,0.0,55.67238
2017-03-22 01:00:00,17.286469,9.115082,100060.48,295.8578,0.26437378,4.147508,6.866455e-05,58.643852
2017-03-22 02:00:00,16.52243,10.593109,100101.04,107.36,0.4300537,3.346527,0.0,67.968025
2017-03-22 03:00:00,15.36618,12.416779,100104.625,3.8755555,0.50567627,3.2335887,0.000120162964,82.56736
2017-03-22 04:00:00,15.205261,12.7465515,100153.81,0.0,0.6387634,2.972203,0.00017213821,85.250145
2017-03-22 05:00:00,14.955566,12.716034,100201.22,0.0,0.6043091,2.936987,0.00041341782,86.45789
2017-03-22 06:00:00,14.579437,12.157867,100202.44,0.0,0.8424988,3.1230512,0.0005788803,85.392334
2017-03-22 07:00:00,13.963593,11.661438,100209.33,0.0,0.99624634,3.015327,0.00028181076,86.00384
2017-03-22 08:00:00,13.366974,11.054779,100192.38,0.0,1.0,2.7228994,0.0004849434,85.885994
2017-03-22 09:00:00,12.773834,11.218292,100209.56,0.0,0.92626953,2.1367884,0.0020151138,90.25506
2017-03-22 10:00:00,11.939453,9.845062,100172.984,0.0,1.0,1.429902,0.00141716,87.00112
2017-03-22 11:00:00,11.792297,10.062164,100186.95,0.0,0.9968567,1.2635622,0.0015487671,89.13673
2017-03-22 12:00:00,11.847504,9.777405,100195.05,0.0,0.9918823,1.4598391,0.0033984184,87.13422
2017-03-22 13:00:00,11.809631,9.998077,100199.16,0.0,0.951355,2.5931976,0.0014266968,88.653656
2017-03-22 14:00:00,11.85672,10.260834,100300.05,0.0,1.0,3.2775977,0.001718998,89.94554
2017-03-22 15:00:00,11.702911,8.809662,100367.33,27.768888,1.0,3.3510137,0.0015144348,82.42089
2017-03-22 16:00:00,12.094818,9.7934265,100424.125,166.96889,0.9437256,3.0128028,0.0001912117,85.817245
2017-03-22 17:00:00,12.633209,10.3958435,100469.83,289.0489,0.6630249,2.5045643,7.247925e-05,86.24048
2017-03-22 18:00:00,12.720673,10.626617,100509.34,476.74667,0.36257935,2.9518166,9.393692e-05,87.07716
2017-03-22 19:00:00,13.5815735,10.50528,100547.53,695.3422,0.3788147,3.6176398,0.00012636185,81.65247
2017-03-22 20:00:00,14.278656,10.141998,100553.47,756.1067,0.25634766,4.220661,0.00011301041,76.16881
2017-03-22 21:00:00,14.236938,7.9791565,100552.89,788.3911,0.33377075,4.8080807,0.0002989769,66.006935
2017-03-22 22:00:00,14.014709,7.6372375,100543.43,700.8711,0.5686035,5.48734,3.33786e-05,65.42289
2017-03-22 23:00:00,13.82547,7.042206,100519.95,642.64886,0.36938477,5.381309,2.3841858e-05,63.59089
2017-03-23 00:00:00,13.751678,7.0434875,100512.0,511.21777,0.47625732,5.766872,0.0,63.90223
2017-03-23 01:00:00,13.005951,6.940155,100521.51,316.81778,0.5569153,6.0075946,0.0,66.61258
2017-03-23 02:00:00,12.27652,6.964264,100537.9,120.0,0.35064697,5.164495,0.0,69.99222
2017-03-23 03:00:00,11.56778,8.283356,100591.81,4.6755557,0.21813965,4.168385,0.0,80.248245
2017-03-23 04:00:00,11.235626,8.135284,100622.766,0.0,0.07751465,3.8754733,0.0,81.21212
2017-03-23 05:00:00,11.038727,7.895813,100668.74,0.0,0.039398193,3.657639,4.7683716e-07,80.95088
2017-03-23 06:00:00,11.015625,7.9187927,100708.73,0.0,0.027526855,3.6329653,0.0,81.20212
2017-03-23 07:00:00,11.110535,8.087921,100740.516,0.0,0.0068969727,3.7447999,0.0,81.625694
2017-03-23 08:00:00,10.630737,7.521454,100756.64,0.0,0.024383545,3.9156868,0.0,81.081604
2017-03-23 09:00:00,10.68454,7.555023,100799.89,0.0,0.08743286,3.8407955,0.0,80.97692
2017-03-23 10:00:00,9.964172,7.264557,100796.55,0.0,0.2881775,2.8408098,0.0,83.29774
2017-03-23 11:00:00,9.543671,6.852997,100748.92,0.0,0.2218628,2.2622557,9.536743e-07,83.29796
2017-03-23 12:00:00,9.6770935,7.0429993,100796.33,0.0,0.28182983,2.301432,9.536743e-07,83.63791
2017-03-23 13:00:00,9.60611,6.8012695,100798.33,0.0,0.15933228,2.23632,0.0,82.6552
2017-03-23 14:00:00,9.835236,7.0932007,100848.3,0.0,0.06121826,1.888646,0.0,83.04049
2017-03-23 15:00:00,10.232239,5.772064,100934.54,43.502224,0.16998291,2.268233,0.0,73.829216
2017-03-23 16:00:00,11.319092,6.030548,100947.83,222.22223,0.8981323,2.291131,0.0,69.91694
2017-03-23 17:00:00,12.121368,6.700531,101027.58,416.49777,0.9581299,2.805936,0.0,69.44162
2017-03-23 18:00:00,12.801666,6.340149,101091.14,584.0711,0.9232483,2.9856358,0.0,64.780426
2017-03-23 19:00:00,13.670105,7.141205,101070.4,594.4,0.7394409,2.2493727,0.0,64.673706
2017-03-23 20:00:00,14.536285,7.671936,101075.03,768.6222,0.35049438,2.4443545,0.0,63.400135
2017-03-23 21:00:00,15.364105,6.4158325,101056.2,845.0133,0.18121338,2.4999354,0.0,55.149296
2017-03-23 22:00:00,15.4791565,7.364624,100955.92,815.00446,0.08746338,2.3210142,0.0,58.426754
2017-03-23 23:00:00,15.022919,7.30484,100975.586,696.37335,0.6282654,3.2360013,0.0,59.9197
2017-03-24 00:00:00,14.716156,7.45813,100999.5,506.7378,1.0,3.5772076,0.0,61.760025
2017-03-24 01:00:00,13.732971,6.5763855,101007.11,230.86223,1.0,2.781741,0.0,61.96029
2017-03-24 02:00:00,13.260223,5.953949,101018.21,82.346664,0.9981384,1.8670808,0.0,61.21303
2017-03-24 03:00:00,13.034241,8.026947,101014.47,2.9155555,0.9831238,0.8523364,0.0,71.61296
2017-03-24 04:00:00,12.6736145,8.097565,101016.625,0.0,0.98498535,1.4281595,0.0,73.67682
2017-03-24 05:00:00,12.714813,8.236298,101018.42,0.0,0.9812622,1.5796015,0.0,74.17389
2017-03-24 06:00:00,12.752686,8.20282,101017.67,0.0,0.96939087,1.9749225,0.0,73.82202
2017-03-24 07:00:00,12.59436,7.7409973,100974.016,0.0,0.64385986,2.671794,0.0,72.28492
2017-03-24 08:00:00,12.4809265,7.608368,100953.78,0.0,0.84558105,2.673126,0.0,72.16934
2017-03-24 09:00:00,12.213593,8.203491,100984.67,0.0,0.9981079,2.571499,0.0004248619,76.48545
2017-03-24 10:00:00,12.476654,9.6302185,100957.64,0.0,1.0,2.1510868,8.34465e-05,82.77754
2017-03-24 11:00:00,12.325836,9.635101,100892.234,0.0,1.0,2.7674286,1.9073486e-05,83.6293
2017-03-24 12:00:00,12.358124,9.204437,100838.39,0.0,1.0,3.447811,1.04904175e-05,81.06929
2017-03-24 13:00:00,12.26181,9.007538,100774.49,0.0,1.0,4.075935,8.4877014e-05,80.508286
2017-03-24 14:00:00,12.027496,8.772797,100696.36,0.0,0.99935913,4.8300843,0.000330925,80.47373
2017-03-24 15:00:00,12.093109,8.808838,100703.04,4.5866666,1.0,5.0967813,0.00054740906,80.32208
2017-03-24 16:00:00,12.407196,9.671143,100707.93,29.688889,1.0,5.5379453,0.00080776215,83.38485
2017-03-24 17:00:00,12.635956,10.434326,100800.91,42.808887,1.0,5.6645894,0.000872612,86.44666
2017-03-24 18:00:00,12.598663,10.63504,100820.02,67.2,1.0,5.4740977,0.0013027191,87.82587
2017-03-24 19:00:00,12.618652,10.985077,100854.445,98.45333,1.0,4.73982,0.0014810562,89.777306
2017-03-24 20:00:00,12.6059265,11.386078,100867.33,68.58667,1.0,4.002704,0.0020589828,92.27438
2017-03-24 21:00:00,12.932739,11.452118,100842.445,173.3689,1.0,3.6424868,0.0009226799,90.71547
2017-03-24 22:00:00,13.635773,12.757019,100818.59,187.82222,1.0,2.9507153,0.0002412796,94.423485
2017-03-24 23:00:00,13.545593,12.233307,100813.31,239.23555,1.0,2.8334737,0.00030708313,91.76909
2017-03-25 00:00:00,13.452362,11.180878,100790.85,185.40445,1.0,1.9204144,0.0005187988,86.12702
2017-03-25 01:00:00,13.67868,11.530121,100809.25,115.62666,1.0,1.3698695,0.00013494492,86.85352
2017-03-25 02:00:00,13.398193,11.761627,100769.266,56.284443,1.0,1.0260439,5.340576e-05,89.81844
2017-03-25 03:00:00,12.140778,11.353363,100787.39,3.3777778,1.0,0.7698044,2.002716e-05,94.93272
2017-03-25 04:00:00,11.881805,11.171234,100832.56,0.0,1.0,0.67993903,5.4359436e-05,95.40795
2017-03-25 05:00:00,12.390106,11.200378,100839.984,0.0,0.7843323,0.3632992,2.3841858e-05,92.44635
2017-03-25 06:00:00,12.966034,11.535919,100843.97,0.0,0.8612366,0.65574974,1.5735626e-05,91.02144
2017-03-25 07:00:00,12.968658,11.460083,100832.83,0.0,1.0,0.83915776,0.00010871887,90.55028
2017-03-25 08:00:00,12.959991,11.499634,100829.92,0.0,0.9850464,0.93079823,6.723404e-05,90.83908
2017-03-25 09:00:00,12.943298,11.676575,100816.05,0.0,0.95318604,0.9733636,7.677078e-05,92.00856
2017-03-25 10:00:00,12.70929,11.705261,100787.59,0.0,0.8749695,0.9923715,0.00013542175,93.60664
2017-03-25 11:00:00,12.166626,11.108429,100730.31,0.0,0.6793213,1.4759578,0.00022125244,93.24453
2017-03-25 12:00:00,12.084808,11.169342,100740.87,0.0,0.50808716,1.6716921,9.8228455e-05,94.127914
2017-03-25 13:00:00,12.032379,11.253387,100757.65,0.0,0.49371338,2.2442968,3.8146973e-05,94.98154
2017-03-25 14:00:00,11.918243,11.04837,100784.57,0.0,0.46557617,2.1420789,1.9073486e-06,94.40591
2017-03-25 15:00:00,11.846466,9.804047,100816.05,25.6,0.48880005,2.0199304,9.536743e-07,87.29602
2017-03-25 16:00:00,12.588287,10.236694,100830.57,154.56,0.8375244,1.8343114,0.0,85.580475
2017-03-25 17:00:00,13.014252,9.356995,100849.41,345.90222,0.80441284,1.6455809,0.0,78.457924
2017-03-25 18:00:00,13.572174,9.708954,100883.74,534.5244,0.8094177,2.0248682,9.536743e-07,77.46385
2017-03-25 19:00:00,14.604889,9.823486,100884.83,714.08,0.6276245,2.5359607,1.7166138e-05,73.00489
2017-03-25 20:00:00,15.489532,8.85965,100848.125,701.7244,0.6832886,2.9759917,1.9073486e-06,64.63238
2017-03-25 21:00:00,16.270508,6.6273804,100845.17,633.28,0.6571045,3.5250993,4.7683716e-06,52.805176
2017-03-25 22:00:00,15.875244,8.1328125,100791.61,619.8933,0.44140625,3.3072479,7.1525574e-06,60.02509
2017-03-25 23:00:00,15.836243,9.224213,100749.3,528.8889,0.77124023,3.2377882,3.33786e-06,64.78667
2017-03-26 00:00:00,15.558075,9.2447815,100711.734,496.19556,0.080596924,3.2710507,4.7683716e-07,66.042595
2017-03-26 01:00:00,14.695282,8.849945,100697.375,314.11557,0.051239014,3.2969959,0.0,67.97668
2017-03-26 02:00:00,13.662384,8.405121,100714.5,134.20444,0.97753906,2.8471043,0.0,70.52655
2017-03-26 03:00:00,12.640167,10.56192,100735.31,6.8977776,1.0,2.9172137,0.0,87.16136
2017-03-26 04:00:00,12.515167,10.790314,100745.11,0.0,1.0,2.2599392,0.0,89.2261
2017-03-26 05:00:00,12.516724,10.772369,100734.72,0.0,0.97750854,1.5651078,0.0,89.110504
2017-03-26 06:00:00,12.349701,10.736084,100715.05,0.0,0.5799866,1.6510171,0.0,89.87622
2017-03-26 07:00:00,11.987122,10.231232,100690.69,0.0,0.94937134,1.6657071,0.0,88.99909
2017-03-26 08:00:00,11.954895,10.141724,100702.195,0.0,0.980011,1.4869943,0.0,88.656265
2017-03-26 09:00:00,12.054077,10.491943,100664.45,0.0,0.99624634,1.0825737,0.0,90.16308
2017-03-26 10:00:00,11.364685,9.7211,100637.35,0.0,0.98999023,1.1088908,0.0,89.62135
2017-03-26 11:00:00,11.353302,9.505585,100574.45,0.0,0.980011,1.0825363,0.0,88.400154
2017-03-26 12:00:00,11.426727,9.201813,100510.34,0.0,0.9569092,0.98712677,0.0,86.19119
2017-03-26 13:00:00,11.46347,9.005371,100548.13,0.0,0.99624634,1.0057701,0.0,84.85037
2017-03-26 14:00:00,11.628143,9.056793,100574.75,0.0,1.0,0.8464746,1.335144e-05,84.222885
2017-03-26 15:00:00,11.806976,8.039856,100591.125,7.271111,1.0,1.3366491,8.2969666e-05,77.69401
2017-03-26 16:00:00,12.221436,8.420563,100642.66,27.235556,1.0,1.4562095,0.00010442734,77.58032
2017-03-26 17:00:00,12.776337,9.190582,100680.39,74.86222,0.9924927,1.4471107,7.581711e-05,78.801186
2017-03-26 18:00:00,13.621826,10.059418,100685.984,123.52,0.9924927,2.1766858,2.861023e-05,79.04884
2017-03-26 19:00:00,14.759186,10.180817,100696.89,449.40445,0.77001953,2.4234955,0.0,74.03155
2017-03-26 20:00:00,15.685455,10.039886,100672.34,482.24,0.7550354,2.7856262,0.0,69.097885
2017-03-26 21:00:00,16.697113,8.148285,100655.16,418.93332,0.984375,3.4900608,0.0,57.02084
2017-03-26 22:00:00,16.951904,10.20517,100589.05,371.23557,0.9981384,3.1774273,0.0,64.44802
2017-03-26 23:00:00,16.819366,10.535187,100529.2,322.8089,0.9987488,3.735736,0.0,66.44015
2017-03-27 00:00:00,16.305756,10.608795,100496.17,209.47556,1.0,3.5978978,0.00017786026,68.984566
2017-03-27 01:00:00,15.680695,10.593109,100450.08,120.835556,1.0,3.972439,0.00021028519,71.72056
2017-03-27 02:00:00,14.988037,10.008453,100490.0,38.648888,1.0,4.0889273,0.0002989769,72.1112
2017-03-27 03:00:00,13.984467,11.754822,100458.8,2.5066667,0.964386,3.5831475,0.0003733635,86.41886
2017-03-27 04:00:00,13.7378235,12.266937,100533.59,0.0,0.92575073,2.4407628,0.0003399849,90.829025
2017-03-27 05:00:00,13.526184,12.31427,100588.42,0.0,0.9324951,3.7976182,0.00012397766,92.375725
2017-03-27 06:00:00,13.164459,11.593048,100611.266,0.0,0.51986694,3.7268543,6.866455e-05,90.188614
2017-03-27 07:00:00,12.707947,10.990692,100642.734,0.0,0.49746704,3.7608101,5.00679e-05,89.28651
2017-03-27 08:00:00,12.830872,10.970428,100630.766,0.0,0.34320068,3.045057,1.2397766e-05,88.45118
2017-03-27 09:00:00,12.13028,10.70578,100706.47,0.0,0.14938354,3.1422532,9.536743e-07,90.99922
2017-03-27 10:00:00,10.878418,9.257721,100710.29,0.0,0.24127197,2.3335855,2.3841858e-06,89.72185
2017-03-27 11:00:00,10.078705,8.303223,100741.2,0.0,0.44625854,2.8334856,4.7683716e-07,88.72393
2017-03-27 12:00:00,10.240601,8.445709,100756.53,0.0,0.4300232,2.4549215,0.0,88.62088
2017-03-27 13:00:00,10.533051,8.7499695,100830.94,0.0,0.38754272,2.3013926,0.0,88.71642
2017-03-27 14:00:00,10.520416,8.847565,100865.586,0.0,0.18502808,2.2529595,0.0,89.378876
2017-03-27 15:00:00,11.55307,7.7183533,100936.766,56.462223,0.0874939,2.7064881,0.0,77.297714
2017-03-27 16:00:00,12.652924,8.214447,101018.89,238.41777,0.026275635,3.361097,0.0,74.365036
2017-03-27 17:00:00,13.116608,8.258362,101002.484,456.44446,0.045043945,3.8310158,0.0,72.3573
2017-03-27 18:00:00,14.416016,7.881775,101039.89,648.7111,0.09439087,4.4541636,0.0,64.81525
2017-03-27 19:00:00,15.030914,7.9431763,101068.58,789.5289,0.3656006,5.239489,0.0,62.55479
2017-03-27 20:00:00,15.391998,7.951874,101073.984,792.44446,0.7468262,5.735919,0.0,61.155678
2017-03-27 21:00:00,16.403168,6.932312,101078.36,775.2889,0.96435547,6.142338,1.9073486e-06,53.46891
2017-03-27 22:00:00,14.975922,8.141968,101056.58,453.5289,0.4836731,5.557274,2.861023e-06,63.63105
2017-03-27 23:00:00,14.966949,8.551788,101010.46,512.85333,0.9161682,5.532796,3.8146973e-06,65.46267
2017-03-28 00:00:00,15.21402,9.122345,100984.66,482.22223,0.54745483,5.2297316,0.0,66.962776
2017-03-28 01:00:00,14.731567,9.209015,100970.39,305.45776,0.10897827,4.839869,0.0,69.48074
2017-03-28 02:00:00,14.286133,8.956268,101008.125,133.97333,0.010620117,4.2781987,0.0,70.3016
2017-03-28 03:00:00,13.186432,10.545807,101041.25,8.248889,0.09182739,4.2392635,0.0,84.010216
2017-03-28 04:00:00,12.755463,10.320953,101109.66,0.0,0.7418518,4.290158,0.0,85.12541
2017-03-28 05:00:00,12.386414,10.088959,101123.14,0.0,0.87997437,3.6932535,0.0,85.8699
2017-03-28 06:00:00,12.5433655,10.232574,101101.18,0.0,0.01626587,3.0899372,0.0,85.80952
2017-03-28 07:00:00,12.240906,9.940155,101098.97,0.0,0.011230469,3.6216438,0.0,85.83599
2017-03-28 08:00:00,11.633118,9.399506,101046.92,0.0,0.535614,3.1423748,0.0,86.161575
2017-03-28 09:00:00,11.3591,9.182465,101011.39,0.0,0.6961975,2.91289,0.0,86.46528
2017-03-28 10:00:00,10.129791,8.555695,100983.83,0.0,0.25741577,1.556783,0.0,89.94764
2017-03-28 11:00:00,9.706512,8.208069,100949.625,0.0,0.0018615723,1.6647136,0.0,90.378944
2017-03-28 12:00:00,9.728729,8.23056,100964.8,0.0,0.0,1.6990197,0.0,90.38225
2017-03-28 13:00:00,9.957245,8.563019,100971.67,0.0,0.0,2.4147437,0.0,91.0376
2017-03-28 14:00:00,10.09433,8.641449,101015.8,0.0,0.0,2.7633235,0.0,90.686226
2017-03-28 15:00:00,10.991669,6.659607,101057.11,60.24889,0.0012512207,2.5084567,0.0,74.61872
2017-03-28 16:00:00,12.653473,6.8268127,101087.63,252.92444,0.010009766,2.8415804,0.0,67.63979
2017-03-28 17:00:00,14.398773,7.766327,101048.55,461.2978,0.0025024414,3.1234376,0.0,64.3793
2017-03-28 18:00:00,15.998138,8.399353,101033.03,643.76886,0.02810669,3.6007664,0.0,60.642693
2017-03-28 19:00:00,17.547821,8.698853,100996.05,779.7511,0.19500732,4.6832433,0.0,56.084213
2017-03-28 20:00:00,18.893646,9.581146,100962.45,858.72,0.0,5.329768,0.0,54.69615
2017-03-28 21:00:00,19.791473,8.311127,100921.86,866.79114,0.0,5.3053055,0.0,47.47159
2017-03-28 22:00:00,20.23993,9.584564,100843.36,822.56,0.123535156,5.21829,0.0,50.31582
2017-03-28 23:00:00,19.787628,9.693207,100823.41,711.07556,0.040618896,5.0661635,0.0,52.124763
2017-03-29 00:00:00,19.46225,10.124664,100797.29,548.5333,0.12625122,4.6172433,0.0,54.74958
2017-03-29 01:00:00,18.624268,10.01062,100792.445,350.06223,0.06188965,3.5718405,0.0,57.25107
2017-03-29 02:00:00,17.757599,9.440857,100802.83,143.14667,0.0,3.6082127,0.0,58.187313
2017-03-29 03:00:00,15.796082,10.447479,100866.16,8.924444,0.006866455,3.1735811,0.0,70.50469
2017-03-29 04:00:00,15.280304,10.173248,100877.66,0.0,0.03125,2.4724596,0.0,71.552826
2017-03-29 05:00:00,15.212799,9.867004,100900.0,0.0,0.09750366,1.6825129,0.0,70.40562
2017-03-29 06:00:00,15.025238,9.713501,100917.44,0.0,0.0018920898,1.3183668,0.0,70.53041
2017-03-29 07:00:00,13.922333,9.365753,100910.56,0.0,0.05807495,1.69273,0.0,73.993835
2017-03-29 08:00:00,13.032928,8.306488,100928.12,0.0,0.23626709,1.5258524,0.0,72.99217
2017-03-29 09:00:00,12.901337,8.540588,100919.81,0.0,0.42559814,2.1157951,0.0,74.80097
2017-03-29 10:00:00,11.817627,8.802002,100899.78,0.0,0.0843811,1.0167038,0.0,81.75656
2017-03-29 11:00:00,11.104889,8.29599,100876.125,0.0,0.04373169,1.2914364,0.0,82.81844
2017-03-29 12:00:00,10.635834,8.134491,100837.5,0.0,0.04498291,1.2930707,0.0,84.5104
2017-03-29 13:00:00,10.650482,8.403717,100842.36,0.0,0.030029297,1.5640799,0.0,85.985054
2017-03-29 14:00:00,10.901459,8.622559,100856.53,0.0,0.09246826,1.5196048,0.0,85.82391
2017-03-29 15:00:00,12.5651245,7.7251587,100883.56,62.737778,0.2743225,1.1263883,0.0,72.34556
2017-03-29 16:00:00,14.257507,8.131012,100899.95,254.09778,0.76000977,1.0411993,0.0,66.60322
2017-03-29 17:00:00,15.493378,9.029572,100901.58,459.50223,0.91812134,0.9851717,0.0,65.36201
2017-03-29 18:00:00,16.643463,9.809662,100923.33,639.66223,0.7406006,2.3254158,0.0,64.00534
2017-03-29 19:00:00,17.648163,10.258514,100908.72,712.85333,0.8506775,3.1175017,0.0,61.891308
2017-03-29 20:00:00,17.995117,9.971283,100903.19,831.8933,0.91625977,3.8428552,0.0,59.400646
2017-03-29 21:00:00,18.473969,8.920837,100865.17,849.56445,0.92874146,3.9132133,0.0,53.709446
2017-03-29 22:00:00,18.504272,10.506622,100809.23,800.5867,0.09387207,3.1429083,0.0,59.626858
2017-03-29 23:00:00,18.46939,10.975372,100730.35,695.2711,0.040740967,2.4742963,0.0,61.651325
2017-03-30 00:00:00,18.069641,10.969635,100698.484,530.25775,0.00064086914,2.5995245,0.0,63.19432
2017-03-30 01:00:00,17.33139,10.705048,100721.5,338.9511,0.007507324,3.5473046,0.0,65.0511
2017-03-30 02:00:00,15.8845825,10.069244,100752.78,144.37334,0.41311646,3.136744,0.0,68.35703
2017-03-30 03:00:00,14.018555,11.639374,100740.0,9.653334,0.87561035,1.8720305,0.0,85.572754
2017-03-30 04:00:00,13.145416,10.844849,100729.695,0.0,0.90878296,1.5624392,0.0,85.92975
2017-03-30 05:00:00,13.259552,11.609711,100766.77,0.0,0.26327515,2.125758,0.0,89.72921
2017-03-30 06:00:00,13.34671,11.977386,100769.33,0.0,0.3093567,2.399311,0.0,91.41257
2017-03-30 07:00:00,13.450043,12.545502,100757.94,0.0,0.6744385,2.9327462,0.0,94.25598
2017-03-30 08:00:00,13.391907,12.391876,100740.45,0.0,1.0,2.7987654,1.9073486e-06,93.66414
2017-03-30 09:00:00,13.512054,13.175903,100678.5,0.0,1.0,3.2425177,3.33786e-06,97.831406
2017-03-30 10:00:00,13.390472,12.604645,100670.766,0.0,1.0,2.999124,3.862381e-05,94.9906
2017-03-30 11:00:00,12.98587,11.985657,100596.91,0.0,1.0,3.4230158,0.00029468536,93.64354
2017-03-30 12:00:00,12.886566,11.350525,100622.125,0.0,0.9700012,3.9740994,0.00021362305,90.37993
2017-03-30 13:00:00,12.371246,10.283722,100561.195,0.0,0.51986694,5.3097644,8.106232e-05,87.08209
2017-03-30 14:00:00,11.826935,9.30722,100655.14,0.0,0.10571289,5.5151286,2.3841858e-06,84.53893
2017-03-30 15:00:00,12.1839905,7.1290894,100667.516,62.34667,0.0874939,5.1100054,2.861023e-06,71.21967
2017-03-30 16:00:00,12.93866,6.4413757,100718.72,254.7911,0.12435913,6.28734,0.0,64.65144
2017-03-30 17:00:00,14.177643,5.554535,100745.26,478.9689,0.075653076,6.441102,0.0,56.09444
2017-03-30 18:00:00,15.558289,5.880707,100750.875,674.7378,0.01876831,6.1947856,0.0,52.491013
2017-03-30 19:00:00,16.409698,6.513153,100689.91,813.45776,0.0056152344,6.0792828,0.0,51.929127
2017-03-30 20:00:00,16.745697,7.06839,100664.94,895.0578,0.019348145,6.0383396,0.0,52.806904
2017-03-30 21:00:00,17.194641,7.045929,100632.47,900.9422,0.05807495,6.389232,4.7683716e-07,51.245655
2017-03-30 22:00:00,16.30783,7.6807556,100521.67,812.60443,0.26431274,5.8071437,0.0,56.620388
2017-03-30 23:00:00,16.356537,8.240875,100476.52,729.42224,0.0637207,6.1625566,0.0,58.637733
2017-03-31 00:00:00,15.618744,8.86618,100389.33,557.5111,0.0,6.12886,0.0,64.12743
2017-03-31 01:00:00,14.731232,9.011353,100397.23,362.6311,0.0,6.006251,0.0,68.56234
2017-03-31 02:00:00,13.876251,8.965088,100377.16,151.27112,0.0,4.9549603,0.0,72.23832
2017-03-31 03:00:00,12.695862,9.516693,100404.56,10.666667,0.0012512207,4.355655,0.0,80.975624
2017-03-31 04:00:00,12.191956,9.26535,100410.695,0.0,0.0,4.214641,0.0,82.29712
2017-03-31 05:00:00,11.770477,8.923492,100461.58,0.0,0.00064086914,4.037401,0.0,82.68734
2017-03-31 06:00:00,11.720123,9.14505,100469.16,0.0,0.0,3.7518163,0.0,84.21221
2017-03-31 07:00:00,11.38559,8.896027,100477.94,0.0,0.0,3.6183598,0.0,84.66176
2017-03-31 08:00:00,11.22879,8.604218,100479.48,0.0,0.69766235,3.931263,0.0,83.87461
2017-03-31 09:00:00,11.155243,7.7255554,100441.516,0.0,0.22686768,4.125641,0.0,79.40088
2017-03-31 10:00:00,11.709808,5.7399597,100438.55,0.0,0.03125,4.737118,0.0,66.77667
2017-03-31 11:00:00,11.6302185,4.4194336,100364.7,0.0,0.20932007,5.1044188,0.0,61.231564
2017-03-31 12:00:00,11.69516,3.6684265,100364.44,0.0,0.39004517,5.3250237,0.0,57.837593
2017-03-31 13:00:00,11.607208,2.7481384,100334.56,0.0,0.15304565,5.1230965,0.0,54.510574
2017-03-31 14:00:00,11.647308,2.214508,100299.33,0.0,0.05871582,4.7691956,0.0,52.34192
2017-03-31 15:00:00,12.511139,0.47525024,100324.11,76.53333,0.12930298,4.36656,0.0,43.64401
2017-03-31 16:00:00,13.86853,0.36593628,100327.93,281.65332,0.16052246,4.595437,0.0,39.62743
2017-03-31 17:00:00,15.526001,-0.32318115,100337.84,496.55112,0.26931763,5.401851,0.0,33.870625
2017-03-31 18:00:00,16.722626,-0.26089478,100287.11,682.6311,0.0050354004,6.5236993,0.0,31.522278
2017-03-31 19:00:00,17.88028,0.234375,100249.0,814.6311,0.0,6.625287,0.0,30.368544
2017-03-31 20:00:00,18.977753,0.77664185,100183.27,893.9733,0.0,6.43682,0.0,29.481627
2017-03-31 21:00:00,20.485077,0.7251282,100129.22,905.42224,0.21005249,6.1151247,0.0,26.747826
2017-03-31 22:00:00,20.982971,1.3918152,100068.58,852.23114,0.24746704,4.8600836,0.0,27.214008
2017-03-31 23:00:00,21.253021,1.7524109,100023.78,738.5244,0.33496094,4.2467785,0.0,27.466606
2017-04-01 00:00:00,20.773224,2.7494812,100017.61,572.8356,0.32061768,3.975316,0.0,30.371696
2017-04-01 01:00:00,20.000214,5.0977173,100035.83,370.29333,0.003753662,3.181437,0.0,37.57427
2017-04-01 02:00:00,18.338898,6.2693787,100054.375,156.92444,0.0,2.9637592,0.0,45.200695
2017-04-01 03:00:00,15.868866,8.924713,100094.72,11.786667,0.0,3.1548092,0.0,63.358734
2017-04-01 04:00:00,15.0737915,8.9566345,100153.29,0.0,0.0,2.902001,0.0,66.81827
2017-04-01 05:00:00,14.518646,8.342865,100188.28,0.0,0.0,2.3185549,0.0,66.43621
2017-04-01 06:00:00,14.433258,7.353821,100213.33,0.0,0.0,1.4615349,0.0,62.452297
2017-04-01 07:00:00,13.728363,6.4373474,100209.05,0.0,0.0,1.5988739,0.0,61.38848
2017-04-01 08:00:00,12.945374,5.7559814,100237.32,0.0,0.12121582,1.8506312,0.0,61.63531
2017-04-01 09:00:00,12.450775,5.611786,100229.85,0.0,0.8093262,1.8774937,0.0,63.0334
2017-04-01 10:00:00,10.970856,7.0472717,100220.555,0.0,0.79745483,1.5755216,0.0,76.73722
2017-04-01 11:00:00,10.8638,6.7213135,100224.16,0.0,0.6643677,1.9268805,0.0,75.5755
2017-04-01 12:00:00,10.64267,6.5086365,100238.89,0.0,0.22439575,1.8035927,0.0,75.58233
2017-04-01 13:00:00,10.474274,6.2572327,100268.586,0.0,0.3487854,1.8435363,0.0,75.122826
2017-04-01 14:00:00,10.909576,5.633026,100322.66,0.035555556,0.50494385,1.6742008,0.0,69.89359
2017-04-01 15:00:00,12.671722,6.5848083,100382.73,76.924446,0.48062134,0.6464611,0.0,66.444496
2017-04-01 16:00:00,15.670441,6.9723206,100398.89,277.45776,0.301239,0.7162009,0.0,56.18492
2017-04-01 17:00:00,18.026794,4.4897156,100420.234,487.16446,0.7406616,1.1804895,0.0,40.73547
2017-04-01 18:00:00,19.675995,4.0334167,100429.11,668.2133,0.917511,1.8928313,0.0,35.588387
2017-04-01 19:00:00,20.966095,4.9221497,100406.92,795.30664,0.7969055,1.8977629,0.0,34.968636
2017-04-01 20:00:00,22.126617,6.6123962,100389.8,874.57776,0.22866821,1.9904515,0.0,36.61356
2017-04-01 21:00:00,22.771698,5.676941,100368.02,890.3467,0.0,2.2244349,0.0,33.002842
2017-04-01 22:00:00,23.14795,8.065643,100287.484,838.24,0.0,1.7520301,0.0,38.00635
2017-04-01 23:00:00,23.288788,8.158264,100221.77,724.9422,0.0,1.437715,0.0,37.92194
2017-04-02 00:00:00,22.40335,8.483185,100239.86,560.81775,0.332489,1.6219515,0.0,40.906097
2017-04-02 01:00:00,21.066864,9.171295,100243.61,361.84888,0.18377686,1.7976491,0.0,46.50323
2017-04-02 02:00:00,19.296722,11.032623,100258.03,153.42223,0.23065186,1.6456989,0.0,58.76765
2017-04-02 03:00:00,16.214325,12.470062,100256.69,12.0,0.20315552,1.5971851,0.0,78.4793
2017-04-02 04:00:00,15.450745,12.271027,100302.016,0.0,0.19244385,1.269833,0.0,81.33738
2017-04-02 05:00:00,14.724579,12.025299,100298.92,0.0,0.073028564,1.2531575,0.0,83.860466
2017-04-02 06:00:00,14.260345,11.905518,100335.07,0.0,0.098724365,1.142914,0.0,85.73548
2017-04-02 07:00:00,13.19162,11.029938,100302.81,0.0,0.3600464,1.0511693,0.0,86.731224
2017-04-02 08:00:00,12.742401,10.4218445,100301.914,0.0,0.8107605,1.3009254,0.0,85.77407
2017-04-02 09:00:00,12.5469055,11.576996,100334.125,0.0,0.81640625,1.9127989,9.536743e-07,93.81022
2017-04-02 10:00:00,11.437042,10.488617,100333.09,0.0,0.928772,1.7971923,1.4305115e-06,93.89229
2017-04-02 11:00:00,11.084473,10.267334,100326.72,0.0,0.928833,1.7171284,9.536743e-07,94.70337
2017-04-02 12:00:00,10.997162,10.226288,100353.55,0.0,0.92388916,2.6204965,3.5762787e-05,94.99315
2017-04-02 13:00:00,11.1397705,10.280121,100329.82,0.0,0.98431396,1.6685514,6.4373016e-05,94.43707
2017-04-02 14:00:00,11.394806,10.454315,100325.06,0.08888889,0.8831787,0.54140323,4.2915344e-06,93.94005
2017-04-02 15:00:00,11.821686,9.509796,100374.51,44.56889,0.91693115,0.6680396,1.4305115e-06,85.728516
2017-04-02 16:00:00,12.9505005,10.276703,100382.74,155.30667,0.8694458,0.37299064,2.861023e-06,83.79723
2017-04-02 17:00:00,13.595306,9.921967,100409.72,289.33334,0.7475891,0.6110512,2.861023e-06,78.45995
2017-04-02 18:00:00,15.519867,11.094757,100398.625,496.46222,0.18377686,1.1146868,9.536743e-07,74.92219
2017-04-02 19:00:00,17.633057,11.632782,100377.69,741.20886,0.03375244,1.5242769,0.0,67.874756
2017-04-02 20:00:00,19.11441,12.49118,100324.81,871.00446,0.0,2.0326054,0.0,65.44903
2017-04-02 21:00:00,21.617767,12.835968,100257.69,880.6578,0.0,2.2292178,0.0,57.350143
2017-04-02 22:00:00,22.660065,13.013031,100201.85,834.11554,0.0,3.5193996,0.0,54.4459
2017-04-02 23:00:00,21.903595,13.286957,100175.72,723.48444,0.0,3.7428863,0.0,58.042583
2017-04-03 00:00:00,21.215332,13.373138,100150.31,561.6,0.0,3.407068,0.0,60.88269
2017-04-03 01:00:00,20.751068,13.049652,100110.414,364.28445,0.19003296,2.8854523,0.0,61.337105
2017-04-03 02:00:00,19.622955,12.804016,100061.64,152.32,0.68255615,2.1339796,0.0,64.7233
2017-04-03 03:00:00,16.981842,13.573456,100044.19,12.888889,0.921875,1.4267076,0.0,80.33196
2017-04-03 04:00:00,15.49704,12.497711,100075.15,0.0,0.9481201,1.5233219,0.0,82.313225
2017-04-03 05:00:00,15.083893,11.990875,100088.08,0.0,0.9437561,1.2913482,0.0,81.75544
2017-04-03 06:00:00,14.778564,11.1909485,100108.8,0.0,0.43182373,1.830198,0.0,79.08395
2017-04-03 07:00:00,14.212006,10.2864685,100125.19,0.0,0.11685181,2.4212432,0.0,77.240616
2017-04-03 08:00:00,13.096008,9.035828,100126.016,0.0,0.016906738,2.8880985,0.0,76.36905
2017-04-03 09:00:00,12.2248535,8.745056,100149.2,0.0,0.0,3.3426392,0.0,79.28588
2017-04-03 10:00:00,10.796173,5.1686096,100165.55,0.0,0.022491455,3.1138377,0.0,68.18752
2017-04-03 11:00:00,10.259674,4.9805603,100126.36,0.0,0.0,2.681148,0.0,69.751495
2017-04-03 12:00:00,10.065887,5.115967,100158.55,0.0,0.008148193,2.078418,0.0,71.33078
2017-04-03 13:00:00,10.164337,5.7295837,100179.22,0.0,0.25500488,2.0277617,0.0,73.94721
2017-04-03 14:00:00,9.938995,6.098572,100209.516,0.28444445,0.0031433105,1.4909345,0.0,77.01149
2017-04-03 15:00:00,11.122467,5.2774353,100216.95,89.76,0.00064086914,1.4150679,0.0,67.23191
2017-04-03 16:00:00,12.451752,4.921936,100259.92,301.10223,0.0,1.4923656,0.0,60.07764
2017-04-03 17:00:00,14.235016,3.497589,100312.69,519.30664,0.0,1.7090623,0.0,48.397564
2017-04-03 18:00:00,15.903839,2.474884,100327.48,707.0933,0.09625244,2.2470407,0.0,40.4321
2017-04-03 19:00:00,17.614746,2.1773376,100355.27,841.4756,0.13934326,2.4350946,0.0,35.507988
2017-04-03 20:00:00,18.617645,3.11026,100296.92,919.23553,0.0,2.8604953,0.0,35.621998
2017-04-03 21:00:00,19.695892,3.7625427,100261.484,930.5244,0.011260986,3.5861938,0.0,34.873997
2017-04-03 22:00:00,19.44403,5.2393494,100188.65,875.4667,0.012512207,3.8162484,0.0,39.27992
2017-04-03 23:00:00,19.319916,5.377472,100143.58,760.0356,0.0,3.772705,0.0,39.966476
2017-04-04 00:00:00,18.584198,5.533478,100146.94,592.23114,0.0,3.7543824,0.0,42.301716
2017-04-04 01:00:00,17.358795,5.1790466,100122.41,386.68445,0.0,3.1968515,0.0,44.58168
2017-04-04 02:00:00,15.7795105,7.046234,100149.14,168.88889,0.0,2.421795,0.0,56.077374
2017-04-04 03:00:00,13.485626,8.444763,100170.44,14.791111,0.28067017,1.9501057,0.0,71.53483
2017-04-04 04:00:00,12.738678,8.097961,100223.0,0.0,0.039367676,1.2463974,0.0,73.365265
2017-04-04 05:00:00,11.706299,8.140228,100258.734,0.0,0.03564453,0.983393,0.0,78.74773
2017-04-04 06:00:00,11.420807,8.343903,100294.15,0.0,0.0,1.0108672,0.0,81.3661
2017-04-04 07:00:00,11.005615,8.027374,100279.734,0.0,0.007507324,1.2020739,0.0,81.858635
2017-04-04 08:00:00,10.630585,7.7985535,100282.66,0.0,0.0,1.0204736,0.0,82.62948
2017-04-04 09:00:00,10.71286,9.098572,100270.125,0.0,0.0,1.058463,0.0,89.74793
2017-04-04 10:00:00,9.713928,7.547821,100228.64,0.0,0.87301636,0.89708334,0.0,86.36285
2017-04-04 11:00:00,9.944489,7.7457886,100255.19,0.0,0.9155884,1.2504432,0.0,86.19428
2017-04-04 12:00:00,9.961945,8.022675,100226.82,0.0,0.9393921,0.8523648,0.0,87.732025
2017-04-04 13:00:00,10.948639,8.647003,100225.734,0.0,0.9319153,1.3851719,0.0,85.69685
2017-04-04 14:00:00,10.924042,8.846954,100236.52,0.42666668,0.957489,1.2474462,0.0,87.00554
2017-04-04 15:00:00,11.599335,8.311005,100394.0,52.16,0.94937134,1.5961012,0.0,80.23137
2017-04-04 16:00:00,12.460571,7.2572937,100383.41,264.83554,1.0,1.0872755,0.0,70.5529
2017-04-04 17:00:00,13.778778,7.1078186,100420.31,485.6889,0.98999023,0.8223805,0.0,64.07157
2017-04-04 18:00:00,14.855743,6.6941833,100401.84,638.86224,0.99124146,0.69038945,0.0,58.084747
2017-04-04 19:00:00,16.106903,7.2298584,100422.25,744.23114,0.9606018,1.0863954,0.0,55.61104
2017-04-04 20:00:00,17.579865,7.7428894,100395.58,844.0711,0.9987488,1.3696308,0.0,52.452988
2017-04-04 21:00:00,19.127777,6.9389343,100369.516,879.0222,1.0,1.504764,0.0,45.05159
2017-04-04 22:00:00,19.645721,5.726837,100341.76,791.8933,1.0,2.2813442,0.0,40.125263
2017-04-04 23:00:00,18.851196,6.7106934,100318.76,556.8711,0.9924927,2.4763708,0.0,45.123714
2017-04-05 00:00:00,17.846436,6.5901184,100307.766,350.5778,0.98812866,2.1169388,0.0,47.663673
2017-04-05 01:00:00,17.143066,6.875763,100333.83,227.30667,1.0,2.1192627,0.0,50.816704
2017-04-05 02:00:00,16.436005,9.668976,100360.66,87.96445,0.98999023,1.9187177,0.0,64.24655
2017-04-05 03:00:00,15.241364,10.715912,100385.7,8.817778,1.0,1.7392406,0.0,74.37687
2017-04-05 04:00:00,14.443115,10.688843,100481.39,0.0,1.0,1.7396721,0.0,78.163605
2017-04-05 05:00:00,14.089813,10.106537,100554.63,0.0,0.9981384,1.4130093,0.0,76.92391
2017-04-05 06:00:00,13.373993,9.915863,100570.24,0.0,0.99624634,0.8092945,0.0,79.56691
2017-04-05 07:00:00,12.644684,9.289032,100573.92,0.0,0.995636,0.9385723,0.0,80.01296
2017-04-05 08:00:00,12.9496765,7.4257507,100565.625,0.0,0.99749756,0.6051559,0.0,69.11847
2017-04-05 09:00:00,12.347809,8.176178,100513.28,0.0,1.0,0.9717619,0.0,75.67278
2017-04-05 10:00:00,11.61441,6.724884,100454.234,0.0,0.9512634,1.0446858,0.0,71.92388
2017-04-05 11:00:00,11.96579,6.583954,100398.38,0.0,1.0,1.2613813,0.0,69.59695
2017-04-05 12:00:00,12.624298,7.3504333,100376.59,0.0,0.99935913,1.0609039,0.0,70.24492
2017-04-05 13:00:00,12.686554,7.945221,100354.09,0.0,1.0,0.99091756,0.0,72.85555
2017-04-05 14:00:00,11.933899,8.950378,100379.75,0.4977778,1.0,0.8372903,0.0,81.94909
2017-04-05 15:00:00,12.990509,9.442963,100447.37,50.115555,0.9812622,0.60978514,0.0,79.03561
2017-04-05 16:00:00,14.277069,7.561676,100453.63,195.14667,0.9918518,0.6492269,0.0,63.98896
2017-04-05 17:00:00,15.561188,5.191986,100416.66,352.71112,0.98999023,0.13255033,0.0,50.03262
2017-04-05 18:00:00,17.475311,3.3578796,100388.11,548.64,1.0,0.17486595,0.0,38.95143
2017-04-05 19:00:00,19.25119,1.9815369,100351.055,616.6222,1.0,0.61753744,0.0,31.600155
2017-04-05 20:00:00,20.185822,2.2070618,100325.58,682.1511,1.0,1.2655238,0.0,30.301805
2017-04-05 21:00:00,21.149384,1.0995483,100293.36,707.8578,0.99624634,2.073608,0.0,26.37744
2017-04-05 22:00:00,21.171051,4.2552185,100256.35,604.1778,1.0,2.3325605,0.0,32.957863
2017-04-05 23:00:00,20.912994,4.2764893,100253.34,520.08887,1.0,2.6451735,0.0,33.534893
2017-04-06 00:00:00,19.162933,3.0300598,100241.086,365.1378,1.0,2.253324,0.0,34.23369
2017-04-06 01:00:00,18.179413,3.138031,100205.04,232.28444,1.0,1.6664665,0.0,36.686836
2017-04-06 02:00:00,17.433746,5.6545715,100179.695,95.04,1.0,0.8567522,0.0,45.860638
2017-04-06 03:00:00,15.917999,8.95871,100138.234,8.48,1.0,0.953149,0.0,63.305122
2017-04-06 04:00:00,15.048431,10.246704,100164.58,0.0,1.0,0.95384055,0.0,72.98523
2017-04-06 05:00:00,14.903534,11.65213,100159.66,0.0,1.0,1.0819323,0.0,80.88174
2017-04-06 06:00:00,15.260468,11.903351,100170.06,0.0,1.0,1.1387407,0.0,80.36725
2017-04-06 07:00:00,15.611023,11.630585,100188.14,0.0,1.0,1.2158171,0.0,77.17686
2017-04-06 08:00:00,15.236298,10.022919,100147.66,0.0,1.0,1.1540365,0.0,71.0374
2017-04-06 09:00:00,14.748108,9.5624695,100135.484,0.0,0.9874878,1.4934548,0.0,71.076935
2017-04-06 10:00:00,13.378876,7.2547913,100088.64,0.0,1.0,1.2797267,0.0,66.426674
2017-04-06 11:00:00,12.811981,4.9386597,99995.19,0.0,1.0,1.793698,0.0,58.743336
2017-04-06 12:00:00,13.257965,4.689728,99939.28,0.0,1.0,2.6934495,0.0,56.072693
2017-04-06 13:00:00,13.319153,4.0704956,99980.67,0.0,1.0,2.4051661,0.0,53.479298
2017-04-06 14:00:00,13.3284,4.8005066,99936.266,0.33777776,0.98062134,1.7761183,0.0,56.248974
2017-04-06 15:00:00,13.831909,5.1759644,99966.375,25.76,0.9981384,1.8287487,0.0,55.878002
2017-04-06 16:00:00,14.148071,5.1637573,100057.22,55.146667,1.0,1.3731936,0.0,54.696724
2017-04-06 17:00:00,14.654755,4.960663,100050.97,70.47111,1.0,2.395817,9.536743e-07,52.18961
2017-04-06 18:00:00,15.414764,2.0768738,100037.7,237.90222,0.98501587,3.1907086,5.2452087e-06,40.552826
2017-04-06 19:00:00,16.174988,0.78829956,100036.7,455.80444,0.83496094,4.5404916,0.000289917,35.217285
2017-04-06 20:00:00,15.650421,2.1723938,99896.03,504.90668,0.42803955,4.9971905,0.00021028519,40.21766
2017-04-06 21:00:00,15.574738,2.1221008,99866.91,475.32443,0.7637329,6.18399,0.000248909,40.26853
2017-04-06 22:00:00,15.140778,4.4052734,99745.11,381.38666,0.8175049,5.801797,0.0005517006,48.65564
2017-04-06 23:00:00,16.247528,4.654541,99610.67,157.76,0.9831238,5.7137394,0.00013113022,46.123356
2017-04-07 00:00:00,16.624115,4.1806946,99449.78,229.01334,0.97750854,6.074849,0.0,43.561214
2017-04-07 01:00:00,14.964325,2.4302063,99571.83,130.59555,1.0,6.323231,7.05719e-05,42.808586
2017-04-07 02:00:00,12.171539,5.608551,99567.83,7.52,1.0,8.641908,0.0012607574,64.18697
2017-04-07 03:00:00,11.133331,8.612701,99539.04,5.422222,1.0,8.723942,0.0019159317,84.455894
2017-04-07 04:00:00,11.499664,8.590729,99438.66,0.0,1.0,8.720906,0.001762867,82.30789
2017-04-07 05:00:00,12.173065,8.854919,99421.48,0.0,1.0,8.677882,0.001288414,80.14954
2017-04-07 06:00:00,12.317963,8.8349,99447.336,0.0,1.0,8.66494,0.0008096695,79.28188
2017-04-07 07:00:00,12.653564,10.069916,99492.63,0.0,1.0,7.6865134,0.0038838387,84.26972
2017-04-07 08:00:00,12.687256,10.50238,99576.56,0.0,1.0,6.0508857,0.0030093193,86.54839
2017-04-07 09:00:00,12.958466,11.387848,99628.695,0.0,1.0,4.507657,0.001704216,90.17835
2017-04-07 10:00:00,13.212189,12.127136,99709.25,0.0,0.9924927,4.123003,0.00068187714,93.13285
2017-04-07 11:00:00,13.126892,11.574097,99671.39,0.0,0.9981384,3.0269835,0.00022029877,90.297
2017-04-07 12:00:00,13.262543,11.54483,99701.03,0.0,1.0,3.122759,7.1525574e-05,89.32762
2017-04-07 13:00:00,13.139435,11.444031,99715.03,0.0,1.0,3.0495872,2.5749207e-05,89.44992
2017-04-07 14:00:00,13.156342,11.2725525,99752.234,0.48,1.0,2.9297283,1.335144e-05,88.34199
2017-04-07 15:00:00,13.464233,10.486755,99783.266,34.328888,1.0,3.1212919,6.866455e-05,82.1773
2017-04-07 16:00:00,13.832001,9.930664,99856.766,119.89333,0.99935913,3.1217585,7.534027e-05,77.30647
2017-04-07 17:00:00,14.38327,10.5208435,99889.69,224.85333,1.0,3.540904,3.862381e-05,77.59324
2017-04-07 18:00:00,14.517792,10.988892,99900.07,382.7378,0.9924927,3.6801555,2.9563904e-05,79.35519
2017-04-07 19:00:00,15.098602,11.021759,99915.43,349.54666,1.0,4.0096154,0.0003194809,76.60509
2017-04-07 20:00:00,15.421661,11.114899,99913.67,331.50223,0.9700012,4.5114384,0.00025892258,75.49659
2017-04-07 21:00:00,15.964081,10.465668,99893.66,534.11554,0.98687744,4.3445606,0.00027132034,69.83592
2017-04-07 22:00:00,16.579407,12.423431,99878.336,573.81335,0.9844055,4.7131934,0.0003809929,76.44081
2017-04-07 23:00:00,16.470123,11.921478,99803.16,546.5244,0.9687195,4.421609,0.00028419495,74.47265
2017-04-08 00:00:00,16.56314,11.50412,99745.8,415.2,0.948761,4.785254,0.00016307831,72.019875
2017-04-08 01:00:00,15.563171,10.84433,99728.484,278.6489,0.8874817,5.3534045,3.5762787e-05,73.4815
2017-04-08 02:00:00,15.262543,11.176971,99691.93,137.04889,0.9481201,4.7970986,2.861023e-05,76.5868
2017-04-08 03:00:00,14.159607,11.78067,99668.125,15.857778,0.98690796,4.56694,9.059906e-06,85.58879
2017-04-08 04:00:00,14.206421,12.025116,99676.92,0.0,0.9700012,4.5372744,3.194809e-05,86.71653
2017-04-08 05:00:00,13.803131,12.000458,99691.16,0.0,0.9324951,4.3641667,0.0010185242,88.87121
2017-04-08 06:00:00,13.214569,11.976501,99735.62,0.0,1.0,4.070832,0.0004339218,92.19882
2017-04-08 07:00:00,12.296997,10.801178,99802.234,0.0,0.7824707,3.7738688,0.0024690628,90.57973
2017-04-08 08:00:00,10.515259,9.423981,99904.234,0.0,0.99560547,4.996065,0.00025129318,92.952286
2017-04-08 09:00:00,9.82785,8.617096,100036.67,0.0,0.8556824,5.325113,3.6239624e-05,92.16724
2017-04-08 10:00:00,8.926819,5.389862,100170.42,0.0,0.74069214,2.3422081,5.722046e-06,78.487785
2017-04-08 11:00:00,9.146393,5.8767395,100205.59,0.0,0.39123535,2.6708462,0.0,79.98833
2017-04-08 12:00:00,9.500336,6.398529,100270.42,0.0,0.29504395,2.142248,0.0,80.9702
2017-04-08 13:00:00,9.665558,6.5694885,100317.03,0.0,0.35375977,1.7062284,1.2874603e-05,81.02463
2017-04-08 14:00:00,9.810638,6.219269,100341.68,1.7777778,0.5281677,2.344837,3.2424927e-05,78.32674
2017-04-08 15:00:00,9.682465,5.1512756,100455.516,88.55111,0.51187134,3.9323518,0.0008378029,73.36763
2017-04-08 16:00:00,10.473602,6.0205994,100506.63,232.85333,0.5343323,4.0363727,0.00057172775,73.90878
2017-04-08 17:00:00,10.124664,6.8224487,100597.164,361.47556,0.8193054,4.3468275,0.00021886826,79.947945
2017-04-08 18:00:00,10.433136,8.032654,100691.49,520.96,0.5055542,5.1935635,0.00037574768,85.069305
2017-04-08 19:00:00,10.588165,7.230377,100727.02,612.8711,0.3218689,4.3460455,0.00020980835,79.709915
2017-04-08 20:00:00,10.97879,8.158325,100714.36,837.13776,0.32247925,4.7001114,9.250641e-05,82.73784
2017-04-08 21:00:00,12.10849,7.656952,100756.27,828.9067,0.32876587,5.0868344,5.722046e-05,74.20419
2017-04-08 22:00:00,12.662445,4.113617,100735.91,790.0089,0.36062622,5.1940427,2.002716e-05,55.99551
2017-04-08 23:00:00,12.466827,4.032257,100761.03,677.6178,0.6088867,4.64069,9.536743e-07,56.395916
2017-04-09 00:00:00,12.406342,4.849823,100748.37,441.22665,0.7944946,3.920449,0.0,59.954838
2017-04-09 01:00:00,12.366516,5.0522766,100778.695,333.24445,0.8145752,3.2553012,0.0,60.966232
2017-04-09 02:00:00,11.590424,5.1453857,100772.16,152.08888,0.3757019,3.0564504,0.0,64.58381
2017-04-09 03:00:00,10.615265,6.9010925,100845.55,19.466667,0.14440918,2.4550993,0.0,77.79068
2017-04-09 04:00:00,10.154572,7.398926,100873.2,0.0,0.0718689,2.115445,0.0,83.00229
2017-04-09 05:00:00,9.529297,6.983612,100919.05,0.0,0.053131104,1.6989411,0.0,84.12904
2017-04-09 06:00:00,9.642853,6.6072693,100952.125,0.0,0.012481689,1.7617413,0.0,81.35942
2017-04-09 07:00:00,9.335724,6.490753,100972.68,0.0,0.14413452,1.8140082,0.0,82.393394
2017-04-09 08:00:00,8.757965,6.2512207,100980.66,0.0,0.98690796,1.7978396,0.0,84.265656
2017-04-09 09:00:00,8.368866,5.4256897,100931.1,0.0,1.0,1.5774502,0.0,81.71115
2017-04-09 10:00:00,7.365448,5.7768555,100889.08,0.0,0.9700012,1.2749622,0.0,89.646034
2017-04-09 11:00:00,6.9013977,5.1495667,100851.97,0.0,0.8493347,1.3311552,0.0,88.59802
2017-04-09 12:00:00,7.020355,5.151581,100857.34,0.0,0.72994995,0.7385998,0.0,87.89038
2017-04-09 13:00:00,6.96579,5.2391663,100845.945,0.0,0.75930786,0.7208809,0.0,88.75901
2017-04-09 14:00:00,6.8475647,5.3055115,100873.66,2.2577777,0.70617676,0.6587058,0.0,89.895676
2017-04-09 15:00:00,8.333099,4.8739624,100968.11,99.73333,0.463562,0.27452078,0.0,78.82426
2017-04-09 16:00:00,9.823761,6.2308044,101021.45,297.3511,0.46365356,0.63493115,0.0,78.32015
2017-04-09 17:00:00,11.28653,5.7167053,101058.93,528.8889,0.39865112,0.80977476,0.0,68.56289
2017-04-09 18:00:00,12.366119,5.953186,101043.2,716.8,0.19924927,0.6641535,0.0,64.901115
2017-04-09 19:00:00,13.013031,5.8698425,101023.75,841.35114,0.10559082,0.87562704,0.0,61.848717
2017-04-09 20:00:00,13.701813,6.1943665,100961.26,925.63556,0.06869507,1.296943,0.0,60.472984
2017-04-09 21:00:00,14.248657,4.101288,100936.11,938.43555,0.039978027,2.0439308,0.0,50.45282
2017-04-09 22:00:00,15.363678,4.9951477,100885.69,881.2978,0.0,2.6764686,0.0,49.98099
2017-04-09 23:00:00,15.102325,5.247528,100858.37,747.6445,0.0,2.9321644,0.0,51.728474
2017-04-10 00:00:00,14.439972,5.0222473,100836.0,598.13336,0.014984131,3.0214784,0.0,53.146534
2017-04-10 01:00:00,13.8471985,5.214691,100851.266,389.56445,0.013122559,3.3005738,0.0,55.97311
2017-04-10 02:00:00,12.731293,4.3033447,100872.26,183.55556,0.95251465,3.282611,0.0,56.489944
2017-04-10 03:00:00,11.336517,5.4390564,100914.64,18.275555,0.94436646,3.0126023,0.0,67.032875
2017-04-10 04:00:00,10.805695,6.011139,100963.81,0.0,0.9137268,1.9585654,0.0,72.24438
2017-04-10 05:00:00,10.447784,6.4294434,100991.766,0.0,0.90930176,0.95128304,0.0,76.154305
2017-04-10 06:00:00,10.070709,6.448181,100995.766,0.0,0.9343567,0.85863173,0.0,78.19829
2017-04-10 07:00:00,11.492401,6.1849365,101004.14,0.0,0.9562378,0.6289951,0.0,69.86002
2017-04-10 08:00:00,11.073029,6.3814087,101019.03,0.0,0.9012146,0.4708428,0.0,72.80899
2017-04-10 09:00:00,10.492249,6.4012146,101013.33,0.0,0.6043091,0.48698005,0.0,75.78126
2017-04-10 10:00:00,9.329651,5.383545,101006.164,0.0,0.50494385,0.6411384,0.0,76.35141
2017-04-10 11:00:00,9.4496765,5.4983826,100995.0,0.0,0.071899414,1.1748692,0.0,76.34363
2017-04-10 12:00:00,9.793854,5.843048,100964.75,0.0,0.118774414,1.0232888,0.0,76.40263
2017-04-10 13:00:00,9.370483,5.835266,100957.39,0.0,0.08251953,1.1021739,0.0,78.564415
2017-04-10 14:00:00,8.415222,5.2360535,100971.78,2.5422223,0.12814331,1.1677725,0.0,80.388336
2017-04-10 15:00:00,10.507874,4.896454,100978.64,92.0,0.21191406,1.4235376,0.0,68.204315
2017-04-10 16:00:00,11.828461,6.848358,101001.53,279.89334,0.7651062,1.0116835,0.0,71.51808
2017-04-10 17:00:00,13.338409,7.961212,100981.53,486.00888,0.99438477,0.65460706,0.0,69.89131
2017-04-10 18:00:00,14.751251,8.952484,100987.91,643.5733,1.0,0.6788943,1.2397766e-05,68.202324
2017-04-10 19:00:00,16.163239,9.319458,100926.086,806.3822,1.0,0.75391614,0.0,63.855362
2017-04-10 20:00:00,16.51651,9.202484,100855.41,829.5289,1.0,1.3011357,1.9073486e-06,61.943935
2017-04-10 21:00:00,17.642426,9.081238,100814.28,629.17334,0.9924927,2.2525702,1.4305115e-06,57.209015
2017-04-10 22:00:00,17.384186,10.188171,100726.41,656.69336,0.96307373,2.8289595,9.536743e-07,62.636574
2017-04-10 23:00:00,17.448578,11.077789,100698.86,561.7244,0.03186035,3.348511,0.0,66.19119
2017-04-11 00:00:00,16.397491,11.003021,100624.72,408.28445,0.8106384,3.308817,0.0,70.405075
2017-04-11 01:00:00,16.038605,10.961334,100608.78,295.04,0.9812622,2.9495678,0.0,71.83616
2017-04-11 02:00:00,14.995453,9.978516,100598.56,149.26222,1.0,2.727794,0.0,71.932434
2017-04-11 03:00:00,13.963287,12.372711,100559.09,18.044445,1.0,1.8488847,0.0,90.13294
2017-04-11 04:00:00,13.58786,12.361328,100569.59,0.0,1.0,1.4273748,0.0,92.290535
2017-04-11 05:00:00,13.046387,11.545258,100580.82,0.0,1.0,0.85310084,0.0,90.60035
2017-04-11 06:00:00,13.786774,11.390045,100530.72,0.0,0.980011,1.0073395,0.0,85.44925
2017-04-11 07:00:00,13.798004,11.26535,100480.67,0.0,0.7935486,1.3185623,0.0,84.68433
2017-04-11 08:00:00,12.309784,10.283508,100445.2,0.0,1.0,1.111535,0.0,87.433395
2017-04-11 09:00:00,12.105652,10.952606,100388.61,0.0,1.0,0.29712474,0.0,92.65576
2017-04-11 10:00:00,12.470001,10.407074,100308.484,0.0,1.0,0.6343752,0.0,87.23452
2017-04-11 11:00:00,12.575531,10.513214,100240.89,0.0,1.0,0.49135524,0.0,87.247925
2017-04-11 12:00:00,11.873505,10.570709,100207.47,0.0,1.0,0.69092035,0.0,91.723335
2017-04-11 13:00:00,12.350372,10.808502,100193.375,0.0,0.99749756,1.2679929,0.0,90.30643
2017-04-11 14:00:00,12.83429,11.357697,100177.82,1.1022222,1.0,2.361498,0.0,90.73288
2017-04-11 15:00:00,13.0807495,11.332977,100200.625,22.008888,0.984375,3.027232,0.0,89.135605
2017-04-11 16:00:00,13.686493,9.792053,100192.04,143.78667,0.89627075,2.888914,1.1444092e-05,77.31953
2017-04-11 17:00:00,14.00705,8.673492,100207.53,235.46666,0.98687744,3.2422712,2.3841858e-06,70.229774
2017-04-11 18:00:00,14.801483,9.446991,100224.8,144.21333,0.96066284,3.6257482,2.3841858e-06,70.28496
2017-04-11 19:00:00,16.596832,9.949432,100232.97,254.6489,0.99438477,4.1368403,0.0,64.799576
2017-04-11 20:00:00,17.662933,9.543121,100261.766,315.55554,1.0,4.779325,0.0,58.939503
2017-04-11 21:00:00,17.49179,7.4830627,100231.2,287.23557,0.977478,5.1206865,0.0,51.818638
2017-04-11 22:00:00,17.769165,10.919189,100217.72,347.12888,0.9874878,4.9263234,0.0,64.18565
2017-04-11 23:00:00,17.605133,11.787567,100196.47,304.37332,0.9699402,4.447357,0.0,68.69328
2017-04-12 00:00:00,16.804596,10.980652,100177.484,264.21335,0.97372437,4.2383103,0.0,68.50369
2017-04-12 01:00:00,16.494202,11.039276,100201.14,102.524445,0.99935913,3.926524,4.7683716e-07,70.141556
2017-04-12 02:00:00,16.29425,10.499542,100208.11,73.63556,1.0,3.7827559,4.7683716e-06,68.53422
2017-04-12 03:00:00,15.726532,11.966064,100227.66,7.8755555,1.0,3.7481766,9.536743e-06,78.32345
2017-04-12 04:00:00,15.309357,11.770569,100271.234,0.0,1.0,3.8012815,1.0967255e-05,79.416245
2017-04-12 05:00:00,15.505524,11.898346,100321.83,0.0,1.0,3.753616,1.0967255e-05,79.08668
2017-04-12 06:00:00,15.147125,11.456787,100321.516,0.0,1.0,3.6239536,8.583069e-06,78.60113
2017-04-12 07:00:00,15.032379,11.555969,100288.984,0.0,1.0,3.4970307,1.4305115e-05,79.70498
2017-04-12 08:00:00,14.801544,11.460083,100278.29,0.0,1.0,3.259297,0.00014352798,80.38766
2017-04-12 09:00:00,14.475311,11.6623535,100239.695,0.0,1.0,2.916926,0.00017976761,83.20463
2017-04-12 10:00:00,13.141144,11.662445,100205.266,0.0,1.0,1.8674195,0.00020217896,90.7414
2017-04-12 11:00:00,13.138092,11.541504,100141.42,0.0,1.0,1.6238972,8.440018e-05,90.03665
2017-04-12 12:00:00,13.133484,11.638763,100101.84,0.0,1.0,1.2620537,0.0001835823,90.64483
2017-04-12 13:00:00,13.049561,11.5538025,100083.266,0.0,1.0,1.5946797,0.00056552887,90.63275
2017-04-12 14:00:00,13.19931,12.03949,100107.73,1.3866667,1.0,1.5746012,0.0009584427,92.67463
2017-04-12 15:00:00,13.341705,10.768738,100152.41,30.293333,1.0,1.4833162,0.0004696846,84.40731
2017-04-12 16:00:00,13.708435,11.233917,100166.4,64.26667,1.0,2.5868068,0.00013160706,85.00158
2017-04-12 17:00:00,14.438599,10.960785,100169.28,209.3511,0.98501587,2.8500788,5.4359436e-05,79.613686
2017-04-12 18:00:00,15.182953,11.238922,100182.51,348.85333,0.8118286,4.119331,3.0517578e-05,77.29653
2017-04-12 19:00:00,15.949219,10.951599,100187.47,530.3111,0.6174011,4.2986207,2.4795532e-05,72.20091
2017-04-12 20:00:00,17.151794,11.425446,100174.04,679.9644,0.42236328,4.923426,1.6212463e-05,69.01823
2017-04-12 21:00:00,18.017029,10.498718,100162.37,782.57776,0.3548584,5.646044,6.198883e-06,61.44702
2017-04-12 22:00:00,17.715912,10.343597,100101.875,698.9511,0.15997314,5.781246,1.4305115e-06,61.978626
2017-04-12 23:00:00,17.133392,9.874664,100063.08,631.5911,0.21374512,5.6122227,9.536743e-07,62.31697
2017-04-13 00:00:00,16.138,9.757416,100026.984,402.4889,0.14685059,5.676454,9.536743e-07,65.868576
2017-04-13 01:00:00,17.004913,10.579681,99990.72,371.71555,0.094940186,5.485041,4.7683716e-06,65.85763
2017-04-13 02:00:00,16.095886,10.604279,99963.42,180.48,0.37127686,4.989477,2.861023e-06,69.89335
2017-04-13 03:00:00,14.658508,11.995636,99980.72,20.515556,0.77874756,5.1714535,4.863739e-05,84.05436
2017-04-13 04:00:00,15.19455,13.075043,99997.53,0.0,0.7687683,5.32412,5.8174133e-05,87.162636
2017-04-13 05:00:00,15.153076,12.683411,100006.33,0.0,0.9250488,5.3511906,0.00012874603,85.183426
2017-04-13 06:00:00,14.973663,12.640015,99989.016,0.0,0.9831543,4.9721313,0.00034427643,85.92784
2017-04-13 07:00:00,14.505035,12.177765,99988.125,0.0,1.0,4.334174,0.0009961128,85.91631
2017-04-13 08:00:00,13.924225,11.63855,99987.81,0.0,0.8574524,3.9954445,0.00090026855,86.093575
2017-04-13 09:00:00,12.960327,11.950897,100045.89,0.0,0.4673767,3.7750745,0.00092315674,93.58541
2017-04-13 10:00:00,11.74942,10.174408,100057.06,0.0,0.48745728,1.6196449,0.00023078918,90.063126
2017-04-13 11:00:00,11.517242,9.776337,100027.17,0.0,0.3869629,1.9298446,8.392334e-05,89.05017
2017-04-13 12:00:00,11.615845,9.5035095,99988.06,0.0,0.3543396,1.573219,0.00022029877,86.8654
2017-04-13 13:00:00,11.990387,9.485809,100021.25,0.0,0.49819946,1.7814478,5.7697296e-05,84.64329
2017-04-13 14:00:00,11.817688,9.737335,100068.984,4.231111,0.5219116,2.7128942,0.00022935867,87.07149
2017-04-13 15:00:00,12.134064,9.20752,100131.555,87.41333,0.553772,3.1328049,0.00013828278,82.29015
2017-04-13 16:00:00,12.853821,9.381073,100177.42,255.34222,0.3975525,3.4007108,0.00013589859,79.41442
2017-04-13 17:00:00,13.297821,9.553864,100231.4,442.3289,0.3562622,3.979417,0.0002117157,78.04443
2017-04-13 18:00:00,12.768677,8.169342,100306.25,479.8578,0.36001587,4.163924,0.001982689,73.57721
2017-04-13 19:00:00,12.906342,8.440643,100373.16,662.13336,0.44995117,4.3871565,0.0013394356,74.27178
2017-04-13 20:00:00,13.6302185,8.763031,100435.16,670.3467,0.44314575,5.004455,0.00028038025,72.40791
2017-04-13 21:00:00,14.707977,9.509613,100491.625,779.25336,0.5375366,5.3174405,0.00019311905,71.00855
2017-04-13 22:00:00,13.73056,8.317535,100544.695,690.56,0.44625854,5.5846353,0.00018930435,69.7986
2017-04-13 23:00:00,13.880798,8.507111,100549.89,615.7156,0.4456482,5.457615,0.00016498566,70.01457
2017-04-14 00:00:00,13.903442,8.960602,100601.73,504.0,0.44436646,5.5224743,6.866455e-05,72.08902
2017-04-14 01:00:00,13.234161,8.257721,100641.71,346.20444,0.2956543,5.1095862,3.8146973e-05,71.80081
2017-04-14 02:00:00,12.4192505,7.7244873,100682.664,177.88445,0.25247192,4.514288,4.7683716e-07,73.03846
2017-04-14 03:00:00,11.163788,7.745941,100773.375,24.942223,0.17877197,3.8886292,9.536743e-07,79.46624
2017-04-14 04:00:00,11.282501,7.90506,100846.69,0.0,0.054992676,3.715853,0.0,79.70233
2017-04-14 05:00:00,10.907318,7.7669983,100891.31,0.0,0.04751587,3.5346854,0.0,80.9474
2017-04-14 06:00:00,10.526154,7.3753967,100949.05,0.0,0.06689453,3.6235244,0.0,80.83803
2017-04-14 07:00:00,10.302216,7.1448975,100942.14,0.0,0.08630371,3.5943415,0.0,80.77118
2017-04-14 08:00:00,9.703033,6.5726624,100949.64,0.0,0.07128906,3.4273767,0.0,80.83872
2017-04-14 09:00:00,9.119019,6.06839,100932.33,0.0,0.011260986,3.264439,0.0,81.20492
2017-04-14 10:00:00,8.32785,5.4737244,100896.336,0.0,0.018157959,2.2403226,0.0,82.21251
2017-04-14 11:00:00,7.935211,5.489929,100900.79,0.0,0.0056152344,2.2866406,0.0,84.53057
2017-04-14 12:00:00,7.96109,5.488861,100899.53,0.0,0.032562256,2.3478262,0.0,84.37558
2017-04-14 13:00:00,8.028229,5.577545,100928.484,0.0,0.018127441,2.3870583,0.0,84.50946
2017-04-14 14:00:00,8.130768,5.5751038,100943.836,5.9911113,0.009399414,2.702751,0.0,83.90822
2017-04-14 15:00:00,9.930756,4.856201,101019.9,132.87111,0.005004883,3.586558,0.0,70.6879
2017-04-14 16:00:00,11.075897,5.2708435,101024.47,330.89777,0.0025024414,4.152579,0.0,67.409164
2017-04-14 17:00:00,12.129364,4.4441223,101035.22,557.49335,0.0,4.307943,0.0,59.350525
2017-04-14 18:00:00,12.814087,3.3615417,101037.8,736.8356,0.0,4.180315,0.0,52.583164
2017-04-14 19:00:00,14.093414,4.242462,101031.43,871.3422,0.0074768066,3.9643164,0.0,51.470116
2017-04-14 20:00:00,14.742462,5.0380554,100992.39,911.91113,0.375,4.1283927,0.0,52.175613
2017-04-14 21:00:00,15.553314,4.132416,100955.66,932.99554,0.08306885,4.2788477,0.0,46.48604
2017-04-14 22:00:00,15.872955,3.8845215,100900.66,875.23553,0.0018615723,4.418384,0.0,44.758102
2017-04-14 23:00:00,15.869049,4.7748413,100851.64,774.3467,0.0,4.5386333,0.0,47.650475
2017-04-15 00:00:00,15.474823,5.4081116,100817.34,608.2489,0.007507324,4.4538717,0.0,51.07199
2017-04-15 01:00:00,14.781738,5.8201904,100809.25,406.29333,0.0,4.398498,0.0,54.94815
2017-04-15 02:00:00,14.010345,5.4932556,100760.41,192.72888,0.0,3.8280632,0.0,56.46567
2017-04-15 03:00:00,11.978058,7.245941,100750.72,26.524445,0.0,2.9839857,0.0,72.7722
2017-04-15 04:00:00,11.517395,8.210785,100788.016,0.0,0.0,2.5848684,0.0,80.12042
2017-04-15 05:00:00,11.64444,8.058838,100817.89,0.0,0.0,2.1928463,0.0,78.63404
2017-04-15 06:00:00,11.5329895,8.004822,100791.68,0.0,0.0,1.9763547,0.0,78.92521
2017-04-15 07:00:00,11.194,8.268036,100769.664,0.0,0.14248657,1.5683482,0.0,82.17416
2017-04-15 08:00:00,10.3454895,7.6093445,100736.19,0.0,0.2519226,1.1364326,0.0,83.13622
2017-04-15 09:00:00,9.573029,7.534424,100710.99,0.0,0.7886658,0.96574354,0.0,87.10406
2017-04-15 10:00:00,8.509491,7.3007507,100669.99,0.0,0.774353,0.5872861,0.0,92.10091
2017-04-15 11:00:00,7.2948303,6.349823,100638.79,0.0,0.40942383,0.3132986,0.0,93.71712
2017-04-15 12:00:00,7.4375916,6.4494934,100650.81,0.0,0.38998413,0.4201477,0.0,93.44636
2017-04-15 13:00:00,8.197968,7.018585,100648.766,0.0,0.18191528,0.5693564,0.0,92.26763
2017-04-15 14:00:00,9.109985,7.163025,100641.875,6.9688888,0.7555542,0.6962521,0.0,87.60802
2017-04-15 15:00:00,10.207123,6.0005493,100675.42,134.22223,0.8280945,0.6361704,0.0,75.13151
2017-04-15 16:00:00,11.639191,6.6776733,100616.875,335.73334,0.95687866,0.77280587,0.0,71.57354
2017-04-15 17:00:00,13.241394,5.6756287,100576.016,545.79553,0.98187256,0.99018186,0.0,60.11886
2017-04-15 18:00:00,14.804596,4.543976,100562.766,729.12,0.98934937,1.4651204,0.0,50.20548
2017-04-15 19:00:00,16.590363,5.2221985,100492.12,819.1111,0.97940063,1.6370544,0.0,46.94875
2017-04-15 20:00:00,17.396332,5.6337585,100451.43,874.8444,1.0,1.7981567,0.0,45.90294
2017-04-15 21:00:00,18.28418,4.807556,100381.64,872.7822,0.99624634,1.8990548,0.0,40.98197
2017-04-15 22:00:00,19.14392,5.9985657,100332.75,830.0267,1.0,1.7907529,0.0,42.18429
2017-04-15 23:00:00,19.195526,6.166168,100279.86,766.8089,0.99749756,2.2656465,0.0,42.53837
2017-04-16 00:00:00,18.413727,6.4338684,100258.75,578.6667,0.9824829,2.7329156,0.0,45.50194
2017-04-16 01:00:00,17.21576,6.892853,100212.85,343.96445,1.0,2.5382519,0.0,50.64271
2017-04-16 02:00:00,15.873352,6.9917297,100156.016,125.49333,1.0,2.317465,0.0,55.533802
2017-04-16 03:00:00,14.5138855,9.464294,100161.086,19.448889,0.9924927,2.019733,0.0,71.685524
2017-04-16 04:00:00,13.588409,9.678497,100166.09,0.0,0.97750854,1.2828015,0.0,77.224
2017-04-16 05:00:00,13.782501,8.641754,100181.125,0.0,0.98999023,0.7920677,0.0,71.10855
2017-04-16 06:00:00,14.277435,7.6258545,100167.47,0.0,0.9906311,0.50496423,0.0,64.2683
2017-04-16 07:00:00,13.46756,8.450348,100149.1,0.0,1.0,1.2137139,0.0,71.6462
2017-04-16 08:00:00,12.080719,8.732819,100140.516,0.0,0.9574585,1.1092067,0.0,79.97557
2017-04-16 09:00:00,11.606903,8.800995,100148.18,0.0,1.0,1.0781785,0.0,82.89696
2017-04-16 10:00:00,11.3194275,9.720856,100054.69,0.0,0.98999023,0.5519019,0.0,89.888985
2017-04-16 11:00:00,10.836761,9.317444,99991.45,0.0,0.9874878,1.6174889,0.0,90.33328
2017-04-16 12:00:00,11.535522,9.945221,100007.66,0.0,0.9593506,1.3555104,0.0,89.95509
2017-04-16 13:00:00,10.820404,9.338013,99997.84,0.0,0.79751587,1.6874975,0.0,90.55692
2017-04-16 14:00:00,11.481384,10.074493,99984.16,4.711111,0.97875977,1.8378892,0.00016736984,91.06263
2017-04-16 15:00:00,12.551178,8.348907,100019.31,72.96,1.0,2.6474228,1.1920929e-05,75.54938
2017-04-16 16:00:00,13.189667,7.680084,100045.06,195.69778,0.9918518,2.8213413,5.4836273e-05,69.23442
2017-04-16 17:00:00,13.532257,6.2530212,100099.33,202.06223,0.9981384,2.8471928,0.00012636185,61.391968
2017-04-16 18:00:00,13.463165,6.0680847,100099.08,155.78667,0.99935913,3.3660238,0.00041103363,60.886654
2017-04-16 19:00:00,14.089813,6.3345947,100127.34,322.98666,0.98934937,4.186586,0.0012402534,59.541332
2017-04-16 20:00:00,13.153473,6.4895325,100134.56,223.98222,1.0,4.8073783,0.0007247925,63.961624
2017-04-16 21:00:00,11.688751,7.1372986,100206.36,132.14223,1.0,5.1146636,0.00097322464,73.62531
2017-04-16 22:00:00,11.370941,9.402588,100157.97,90.41778,1.0,4.5669203,0.0018539429,87.6875
2017-04-16 23:00:00,11.691681,9.553162,100142.734,132.32,1.0,4.083192,0.00056505203,86.720024
2017-04-17 00:00:00,12.084473,9.680695,100101.73,83.111115,1.0,3.9266064,4.7683716e-05,85.22866
2017-04-17 01:00:00,12.552734,10.08725,100134.234,65.67111,1.0,4.1434827,1.4781952e-05,84.92741
2017-04-17 02:00:00,12.851196,10.598022,100098.08,22.897778,1.0,4.445938,2.002716e-05,86.17147
2017-04-17 03:00:00,13.361664,11.604034,100143.7,2.9866667,1.0,4.340884,1.66893e-05,89.10001
2017-04-17 04:00:00,13.4721985,11.703033,100229.39,0.0,1.0,3.804378,1.4305115e-05,89.04101
2017-04-17 05:00:00,13.635223,11.871735,100257.92,0.0,1.0,3.0483453,1.335144e-05,89.087494
2017-04-17 06:00:00,13.6371765,12.075775,100252.55,0.0,1.0,2.5911884,1.9073486e-05,90.282486
2017-04-17 07:00:00,13.689911,12.1579895,100250.59,0.0,1.0,2.1910052,3.1471252e-05,90.46167
2017-04-17 08:00:00,13.637543,12.179596,100253.53,0.0,1.0,1.8156282,5.2452087e-05,90.899574
2017-04-17 09:00:00,13.751373,12.58432,100235.91,0.0,1.0,1.5052066,0.00033140182,92.66095
2017-04-17 10:00:00,13.223022,12.705536,100227.95,0.0,1.0,1.5808898,0.0003786087,96.671486
2017-04-17 11:00:00,13.499237,12.864044,100233.66,0.0,1.0,1.1196455,0.00024700165,95.93673
2017-04-17 12:00:00,13.519379,12.901215,100201.164,0.0,1.0,1.2882417,0.0002975464,96.04435
2017-04-17 13:00:00,13.372192,12.730347,100248.66,0.0,1.0,1.2360457,0.000207901,95.89095
2017-04-17 14:00:00,13.279266,12.607666,100298.11,3.3244445,1.0,1.6908022,7.915497e-05,95.7011
2017-04-17 15:00:00,13.692261,12.279388,100339.59,48.124443,1.0,1.0995628,5.6266785e-05,91.1732
2017-04-17 16:00:00,14.046448,12.596222,100300.33,119.342224,1.0,1.5103487,0.000102996826,90.97324
2017-04-17 17:00:00,14.568115,11.734528,100328.08,212.12445,0.9981384,1.55888,6.198883e-05,83.102394
2017-04-17 18:00:00,14.898834,11.980743,100385.24,160.39111,0.9906311,2.5497046,1.0967255e-05,82.68028
2017-04-17 19:00:00,15.554413,11.718597,100393.69,658.1511,0.984375,2.5106866,8.010864e-05,77.909195
2017-04-17 20:00:00,16.193787,11.238861,100393.086,401.31555,1.0,2.4907823,1.04904175e-05,72.45047
2017-04-17 21:00:00,16.616302,9.241882,100391.75,260.64,0.9906311,2.2262244,0.0,61.71551
2017-04-17 22:00:00,16.488617,11.892975,100405.33,261.5289,1.0,2.0363274,4.2915344e-06,74.24531
2017-04-17 23:00:00,16.412445,11.697357,100463.49,186.41777,1.0,2.5799627,9.536743e-07,73.64901
2017-04-18 00:00:00,15.317596,10.926483,100484.96,194.6311,1.0,2.0095906,0.0,75.0575
2017-04-18 01:00:00,14.080383,10.309662,100382.66,111.36,0.9981384,1.0812787,1.4781952e-05,78.023186
2017-04-18 02:00:00,13.964203,10.390045,100366.42,38.808887,0.99935913,0.9159621,7.247925e-05,79.03658
2017-04-18 03:00:00,13.490387,11.561005,100377.2,5.368889,1.0,0.55420953,0.00011539459,88.10452
2017-04-18 04:00:00,13.349091,11.699066,100463.805,0.0,1.0,0.8245773,1.7166138e-05,89.73493
2017-04-18 05:00:00,13.871643,11.658478,100509.69,0.0,1.0,0.74173874,8.9645386e-05,86.50193
2017-04-18 06:00:00,13.813995,11.806366,100526.42,0.0,1.0,0.78574127,8.010864e-05,87.67876
2017-04-18 07:00:00,13.208466,11.465485,100533.28,0.0,1.0,1.0383883,0.00070619583,89.1741
2017-04-18 08:00:00,12.616852,11.131134,100497.31,0.0,1.0,0.8704974,0.00059986115,90.66292
2017-04-18 09:00:00,12.709839,12.012512,100492.25,0.0,0.99560547,0.7303203,7.915497e-05,95.52029
2017-04-18 10:00:00,12.634552,10.966583,100435.516,0.0,1.0,0.6570493,2.193451e-05,89.573616
2017-04-18 11:00:00,12.986359,11.172607,100403.43,0.0,1.0,0.22362146,6.67572e-06,88.73886
2017-04-18 12:00:00,12.941406,11.160248,100429.8,0.0,1.0,0.32597268,2.861023e-06,88.92725
2017-04-18 13:00:00,12.951752,11.093964,100443.12,0.0,1.0,0.32956547,1.9073486e-06,88.477036
2017-04-18 14:00:00,13.114532,11.402313,100504.305,3.1466668,1.0,0.53418076,3.33786e-06,89.34845
2017-04-18 15:00:00,13.191132,11.220734,100570.25,43.68,1.0,0.8782047,2.4795532e-05,87.83919
2017-04-18 16:00:00,13.515961,10.996094,100596.09,143.87555,1.0,0.9829743,2.2888184e-05,84.72521
2017-04-18 17:00:00,14.074799,11.0816345,100627.63,277.2978,0.90997314,1.4962683,0.000248909,82.16858
2017-04-18 18:00:00,14.599884,11.305328,100668.445,468.30222,0.9024658,1.8958819,0.00016403198,80.610275
2017-04-18 19:00:00,16.002594,12.003326,100653.81,369.10223,0.832489,1.7351826,7.6293945e-05,77.14187
2017-04-18 20:00:00,16.747528,11.51828,100639.77,590.88,0.77874756,1.5152305,4.4345856e-05,71.2473
2017-04-18 21:00:00,17.80368,9.590179,100589.88,682.4533,1.0,1.3485061,7.1525574e-06,58.603767
2017-04-18 22:00:00,17.967194,10.559692,100618.93,628.51556,0.38638306,2.6319807,1.04904175e-05,61.89112
2017-04-18 23:00:00,18.062225,11.060547,100630.69,608.1778,0.14126587,3.707378,8.583069e-06,63.606724
2017-04-19 00:00:00,17.452942,11.408447,100673.03,521.42224,0.08432007,4.3055944,2.861023e-06,67.639694
2017-04-19 01:00:00,16.278107,11.31897,100654.68,368.72888,0.018737793,4.0064564,0.0,72.44555
2017-04-19 02:00:00,15.827789,11.272064,100688.2,193.92,0.0018615723,3.2688043,4.7683716e-07,74.327995
2017-04-19 03:00:00,14.11087,12.594116,100764.14,31.2,0.03250122,2.1225402,0.0,90.58147
2017-04-19 04:00:00,13.065979,11.601166,100834.58,0.0,0.015625,1.4203709,0.0,90.81956
2017-04-19 05:00:00,12.784271,11.089813,100922.42,0.0,0.051879883,1.4533329,0.0,89.427795
2017-04-19 06:00:00,13.311981,11.543121,100956.81,0.0,0.019378662,0.82311255,0.0,89.029854
2017-04-19 07:00:00,13.592133,11.740692,100922.14,0.0,0.010009766,0.47340697,0.0,88.56827
2017-04-19 08:00:00,13.1822815,11.738373,100931.516,0.0,0.19332886,0.69090855,0.0,90.952995
2017-04-19 09:00:00,12.7413025,11.334351,100942.28,0.0,0.20956421,0.8920626,0.0,91.14615
2017-04-19 10:00:00,12.540253,11.036926,100900.19,0.0,0.1375122,1.5503811,0.0,90.551636
2017-04-19 11:00:00,11.430267,10.171356,100938.66,0.0,0.88500977,1.4982834,0.0,91.96516
2017-04-19 12:00:00,10.931366,9.797607,100919.46,0.0,0.9425354,1.3625395,0.0,92.71009
2017-04-19 13:00:00,10.017059,8.959503,100931.53,0.0,0.41760254,1.663558,0.0,93.13733
2017-04-19 14:00:00,10.126495,8.785431,100921.52,11.484445,0.07501221,1.2803686,0.0,91.37688
2017-04-19 15:00:00,12.247711,7.978668,100991.18,151.32445,0.08001709,1.8852453,0.0,75.15657
2017-04-19 16:00:00,13.620392,6.9891357,101040.516,362.27554,0.24441528,1.6360658,0.0,64.21058
2017-04-19 17:00:00,14.836517,7.554352,101079.484,546.6667,0.60821533,1.5398066,0.0,61.686447
2017-04-19 18:00:00,16.523376,9.162445,101102.39,731.62665,0.5969238,1.8782133,0.0,61.75003
2017-04-19 19:00:00,17.729889,10.0347595,101069.766,839.66223,0.84375,2.2684433,0.0,60.658577
2017-04-19 20:00:00,18.306305,10.076538,101072.734,902.57776,0.94873047,2.9521818,0.0,58.662094
2017-04-19 21:00:00,19.113922,8.915558,101042.84,883.80444,0.97875977,3.1593313,0.0,51.583893
2017-04-19 22:00:00,19.60727,10.005096,101035.234,797.6178,0.98934937,2.3043993,0.0,53.825626
2017-04-19 23:00:00,19.050568,10.464813,101047.875,698.64886,0.7362366,2.7424667,0.0,57.46336
2017-04-20 00:00:00,18.572845,10.874786,101053.75,555.84,0.23376465,2.7455626,1.4305115e-06,60.84475
2017-04-20 01:00:00,18.3721,11.153809,101029.234,387.41333,0.2949829,2.4684157,0.0,62.767925
2017-04-20 02:00:00,17.59555,12.119659,101004.72,198.88,0.06564331,1.7629375,0.0,70.256485
2017-04-20 03:00:00,15.866455,14.166595,100996.05,31.804445,0.010009766,1.386073,0.0,89.63358
2017-04-20 04:00:00,15.340057,14.032959,101042.48,0.0,0.071258545,1.4813149,0.0,91.909256
2017-04-20 05:00:00,14.63443,13.146454,101114.72,0.0,0.522583,1.4672931,9.536743e-07,90.78842
2017-04-20 06:00:00,14.697754,13.07077,101116.61,0.0,0.47558594,1.386144,9.250641e-05,89.972
2017-04-20 07:00:00,14.547943,12.934174,101093.92,0.0,0.79122925,1.5074421,0.00042629242,90.03872
2017-04-20 08:00:00,14.689301,12.902679,101124.2,0.0,0.85491943,1.7575516,0.00011014938,89.03684
2017-04-20 09:00:00,14.161163,12.66507,101102.125,0.0,0.9375305,1.2684916,5.340576e-05,90.70778
2017-04-20 10:00:00,12.546112,11.555817,101111.3,0.0,0.5125122,1.0172757,0.00016307831,93.683784
2017-04-20 11:00:00,12.528229,11.422638,101110.97,0.0,0.5536804,1.0300277,0.00026369095,92.97084
2017-04-20 12:00:00,12.474945,11.5321045,101137.375,0.0,0.504364,1.2032468,0.00023412704,93.975
2017-04-20 13:00:00,12.606628,11.823334,101147.914,0.0,0.4399414,1.4204742,6.723404e-05,94.9765
2017-04-20 14:00:00,12.496887,11.723419,101172.375,10.595555,0.44754028,1.0816007,6.198883e-06,95.03399
2017-04-20 15:00:00,13.376953,10.368683,101224.14,115.73333,0.5924988,1.3446918,9.536743e-07,81.99756
2017-04-20 16:00:00,14.530518,10.0737,101264.08,344.03555,0.63742065,1.8884902,0.0,74.596306
2017-04-20 17:00:00,14.526154,9.10733,101333.7,490.16888,0.64056396,2.2932386,0.0,69.92761
2017-04-20 18:00:00,16.518982,8.863403,101320.25,739.4489,0.7905884,2.4724379,0.0,60.533398
2017-04-20 19:00:00,17.487762,8.477783,101299.81,813.7244,0.70062256,2.8658874,0.0,55.46097
2017-04-20 20:00:00,17.854584,8.421295,101278.53,907.1289,0.13867188,3.372392,0.0,53.985302
2017-04-20 21:00:00,18.58786,6.5725403,101247.15,950.64886,0.017486572,3.7162993,0.0,45.439713
2017-04-20 22:00:00,18.75113,8.110992,101208.664,900.2133,0.0,3.9753935,0.0,49.96725
2017-04-20 23:00:00,18.452637,8.652985,101175.3,775.07556,0.0,4.060119,0.0,52.816284
2017-04-21 00:00:00,18.187592,9.004791,101146.75,619.04,0.0,4.1493263,0.0,54.994312
2017-04-21 01:00:00,17.059418,8.965729,101128.61,413.3511,0.27624512,3.9464846,0.0,58.896626
2017-04-21 02:00:00,16.153015,8.936249,101114.984,205.38667,0.39935303,3.6777744,0.0,62.267395
2017-04-21 03:00:00,14.918671,11.624603,101076.83,33.99111,0.50875854,3.0623446,0.0,80.65601
2017-04-21 04:00:00,14.248199,11.8923645,101129.8,0.0,0.74560547,2.8161068,0.0,85.72853
2017-04-21 05:00:00,13.617218,11.406891,101165.08,0.0,0.80688477,2.5593593,0.0,86.49324
2017-04-21 06:00:00,13.405121,11.206329,101147.22,0.0,0.7574768,2.0417025,0.0,86.5386
2017-04-21 07:00:00,13.117493,11.023163,101081.72,0.0,0.40185547,1.5673149,0.0,87.11297
2017-04-21 08:00:00,13.017639,11.036957,101092.66,0.0,0.16192627,1.6479559,0.0,87.76377
2017-04-21 09:00:00,12.349152,10.715912,101024.53,0.0,0.16125488,1.2890679,0.0,89.75886
2017-04-21 10:00:00,10.955902,10.181793,100941.58,0.0,0.1519165,0.7709412,0.0,94.97103
2017-04-21 11:00:00,10.338837,9.582245,100914.19,0.0,0.24563599,1.1153717,0.0,95.05894
2017-04-21 12:00:00,10.170685,9.569458,100877.695,0.0,0.14437866,0.6319202,0.0,96.05049
2017-04-21 13:00:00,10.475311,9.8480835,100821.09,0.0,0.38256836,0.66624665,0.0,95.89251
2017-04-21 14:00:00,11.466217,10.375427,100795.97,13.582222,0.8343811,0.46423373,0.0,93.00603
2017-04-21 15:00:00,13.1909485,9.413574,100784.99,141.51111,0.15252686,0.41192904,0.0,77.85303
2017-04-21 16:00:00,15.059113,9.706696,100773.33,357.65332,0.26565552,0.49641675,0.0,70.34467
2017-04-21 17:00:00,17.810211,8.867828,100775.61,578.18665,0.16247559,1.0178326,0.0,55.797386
2017-04-21 18:00:00,19.4292,7.614044,100697.766,757.0489,0.08377075,1.8211931,0.0,46.303406
2017-04-21 19:00:00,20.667877,7.8497314,100668.766,885.92,0.020629883,1.9861045,0.0,43.577908
2017-04-21 20:00:00,21.551788,8.504913,100606.36,957.49335,0.0,1.970291,0.0,43.15244
2017-04-21 21:00:00,22.5029,6.5234985,100553.69,964.6578,0.007507324,2.2452173,0.0,35.565945
2017-04-21 22:00:00,22.453888,7.859314,100486.125,907.39557,0.24691772,2.9213657,0.0,39.088337
2017-04-21 23:00:00,21.958282,8.512085,100391.58,791.80444,0.70251465,2.8744993,0.0,42.11344
2017-04-22 00:00:00,21.404266,8.885498,100322.92,625.5289,0.8999939,2.658789,0.0,44.679962
2017-04-22 01:00:00,21.038605,9.389679,100279.95,415.59113,0.941864,2.4035513,0.0,47.274178
2017-04-22 02:00:00,19.835663,9.388397,100263.95,210.43556,0.0925293,2.3283646,0.0,50.915974
2017-04-22 03:00:00,16.718475,11.744843,100281.39,36.32,0.01751709,2.1273632,0.0,72.45594
2017-04-22 04:00:00,15.662384,12.122253,100285.08,0.0,0.014373779,1.1663365,0.0,79.45941
2017-04-22 05:00:00,14.807098,11.1922,100294.4,0.0,0.030639648,1.2438823,0.0,78.9451
2017-04-22 06:00:00,14.330322,11.469391,100345.97,0.0,0.0056152344,1.6095436,0.0,82.923676
2017-04-22 07:00:00,15.004425,10.108307,100323.67,0.0,0.0,1.3384626,0.0,72.518135
2017-04-22 08:00:00,14.140961,9.611359,100340.31,0.0,0.0,1.0556693,0.0,74.16626
2017-04-22 09:00:00,13.147675,10.271637,100306.125,0.0,0.0,0.70746017,0.0,82.69607
2017-04-22 10:00:00,10.1093445,8.532501,100310.64,0.0,0.0,1.3415679,0.0,89.929375
2017-04-22 11:00:00,10.922546,8.963287,100348.08,0.0,0.31381226,1.4162272,0.0,87.70053
2017-04-22 12:00:00,12.412537,9.794678,100348.41,0.0,0.67251587,1.1591179,0.0,84.04939
2017-04-22 13:00:00,12.347046,9.569916,100363.91,0.0,0.62753296,1.1585734,0.0,83.14795
2017-04-22 14:00:00,11.990448,8.871613,100372.03,13.653334,0.9706421,1.125907,0.0,81.211
2017-04-22 15:00:00,13.612518,8.204315,100422.48,130.82666,0.9906311,0.74558985,0.0,69.79815
2017-04-22 16:00:00,15.406708,5.167511,100382.53,228.85333,1.0,0.7317919,0.0,50.44492
2017-04-22 17:00:00,16.709442,6.830658,100392.1,340.76443,0.99749756,1.3426256,0.0,52.072556
2017-04-22 18:00:00,16.92517,9.340607,100413.78,491.1111,0.9949951,1.7835532,0.0,60.920177
2017-04-22 19:00:00,17.90866,11.071991,100391.195,436.37332,0.99749756,2.1437006,0.0,64.27316
2017-04-22 20:00:00,18.0307,11.38504,100413.95,408.0,0.9906311,2.7025294,0.0,65.119255
2017-04-22 21:00:00,17.955322,11.974274,100368.625,416.90668,0.99749756,3.0910902,0.0,68.02652
2017-04-22 22:00:00,17.167603,12.116241,100364.49,377.17334,1.0,3.4698727,0.0,72.16693
2017-04-22 23:00:00,17.150421,12.675812,100312.06,316.8889,1.0,2.9307365,0.0,74.95122
2017-04-23 00:00:00,16.625885,12.670776,100265.09,269.2622,1.0,2.9608572,0.0,77.46249
2017-04-23 01:00:00,16.400238,12.293854,100271.93,183.04,0.98812866,3.4883974,0.0,76.66189
2017-04-23 02:00:00,15.998016,11.865753,100283.18,75.78667,0.3586731,3.5645525,0.0,76.46756
2017-04-23 03:00:00,14.134735,12.867523,100286.12,27.466667,0.05496216,3.0116897,0.0,92.07654
2017-04-23 04:00:00,13.960175,12.74411,100339.16,0.0,0.04876709,2.844171,0.0,92.37535
2017-04-23 05:00:00,13.851624,12.609497,100351.945,0.0,0.119384766,3.090409,0.0,92.211395
2017-04-23 06:00:00,13.556152,12.3064575,100360.09,0.0,0.2999878,3.377871,0.0,92.14829
2017-04-23 07:00:00,13.008575,11.53775,100305.81,0.0,0.20065308,3.3054695,0.0,90.77953
2017-04-23 08:00:00,12.736755,11.154205,100284.67,0.0,0.96813965,2.9832425,0.0,90.0908
2017-04-23 09:00:00,12.707855,10.552216,100270.195,0.0,0.97875977,3.065182,0.0,86.71928
2017-04-23 10:00:00,12.098267,9.2751465,100228.516,0.0,0.97250366,3.0455527,0.0,82.86095
2017-04-23 11:00:00,11.950317,9.034821,100243.81,0.0,0.8437195,3.4947944,0.0,82.32828
2017-04-23 12:00:00,12.170929,9.277313,100262.516,0.0,0.5055847,3.6353204,0.0,82.4775
2017-04-23 13:00:00,12.272064,9.510223,100256.62,0.0,0.32315063,3.0269144,0.0,83.2244
2017-04-23 14:00:00,12.320038,9.632965,100299.37,15.822222,0.058746338,3.0295513,0.0,83.64919
2017-04-23 15:00:00,13.558807,7.495758,100320.02,160.96,0.025604248,3.511731,0.0,66.74289
2017-04-23 16:00:00,14.5972595,8.169586,100323.484,347.27112,0.05505371,3.9570305,0.0,65.32665
2017-04-23 17:00:00,15.871429,8.628998,100334.73,572.1778,0.03125,4.209389,0.0,62.09447
2017-04-23 18:00:00,16.517242,9.011444,100357.95,718.7378,0.7644043,4.651394,0.0,61.148273
2017-04-23 19:00:00,16.747711,9.293304,100412.14,863.6445,0.95751953,5.1747913,0.0,61.41451
2017-04-23 20:00:00,17.090942,9.635468,100427.3,938.7022,0.8312988,5.5741677,0.0,61.490128
2017-04-23 21:00:00,17.406403,9.289673,100429.61,942.3289,0.9981384,5.628153,0.0,58.88947
2017-04-23 22:00:00,16.633026,10.119598,100426.03,808.64,0.95874023,5.6616344,0.0,65.39118
2017-04-23 23:00:00,16.226227,10.067963,100365.03,628.23114,0.95373535,5.242464,0.0,66.87592
2017-04-24 00:00:00,15.78894,9.6874695,100356.57,580.0,0.6750488,5.377822,0.0,67.03918
2017-04-24 01:00:00,15.321075,9.149689,100354.625,426.7378,0.10003662,5.123841,0.0,66.62642
2017-04-24 02:00:00,14.745758,8.845123,100343.81,212.28444,0.19937134,4.6824093,0.0,67.73357
2017-04-24 03:00:00,13.067505,9.930054,100342.2,38.15111,0.8562317,3.9739692,0.0,81.25222
2017-04-24 04:00:00,12.842194,9.753876,100354.445,0.0,0.7062073,3.1729746,0.0,81.490585
2017-04-24 05:00:00,12.6137085,9.549805,100414.484,0.0,1.0,3.411299,0.0,81.59439
2017-04-24 06:00:00,12.7170105,9.873505,100394.984,0.0,1.0,3.4405122,1.5258789e-05,82.82332
2017-04-24 07:00:00,12.387665,9.454742,100385.43,0.0,0.9918518,4.0671062,0.0,82.286804
2017-04-24 08:00:00,12.074066,9.103607,100366.234,0.0,1.0,3.4296546,0.0,82.039314
2017-04-24 09:00:00,12.156403,9.920258,100395.945,0.0,1.0,3.8966718,0.0,86.19967
2017-04-24 10:00:00,11.625183,8.825989,100352.75,0.0,1.0,3.1797013,0.0,82.9368
2017-04-24 11:00:00,12.115692,8.9878235,100382.53,0.0,1.0,3.7504375,0.0,81.17814
2017-04-24 12:00:00,12.249664,8.710724,100403.9,0.0,1.0,3.1683524,0.0,78.97301
2017-04-24 13:00:00,12.332733,9.287811,100432.28,0.0,1.0,2.2461314,0.0,81.66201
2017-04-24 14:00:00,12.519379,9.447937,100438.11,8.942223,1.0,1.4351593,0.0,81.54075
2017-04-24 15:00:00,13.193481,8.055084,100470.4,73.742226,1.0,1.6438401,0.0,71.00745
2017-04-24 16:00:00,13.774231,8.410614,100514.336,175.82222,1.0,2.6218076,5.722046e-06,70.04149
2017-04-24 17:00:00,14.2065735,8.732941,100580.74,260.35556,1.0,3.830754,0.0001039505,69.60646
2017-04-24 18:00:00,14.788147,9.622406,100585.19,244.7111,1.0,3.7437658,0.0001745224,71.17959
2017-04-24 19:00:00,15.6719055,10.436066,100591.06,211.82222,1.0,4.007726,8.392334e-05,71.013374
2017-04-24 20:00:00,15.49353,10.513763,100571.75,287.37778,1.0,4.028164,0.00010919571,72.20324
2017-04-24 21:00:00,16.086151,10.738617,100533.5,270.84445,1.0,4.419768,0.00017738342,70.565346
2017-04-24 22:00:00,15.685822,12.484833,100542.53,211.87555,1.0,4.123403,7.867813e-05,81.2545
2017-04-24 23:00:00,15.2378845,12.561005,100491.52,187.25333,0.9831238,4.131044,0.00011253357,84.04277
2017-04-25 00:00:00,15.310089,12.457428,100474.31,253.61778,0.9981384,4.3949,8.106232e-05,83.086876
2017-04-25 01:00:00,14.749725,11.477966,100449.14,246.13333,0.97875977,4.4056945,2.861023e-06,80.75233
2017-04-25 02:00:00,14.590912,10.963348,100467.08,123.59111,0.9069214,4.325197,0.0,78.84721
2017-04-25 03:00:00,13.649628,10.973663,100445.016,32.835556,0.97750854,3.7988338,0.0,83.866066
2017-04-25 04:00:00,13.134918,10.637787,100479.01,0.0,0.9918518,3.7272668,0.0,84.81165
2017-04-25 05:00:00,12.921234,10.163544,100534.16,0.0,0.8874817,3.9870546,0.0,83.32525
2017-04-25 06:00:00,12.907227,10.062286,100510.86,0.0,1.0,3.9620662,0.0,82.83864
2017-04-25 07:00:00,12.624359,9.4878845,100514.91,0.0,0.90060425,4.096401,9.536743e-07,81.19878
2017-04-25 08:00:00,12.324554,9.025177,100541.88,0.0,0.9968567,4.4101353,1.9073486e-06,80.272285
2017-04-25 09:00:00,12.080048,8.842743,100521.625,0.0,0.90567017,4.4015274,4.7683716e-07,80.57563
2017-04-25 10:00:00,11.266144,8.981903,100478.47,0.0,0.6706543,3.0379891,0.0,85.830666
2017-04-25 11:00:00,11.748199,9.484955,100463.81,0.0,0.52941895,3.037637,0.0,86.001724
2017-04-25 12:00:00,11.811584,9.600372,100467.16,0.0,0.97314453,2.6762147,9.536743e-07,86.309364
2017-04-25 13:00:00,11.933319,9.585205,100425.21,0.0,0.984375,1.9534541,0.0,85.53174
2017-04-25 14:00:00,12.140472,10.022766,100477.31,17.76,0.9981384,1.8586748,0.0,86.884544
2017-04-25 15:00:00,13.473145,8.512329,100493.234,126.45333,0.98999023,1.8810315,0.0,71.921585
2017-04-25 16:00:00,13.813934,8.138214,100594.87,301.0489,0.99935913,3.1782079,0.0,68.58117
2017-04-25 17:00:00,14.764374,8.042664,100634.11,539.2178,0.9906311,3.620444,0.0,64.070656
2017-04-25 18:00:00,15.582825,8.048279,100655.66,695.73334,0.9906311,4.037134,0.0,60.809097
2017-04-25 19:00:00,16.098236,8.385223,100664.34,772.5511,0.9968872,4.209736,0.0,60.19853
2017-04-25 20:00:00,17.026947,9.573639,100645.12,850.68445,1.0,4.311325,0.0,61.484165
2017-04-25 21:00:00,16.763214,9.228699,100630.31,843.1289,1.0,4.587866,0.0,61.087685
2017-04-25 22:00:00,17.202911,10.920807,100600.125,775.36,1.0,4.8383484,0.0,66.53024
2017-04-25 23:00:00,16.746185,10.407562,100576.41,653.7778,0.9874878,4.733782,0.0,66.18382
2017-04-26 00:00:00,16.24414,10.667999,100557.96,496.53333,0.9750061,4.824229,0.0,69.5298
2017-04-26 01:00:00,15.821686,10.686371,100579.16,357.84888,0.97750854,4.478179,9.536743e-07,71.5191
2017-04-26 02:00:00,15.234467,10.473785,100595.94,185.95555,1.0,4.266694,9.536743e-07,73.218834
2017-04-26 03:00:00,14.173187,12.4652405,100607.0,34.70222,1.0,3.4852233,0.0,89.45638
2017-04-26 04:00:00,13.969086,12.596649,100617.55,0.0,1.0,2.7063618,0.0,91.43363
2017-04-26 05:00:00,13.976166,12.655975,100632.266,0.0,0.96313477,2.0238676,0.0,91.747925
2017-04-26 06:00:00,14.1145935,12.749725,100655.35,0.0,0.99935913,2.1881998,0.0,91.48826
2017-04-26 07:00:00,13.98645,12.600861,100652.65,0.0,1.0,2.5601554,0.0,91.35589
2017-04-26 08:00:00,13.851593,12.534027,100594.77,0.0,1.0,2.221877,5.722046e-06,91.756065
2017-04-26 09:00:00,13.979279,13.529266,100556.97,0.0,1.0,2.021263,1.04904175e-05,97.11665
2017-04-26 10:00:00,13.680878,13.36264,100506.89,0.0,1.0,1.4708197,5.865097e-05,97.948586
2017-04-26 11:00:00,13.805725,13.487335,100408.34,0.0,1.0,1.5533571,7.390976e-05,97.949585
2017-04-26 12:00:00,14.103455,13.568817,100453.11,0.0,1.0,1.9016778,7.915497e-05,96.585945
2017-04-26 13:00:00,14.136993,13.582611,100451.58,0.0,1.0,1.2083255,4.005432e-05,96.462746
2017-04-26 14:00:00,14.063263,13.456604,100498.56,4.5866666,1.0,1.3548608,5.2452087e-05,96.13277
2017-04-26 15:00:00,14.623352,13.3697815,100486.37,33.333332,1.0,1.3907762,5.722046e-06,92.187325
2017-04-26 16:00:00,14.960205,13.751312,100470.195,65.6,1.0,1.6095623,1.6212463e-05,92.4752
2017-04-26 17:00:00,15.25058,13.793518,100495.5,141.2089,1.0,1.9190241,4.2915344e-06,91.012985
2017-04-26 18:00:00,15.655487,14.027557,100514.43,223.2889,1.0,2.6206074,5.2452087e-06,90.036865
2017-04-26 19:00:00,16.19632,14.562592,100553.88,157.68889,1.0,3.1327584,8.392334e-05,90.04256
2017-04-26 20:00:00,16.605927,14.673737,100529.98,158.57777,1.0,3.1741016,2.9563904e-05,88.35558
2017-04-26 21:00:00,16.670013,13.927338,100523.95,297.5111,1.0,3.8149774,1.0967255e-05,83.84528
2017-04-26 22:00:00,16.56018,14.637909,100510.08,219.27112,1.0,4.141957,0.00015974045,88.408325
2017-04-26 23:00:00,17.09143,14.755035,100423.87,212.51555,1.0,3.867537,4.720688e-05,86.12474
2017-04-27 00:00:00,15.776154,13.354919,100418.99,185.52888,1.0,4.1903567,2.527237e-05,85.51909
2017-04-27 01:00:00,15.582886,13.051056,100405.234,119.76889,1.0,4.0645137,1.6212463e-05,84.88339
2017-04-27 02:00:00,15.135651,12.421814,100377.36,70.96889,1.0,3.859907,1.4305115e-06,83.82741
2017-04-27 03:00:00,14.001678,12.220245,100396.83,11.52,1.0,4.141547,9.536743e-07,89.011765
2017-04-27 04:00:00,14.058014,12.486603,100419.84,0.0,0.9924927,3.955526,4.7683716e-06,90.25337
2017-04-27 05:00:00,13.564056,12.213928,100437.516,0.0,0.8274536,4.311908,7.6293945e-06,91.54202
2017-04-27 06:00:00,13.604279,12.138824,100450.625,0.0,0.7337036,4.2470207,1.2397766e-05,90.85241
2017-04-27 07:00:00,12.92511,11.3967285,100412.92,0.0,0.94747925,3.85458,2.1457672e-05,90.42853
2017-04-27 08:00:00,12.612213,11.036194,100439.836,0.0,1.0,4.1695166,2.3841858e-06,90.12072
2017-04-27 09:00:00,12.277496,10.946991,100414.266,0.0,0.8649597,4.250612,2.0503998e-05,91.57961
2017-04-27 10:00:00,11.299896,10.337311,100403.7,0.0,0.65493774,3.0089915,8.583069e-06,93.797165
2017-04-27 11:00:00,11.225372,10.047485,100362.086,0.0,0.5048828,2.536921,9.536743e-07,92.45291
2017-04-27 12:00:00,11.079285,9.969452,100347.75,0.0,0.5423889,1.663063,3.8146973e-06,92.86697
2017-04-27 13:00:00,11.110107,10.048004,100333.266,0.0,0.4973755,1.4874424,9.536743e-07,93.16585
2017-04-27 14:00:00,11.024933,9.966278,100404.86,20.195555,0.84994507,1.7020698,0.0,93.182945
2017-04-27 15:00:00,12.476166,8.29541,100440.92,169.51111,0.9324951,1.8479182,0.0,75.64723
2017-04-27 16:00:00,13.399872,8.13916,100469.67,374.00888,0.86624146,2.0064979,0.0,70.45915
2017-04-27 17:00:00,15.032166,8.594696,100492.92,576.23114,0.9593506,2.6696632,0.0,65.37804
2017-04-27 18:00:00,16.158417,8.986694,100518.2,706.08,0.8762512,3.1798863,0.0,62.458263
2017-04-27 19:00:00,17.072174,9.536346,100517.97,803.04,0.647522,3.7068899,0.0,61.15476
2017-04-27 20:00:00,18.06961,8.9765625,100488.59,946.6311,0.0,4.176546,0.0,55.298218
2017-04-27 21:00:00,18.73767,6.472412,100441.266,952.33777,0.1487732,4.5802298,0.0,44.706367
2017-04-27 22:00:00,18.154694,9.1137085,100405.05,895.23553,0.8449707,4.532648,0.0,55.514492
2017-04-27 23:00:00,17.46933,8.9704895,100347.61,765.2978,0.9200134,4.547363,0.0,57.407074
2017-04-28 00:00:00,16.81247,8.991119,100314.5,596.44446,0.88253784,4.8787804,0.0,59.929146
2017-04-28 01:00:00,16.207489,8.636597,100345.82,426.61334,0.80255127,4.9666433,0.0,60.807045
2017-04-28 02:00:00,15.431366,7.9044495,100307.61,220.5689,0.12194824,3.9354632,0.0,60.80475
2017-04-28 03:00:00,13.775177,8.7447815,100283.33,44.56889,0.0093688965,3.4262261,0.0,71.64
2017-04-28 04:00:00,13.021942,8.832703,100351.91,0.0,0.011260986,3.8885605,0.0,75.694374
2017-04-28 05:00:00,12.923126,9.009033,100395.11,0.0,0.20629883,4.053985,0.0,77.0978
2017-04-28 06:00:00,12.864288,9.3203125,100384.33,0.0,0.15444946,4.1636205,0.0,79.03616
2017-04-28 07:00:00,12.005341,8.428711,100371.234,0.0,0.016906738,3.982742,0.0,78.73568
2017-04-28 08:00:00,11.375275,7.660309,100350.72,0.0,0.024993896,3.8785908,0.0,77.90375
2017-04-28 09:00:00,11.141449,7.375702,100366.51,0.0,0.008758545,3.7593732,0.0,77.59796
2017-04-28 10:00:00,10.343079,8.132263,100370.09,0.0,0.007507324,2.424651,0.0,86.163704
2017-04-28 11:00:00,9.897705,7.9643555,100360.42,0.0,0.00064086914,2.3330202,0.0,87.76152
2017-04-28 12:00:00,9.823944,7.8286133,100362.65,0.0,0.0,2.3880954,0.0,87.38521
2017-04-28 13:00:00,9.781097,7.6528625,100392.78,0.0,0.19378662,2.5120213,0.0,86.59303
2017-04-28 14:00:00,9.782257,7.496338,100429.75,23.946667,0.34371948,2.4417288,0.0,85.66618
2017-04-28 15:00:00,12.4953,6.455261,100488.82,184.94221,0.59310913,3.0283382,0.0,66.62135
2017-04-28 16:00:00,14.199432,5.0930176,100522.54,401.17334,0.96813965,3.3757873,0.0,54.247215
2017-04-28 17:00:00,16.210083,4.2069397,100535.67,606.61334,0.8200989,3.622752,0.0,44.807575
2017-04-28 18:00:00,17.76233,3.3192139,100523.766,789.35114,0.73254395,3.8119738,0.0,38.147987
2017-04-28 19:00:00,19.131622,3.5901184,100501.984,897.28,0.86691284,4.0318737,0.0,35.684704
2017-04-28 20:00:00,19.84024,3.5191956,100471.984,976.6222,0.59503174,4.3523893,0.0,33.975445
2017-04-28 21:00:00,20.645905,3.5161133,100426.64,985.42224,0.2749939,4.701611,0.0,32.316772
2017-04-28 22:00:00,20.149384,5.7879333,100376.0,928.81775,0.018096924,5.171653,0.0,39.056194
2017-04-28 23:00:00,19.869171,6.373352,100299.19,811.80444,0.0,5.2272477,0.0,41.38018
2017-04-29 00:00:00,19.435425,6.854004,100279.11,645.38666,0.0,5.0610223,0.0,43.939384
2017-04-29 01:00:00,18.767548,6.645172,100267.39,444.42667,0.014984131,4.7118144,0.0,45.156513
2017-04-29 02:00:00,17.72934,7.6784363,100279.5,230.56,0.0,3.9534245,0.0,51.732845
2017-04-29 03:00:00,15.923767,9.1409,100285.484,48.124443,0.0,3.4253905,0.0,64.06435
2017-04-29 04:00:00,15.188477,9.294464,100346.36,0.0,0.0,3.1828487,0.0,67.85517
2017-04-29 05:00:00,14.923187,8.790985,100375.984,0.0,0.0,2.8074625,0.0,66.71859
2017-04-29 06:00:00,14.85376,7.3039246,100397.16,0.0,0.0,2.6648269,0.0,60.572445
2017-04-29 07:00:00,14.4711,6.234833,100410.45,0.0,0.0,2.72094,0.0,57.691105
2017-04-29 08:00:00,14.189178,5.401764,100424.33,0.0,0.0,2.7012475,0.0,55.461308
2017-04-29 09:00:00,13.935791,4.500702,100436.125,0.0,0.0,2.5332932,0.0,52.94814
2017-04-29 10:00:00,12.787018,5.9444885,100461.516,0.0,0.0,2.217214,0.0,63.09534
2017-04-29 11:00:00,12.366455,5.2118835,100468.08,0.0,0.0,2.2449641,0.0,61.647533
2017-04-29 12:00:00,12.359833,4.4899597,100506.45,0.0,0.0,2.9889119,0.0,58.645294
2017-04-29 13:00:00,12.180206,4.1095886,100510.375,0.0,0.0,3.1188843,0.0,57.78151
2017-04-29 14:00:00,12.604279,3.3235168,100568.92,26.275555,0.0,2.4948702,0.0,53.16834
2017-04-29 15:00:00,16.436493,1.2923279,100629.89,190.86223,0.0,2.3300843,0.0,35.914207
2017-04-29 16:00:00,18.89682,-0.009460449,100671.72,405.6889,0.0,2.3329318,0.0,27.993082
2017-04-29 17:00:00,21.016907,0.26507568,100703.82,612.8,0.0,3.0215719,0.0,25.038988
2017-04-29 18:00:00,22.158722,0.35525513,100730.0,787.84,0.0,3.1640089,0.0,23.501144
2017-04-29 19:00:00,23.140656,0.576416,100726.516,911.9644,0.0,3.1098452,0.0,22.497244
2017-04-29 20:00:00,24.151276,0.9944153,100691.01,980.1422,0.0,2.869371,0.0,21.815075
2017-04-29 21:00:00,24.41269,0.68933105,100639.06,985.0489,0.0,3.102222,0.0,21.008537
2017-04-29 22:00:00,23.65857,4.38855,100602.375,926.8089,0.0,3.2838676,0.0,28.594244
2017-04-29 23:00:00,22.850708,5.706085,100600.04,810.20447,0.0,3.5396893,0.0,32.91143
2017-04-30 00:00:00,22.03955,6.7228394,100590.42,644.7111,0.0,3.2663374,0.0,37.08909
2017-04-30 01:00:00,21.013428,7.3921204,100588.86,444.72888,0.0,2.7396443,0.0,41.34909
2017-04-30 02:00:00,19.80371,7.8065186,100562.984,231.76889,0.0,2.0837939,0.0,45.835674
2017-04-30 03:00:00,16.584808,11.381165,100588.375,48.515556,0.0,1.5015713,0.0,71.33764
2017-04-30 04:00:00,15.318268,12.008514,100672.234,0.0,0.0,1.3422705,0.0,80.62648
2017-04-30 05:00:00,15.079742,12.559204,100713.336,0.0,0.0,1.236168,0.0,84.89182
2017-04-30 06:00:00,13.905304,11.577209,100751.16,0.0,0.0,1.4016308,0.0,85.850555
2017-04-30 07:00:00,13.184479,10.826569,100718.59,0.0,0.0,1.4074336,0.0,85.60665
2017-04-30 08:00:00,12.105011,9.610687,100720.18,0.0,0.0,1.4026437,0.0,84.71432
2017-04-30 09:00:00,11.5816345,9.705963,100702.12,0.0,0.0,1.4040374,0.0,88.25403
2017-04-30 10:00:00,10.581879,9.06485,100689.98,0.0,0.007507324,1.0540884,0.0,90.32874
2017-04-30 11:00:00,10.171631,8.663116,100696.53,0.0,0.00064086914,1.1470368,0.0,90.35096
2017-04-30 12:00:00,10.187103,8.571014,100689.234,0.0,0.016235352,0.94510275,0.0,89.69658
2017-04-30 13:00:00,9.955963,8.32016,100710.41,0.0,0.028137207,1.3389281,0.0,89.558846
2017-04-30 14:00:00,10.210297,8.584747,100717.22,25.315556,0.008148193,0.67389184,0.0,89.64094
2017-04-30 15:00:00,12.798065,7.249359,100766.39,188.97778,0.018737793,0.7476446,0.0,68.970894
2017-04-30 16:00:00,14.836792,8.639648,100783.25,398.24,0.0,0.72647953,0.0,66.40787
2017-04-30 17:00:00,16.534027,9.323883,100813.266,601.20886,0.02999878,0.8339894,0.0,62.382874
2017-04-30 18:00:00,18.218536,9.598724,100808.61,770.0978,0.0,0.98616457,0.0,57.12674
2017-04-30 19:00:00,20.128387,10.414856,100771.64,890.75555,0.0,1.4996855,0.0,53.56062
2017-04-30 20:00:00,21.529877,10.727814,100755.42,958.1689,0.0,2.4979808,0.0,50.167553
2017-04-30 21:00:00,22.970123,9.328918,100714.25,963.87555,0.0,3.5268044,0.0,41.845325
2017-04-30 22:00:00,22.644257,10.423065,100679.96,907.4489,0.0,3.6813164,0.0,45.928246
2017-04-30 23:00:00,22.019318,11.234589,100628.47,794.11554,0.0,3.9153488,0.0,50.35573
2017-05-01 00:00:00,20.879303,11.6814575,100591.67,632.2133,0.0,3.7604437,0.0,55.62129
2017-05-01 01:00:00,19.936005,12.116974,100556.71,436.96,0.0,2.938558,0.0,60.677254
2017-05-01 02:00:00,18.826385,11.600952,100506.875,229.31555,0.0,2.2138047,0.0,62.84092
2017-05-01 03:00:00,16.283234,13.164612,100507.03,50.34667,0.0,1.7615724,0.0,81.77136
2017-05-01 04:00:00,14.919922,12.251556,100536.51,0.0,0.007507324,1.4248114,0.0,84.05366
2017-05-01 05:00:00,14.576233,12.069092,100569.21,0.0,0.010009766,0.92776716,0.0,84.91216
2017-05-01 06:00:00,14.477966,12.228546,100563.39,0.0,0.023773193,0.99279404,0.0,86.3549
2017-05-01 07:00:00,14.163666,11.569061,100527.984,0.0,0.023132324,1.0631148,0.0,84.37814
2017-05-01 08:00:00,14.385284,11.284393,100525.28,0.0,0.018737793,1.140268,0.0,81.623
2017-05-01 09:00:00,13.823914,11.30661,100515.95,0.0,0.03250122,1.4042126,0.0,84.77338
2017-05-01 10:00:00,12.000458,10.520477,100496.555,0.0,0.008758545,0.04523768,0.0,90.65456
2017-05-01 11:00:00,12.1633,10.227936,100479.016,0.0,0.014984131,0.38327995,0.0,87.95284
2017-05-01 12:00:00,11.804901,9.9305725,100470.16,0.0,0.0,0.9985665,0.0,88.28132
2017-05-01 13:00:00,11.459747,9.771332,100484.33,0.0,0.00064086914,0.8599811,0.0,89.35964
2017-05-01 14:00:00,12.109833,10.473846,100491.67,28.266666,0.0,0.79768527,0.0,89.72418
2017-05-01 15:00:00,14.967438,9.742767,100532.69,188.72888,0.0,0.79953074,0.0,70.93256
2017-05-01 16:00:00,17.38321,9.339874,100529.17,398.00888,0.0,1.1790689,0.0,59.175503
2017-05-01 17:00:00,20.48172,8.898987,100503.92,601.70667,0.0,1.9079064,0.0,47.33257
2017-05-01 18:00:00,22.902496,8.148529,100501.0,773.0489,0.0,2.3845656,0.0,38.79354
2017-05-01 19:00:00,25.034302,8.37265,100441.664,895.25336,0.0,2.649155,0.0,34.64838
2017-05-01 20:00:00,26.615936,9.24472,100403.05,963.1644,0.0,3.2670383,0.0,33.460773
2017-05-01 21:00:00,27.087982,7.2292786,100349.31,967.6445,0.0,3.9923916,0.0,28.381672
2017-05-01 22:00:00,26.27707,11.12677,100302.89,909.5822,0.0,4.555056,0.0,38.714367
2017-05-01 23:00:00,25.15738,11.358643,100243.12,795.1644,0.0,4.616525,0.0,42.016197
2017-05-02 00:00:00,24.403656,12.1409,100185.195,633.10223,0.0,3.9960816,0.0,46.28292
2017-05-02 01:00:00,23.891937,12.446228,100137.68,437.84888,0.0,3.4130917,0.0,48.695503
2017-05-02 02:00:00,22.478058,11.225983,100112.984,229.40445,0.0,2.6972215,0.0,48.939903
2017-05-02 03:00:00,19.8284,12.903473,100100.95,51.057777,0.0,1.9390363,0.0,64.3203
2017-05-02 04:00:00,18.571808,12.260468,100124.29,0.0,0.0,1.8509176,0.0,66.688446
2017-05-02 05:00:00,18.302765,12.089783,100170.555,0.0,0.0,2.128444,0.0,67.06546
2017-05-02 06:00:00,17.944366,11.82489,100156.3,0.0,0.0,2.4553394,0.0,67.40597
2017-05-02 07:00:00,16.763336,10.886078,100163.234,0.0,0.0,2.6175172,0.0,68.253075
2017-05-02 08:00:00,15.984161,10.542267,100180.99,0.0,0.0,2.4701858,0.0,70.10357
2017-05-02 09:00:00,15.560394,11.247162,100160.51,0.0,0.014984131,2.098396,0.0,75.487114
2017-05-02 10:00:00,14.469757,10.639801,100150.06,0.0,0.082458496,2.0595462,0.0,77.77461
2017-05-02 11:00:00,14.226959,10.795441,100161.375,0.0,0.123046875,1.2567322,0.0,79.82922
2017-05-02 12:00:00,14.253113,11.346039,100153.766,0.0,0.31054688,1.5346793,0.0,82.66129
2017-05-02 13:00:00,14.26059,11.621582,100188.61,0.0,0.32061768,1.1469405,0.0,84.14166
2017-05-02 14:00:00,14.770966,12.073883,100237.766,28.817778,0.09375,1.3440135,0.0,83.87793
2017-05-02 15:00:00,17.142578,9.839691,100261.65,188.97778,0.021850586,1.4654313,0.0,62.134895
2017-05-02 16:00:00,18.729492,10.3237,100267.74,394.84445,0.007507324,1.444041,0.0,58.078415
2017-05-02 17:00:00,20.973175,10.565033,100254.25,593.4044,0.0,1.3133253,0.0,51.351685
2017-05-02 18:00:00,23.276855,11.312592,100234.16,761.81335,0.0,1.6605589,0.0,46.894352
2017-05-02 19:00:00,24.762726,12.182953,100208.96,884.85333,0.0,2.357693,0.0,45.424175
2017-05-02 20:00:00,25.6185,13.227936,100165.03,950.1689,0.0,2.9297643,0.0,46.225834
2017-05-02 21:00:00,26.607025,13.208466,100101.82,954.9511,0.0,3.3373072,0.0,43.543297
2017-05-02 22:00:00,26.638855,14.177155,100081.66,899.3422,0.20062256,3.4802716,0.0,46.28824
2017-05-02 23:00:00,25.62381,14.159149,100057.84,787.0222,0.30752563,3.812519,0.0,49.096832
2017-05-03 00:00:00,24.523102,14.640198,100011.3,626.61334,0.17694092,3.7933164,0.0,54.085735
2017-05-03 01:00:00,22.79129,14.171967,100006.48,432.8,0.11004639,3.254786,0.0,58.246506
2017-05-03 02:00:00,21.322632,13.367645,99969.2,228.21333,0.009399414,2.355082,0.0,60.4614
2017-05-03 03:00:00,19.314545,15.628937,100011.42,52.142223,0.014984131,1.6073011,0.0,79.22711
2017-05-03 04:00:00,18.029297,14.82486,100063.72,0.0,0.0,1.1169424,0.0,81.539696
2017-05-03 05:00:00,17.712006,14.611267,100111.95,0.0,0.014984131,1.4231135,4.7683716e-07,82.046875
2017-05-03 06:00:00,17.310852,14.745636,100133.914,0.0,0.022491455,1.1908319,0.0,84.88519
2017-05-03 07:00:00,16.001923,13.744232,100103.38,0.0,0.030639648,1.0335234,0.0,86.45752
2017-05-03 08:00:00,15.333099,13.228851,100090.39,0.0,0.033111572,0.9511514,0.0,87.26241
2017-05-03 09:00:00,15.068451,13.605347,100068.14,0.0,0.10064697,0.89260924,0.0,90.965096
2017-05-03 10:00:00,14.122559,12.91452,100022.2,0.0,0.08444214,0.8994103,0.0,92.43314
2017-05-03 11:00:00,14.243195,13.184265,100020.875,0.0,0.06689453,1.0295975,0.0,93.34502
2017-05-03 12:00:00,15.083466,13.603699,100005.97,0.0,0.053771973,0.9743762,0.0,90.8675
2017-05-03 13:00:00,15.336029,13.896606,99999.586,0.0,0.03186035,1.331045,0.0,91.12299
2017-05-03 14:00:00,15.239624,14.192657,100062.1,31.164444,0.01876831,0.8757824,0.0,93.466995
2017-05-03 15:00:00,18.017242,13.75,100080.86,192.51555,0.007507324,0.8013323,0.0,76.11575
2017-05-03 16:00:00,20.051727,13.29007,100094.766,399.52,0.0,0.4474919,0.0,65.05888
2017-05-03 17:00:00,22.43814,13.821472,100111.516,600.12445,0.0,0.4999136,0.0,58.17154
2017-05-03 18:00:00,24.878784,14.9096985,100107.41,771.36,0.0,0.9354812,0.0,53.875645
2017-05-03 19:00:00,26.601715,15.674103,100093.26,886.0089,0.0,1.379759,0.0,51.086594
2017-05-03 20:00:00,27.512634,16.412598,100059.484,950.57776,0.0,1.7595155,0.0,50.762062
2017-05-03 21:00:00,28.232391,14.91806,100051.78,895.5911,0.014984131,2.291163,0.0,44.227966
2017-05-03 22:00:00,27.924469,15.677277,100021.24,878.88,0.045013428,2.9181726,0.0,47.2803
2017-05-03 23:00:00,26.799286,15.69455,99981.93,720.37335,0.007507324,3.2607775,0.0,50.561375
2017-05-04 00:00:00,25.460815,15.275909,99965.59,607.91113,0.052520752,3.3220794,0.0,53.279335
2017-05-04 01:00:00,23.5029,14.188324,99962.16,428.05334,0.0,2.9248717,0.0,55.85064
2017-05-04 02:00:00,21.57544,13.089783,99945.31,220.90666,0.007507324,2.2422388,0.0,58.46164
2017-05-04 03:00:00,18.684845,15.776093,99959.53,48.8,0.014984131,1.778176,0.0,83.1846
2017-05-04 04:00:00,17.235107,15.153473,100013.28,0.0,0.008148193,1.2465245,0.0,87.56338
2017-05-04 05:00:00,16.864716,14.883026,100072.6,0.0,0.052520752,1.0411197,0.0,88.095985
2017-05-04 06:00:00,16.66275,14.862335,100094.47,0.0,0.056243896,1.2100642,0.0,89.11451
2017-05-04 07:00:00,15.7604065,13.78891,100112.41,0.0,0.21255493,1.2312608,0.0,88.05868
2017-05-04 08:00:00,15.569214,13.335175,100094.03,0.0,0.22879028,1.1264086,0.0,86.54872
2017-05-04 09:00:00,14.762787,13.428436,100067.74,0.0,0.31506348,1.042237,0.0,91.71145
2017-05-04 10:00:00,13.096588,11.861359,100019.695,0.0,0.7501831,0.8664119,0.0,92.209175
2017-05-04 11:00:00,13.084442,11.744049,100012.61,0.0,0.71517944,1.1872014,0.0,91.57053
2017-05-04 12:00:00,13.237305,11.950256,100016.11,0.0,0.596344,1.1465172,0.0,91.9029
2017-05-04 13:00:00,13.602844,12.251556,100030.91,0.0,0.63946533,1.084695,0.0,91.53748
2017-05-04 14:00:00,13.422211,12.070984,100040.14,27.84,0.804718,1.0239762,1.4305115e-06,91.52645
2017-05-04 15:00:00,14.351898,9.740173,100067.83,163.2889,0.3494568,0.9583704,0.0,73.795265
2017-05-04 16:00:00,15.869293,10.860443,100068.0,314.4711,0.1913147,1.3085605,0.0,72.13239
2017-05-04 17:00:00,17.396454,11.44516,100075.18,510.4711,0.14630127,1.739129,0.0,68.04681
2017-05-04 18:00:00,19.036987,12.077362,100097.69,648.12445,0.049987793,2.1392996,0.0,64.000374
2017-05-04 19:00:00,20.147858,12.250153,100084.41,827.04,0.052520752,2.5747306,0.0,60.41334
2017-05-04 20:00:00,20.499237,12.590179,100083.78,864.37335,0.105651855,3.226851,0.0,60.450596
2017-05-04 21:00:00,20.28061,11.686859,100056.66,839.55554,0.5295105,3.5350616,0.0,57.73483
2017-05-04 22:00:00,19.618347,12.023041,100029.86,846.36444,0.86016846,3.0250568,0.0,61.503826
2017-05-04 23:00:00,18.801239,11.799103,100021.586,649.0133,0.9637451,2.983055,0.0,63.769165
2017-05-05 00:00:00,18.2742,11.806244,99976.2,538.4533,0.87438965,2.7132137,0.0,65.94142
2017-05-05 01:00:00,17.615631,11.630951,99946.72,352.56888,0.72750854,2.2637885,9.536743e-07,67.9412
2017-05-05 02:00:00,16.226746,10.867676,99926.305,186.88,0.86001587,2.1297908,9.536743e-07,70.53813
2017-05-05 03:00:00,14.540619,11.888702,99958.17,43.2,0.9762573,2.5101945,0.0,84.101715
2017-05-05 04:00:00,13.775116,11.421661,100046.44,0.0,0.98999023,2.8205988,9.536743e-07,85.69324
2017-05-05 05:00:00,13.522766,11.499634,100141.805,0.0,0.9949951,3.0722494,4.7683716e-07,87.56266
2017-05-05 06:00:00,13.051971,11.360382,100161.97,0.0,0.9650574,2.5155241,9.536743e-07,89.465706
2017-05-05 07:00:00,12.883575,11.154938,100121.64,0.0,0.99935913,2.1846569,3.33786e-06,89.233
2017-05-05 08:00:00,12.854431,10.928436,100137.375,0.0,0.99935913,1.9236623,0.0,88.06871
2017-05-05 09:00:00,12.573486,11.46698,100098.92,0.0,1.0,2.232356,9.536743e-07,92.9676
2017-05-05 10:00:00,11.964111,10.491974,100100.55,0.0,0.9968872,2.322681,9.536743e-07,90.699455
2017-05-05 11:00:00,11.388092,9.802948,100085.78,0.0,0.9925232,2.967247,9.536743e-07,89.97516
2017-05-05 12:00:00,11.605377,9.993256,100089.82,0.0,1.0,3.0454066,9.536743e-07,89.829
2017-05-05 13:00:00,11.732758,10.067108,100056.3,0.0,1.0,3.0345957,9.536743e-07,89.51749
2017-05-05 14:00:00,11.814453,9.746063,100102.17,21.315556,0.99749756,2.9913363,0.0,87.1411
2017-05-05 15:00:00,12.774811,8.679474,100138.86,120.07111,0.9906006,3.0928934,0.0,76.135735
2017-05-05 16:00:00,13.269012,8.870575,100149.51,252.7111,0.9562683,3.489096,0.0,74.673355
2017-05-05 17:00:00,14.420319,9.4817505,100147.86,440.49777,0.9031677,4.1134963,0.0,72.2052
2017-05-05 18:00:00,15.569275,9.517242,100149.984,727.69775,0.7575989,4.7164526,0.0,67.21618
2017-05-05 19:00:00,16.652283,10.011108,100154.81,793.9378,0.18878174,5.3626685,0.0,64.838715
2017-05-05 20:00:00,17.131195,10.587555,100132.49,946.88,0.0625,5.700843,0.0,65.36699
2017-05-05 21:00:00,17.592194,9.727173,100106.984,935.5022,0.020019531,6.1716323,0.0,59.93938
2017-05-05 22:00:00,16.859833,9.844818,100076.21,900.5689,0.20755005,5.868835,0.0,63.28058
2017-05-05 23:00:00,16.369354,9.430237,100017.875,795.2889,0.17129517,5.9996624,0.0,63.493122
2017-05-06 00:00:00,15.606537,8.830231,99984.06,639.91113,0.24679565,6.067706,0.0,64.02193
2017-05-06 01:00:00,14.52771,8.165985,99970.516,444.0711,0.43499756,5.9874997,0.0,65.6048
2017-05-06 02:00:00,13.408325,7.7000427,99958.14,213.28,0.71810913,5.6394777,0.0,68.346664
2017-05-06 03:00:00,11.794983,8.344391,99951.086,50.506668,0.90249634,5.280544,0.0,79.3806
2017-05-06 04:00:00,11.527374,7.8940735,99956.83,0.0,0.9949951,5.3187823,0.0,78.36174
2017-05-06 05:00:00,11.778229,7.744995,99992.914,0.0,1.0,5.5335,0.0,76.29454
2017-05-06 06:00:00,11.468933,7.1443787,99955.02,0.0,0.988739,5.9913354,0.0,74.73961
2017-05-06 07:00:00,11.602783,7.053406,99940.164,0.0,0.9624939,6.3303714,0.0,73.620476
2017-05-06 08:00:00,10.911499,6.336426,99909.57,0.0,0.9144287,6.5142846,0.0,73.36671
2017-05-06 09:00:00,10.882599,6.37796,99852.81,0.0,0.7531433,6.829004,0.0,73.71853
2017-05-06 10:00:00,10.222351,6.2510986,99773.63,0.0,0.85684204,6.7639613,0.0,76.36484
2017-05-06 11:00:00,10.220734,6.333893,99775.08,0.0,0.62991333,6.981364,0.0,76.81037
2017-05-06 12:00:00,10.345978,6.5654297,99738.984,0.0,0.4111023,6.68183,4.7683716e-06,77.39472
2017-05-06 13:00:00,10.427032,6.707306,99714.55,0.0,0.34484863,6.046415,9.536743e-06,77.73182
2017-05-06 14:00:00,10.261993,6.263397,99737.984,33.45778,0.45181274,5.5621305,4.7683716e-06,76.22745
2017-05-06 15:00:00,11.477997,4.9657288,99701.82,166.68445,0.7731323,5.126486,9.536743e-07,64.25688
2017-05-06 16:00:00,12.509979,5.6646423,99664.914,347.73334,0.96258545,4.187405,0.0,63.019318
2017-05-06 17:00:00,13.289917,5.8937073,99635.625,486.8622,0.5874939,3.2554495,0.0,60.840523
2017-05-06 18:00:00,13.323273,5.3886414,99607.625,670.08,0.5331726,2.8542511,0.0,58.61964
2017-05-06 19:00:00,14.681671,5.793762,99585.53,694.61334,0.7224426,3.1402302,2.861023e-06,55.202984
2017-05-06 20:00:00,15.073883,5.77652,99587.945,592.9422,1.0,3.7871542,5.722046e-06,53.760822
2017-05-06 21:00:00,14.9791565,5.3089294,99543.484,446.16888,0.94747925,4.6044593,1.9073486e-06,52.36326
2017-05-06 22:00:00,15.440277,7.2136536,99559.85,437.74222,0.94747925,4.5282135,1.4305115e-06,57.97086
2017-05-06 23:00:00,15.474915,7.094696,99469.55,422.3111,0.6999817,3.6978471,1.9073486e-06,57.372875
2017-05-07 00:00:00,15.5383,7.887665,99422.734,373.44,0.15765381,3.056471,9.536743e-07,60.32012
2017-05-07 01:00:00,15.286346,8.049622,99389.29,328.0711,0.40454102,3.4846928,0.0,61.9828
2017-05-07 02:00:00,14.544891,8.0121765,99392.47,197.06667,0.66452026,3.3401988,0.0,64.85043
2017-05-07 03:00:00,13.411957,9.849945,99399.266,57.99111,0.47573853,3.2103465,0.0,79.02036
2017-05-07 04:00:00,12.967987,10.339264,99408.25,0.0,0.06121826,2.6358886,0.0,84.05192
2017-05-07 05:00:00,12.988678,10.779999,99455.45,0.0,0.12362671,1.9717096,0.0,86.44087
2017-05-07 06:00:00,12.701996,10.457611,99418.17,0.0,0.7711487,2.1268132,0.0,86.206985
2017-05-07 07:00:00,12.381073,9.547272,99401.16,0.0,0.988739,2.609129,5.2452087e-05,82.83608
2017-05-07 08:00:00,12.432343,9.240051,99380.25,0.0,0.8887329,2.7334166,8.392334e-05,80.86869
2017-05-07 09:00:00,11.760773,8.810516,99325.98,0.0,0.9413147,3.027548,4.005432e-05,82.11125
2017-05-07 10:00:00,11.377655,9.173859,99346.55,0.0,0.41992188,1.8201636,4.005432e-05,86.309006
2017-05-07 11:00:00,11.179443,8.801575,99336.67,0.0,0.3125,2.0726092,0.0,85.280495
2017-05-07 12:00:00,11.24765,8.542999,99328.42,0.0,0.14059448,1.5483022,0.0,83.42324
2017-05-07 13:00:00,11.324219,8.434418,99417.39,0.0,0.56500244,0.61456776,0.0,82.3925
2017-05-07 14:00:00,11.140106,8.228607,99449.75,36.284443,0.92123413,1.461298,0.0,82.24804
2017-05-07 15:00:00,12.358276,7.033142,99496.19,186.41777,0.99935913,1.2990795,0.0,69.94656
2017-05-07 16:00:00,13.777191,7.4634094,99533.72,355.84,0.7762451,0.9117802,0.0,65.656105
2017-05-07 17:00:00,15.477905,7.212311,99592.52,557.38666,0.07064819,0.2406366,0.0,57.82575
2017-05-07 18:00:00,17.347351,6.7033386,99615.35,758.4711,0.0093688965,0.72637916,0.0,49.573383
2017-05-07 19:00:00,18.961151,7.0696716,99624.65,890.3289,0.003112793,0.853081,0.0,45.932518
2017-05-07 20:00:00,20.194122,6.8416443,99637.625,958.82666,0.00064086914,0.8497807,0.0,41.88302
2017-05-07 21:00:00,20.79654,4.95343,99625.266,958.9511,0.0031433105,1.3999132,0.0,35.41266
2017-05-07 22:00:00,20.497742,7.5886536,99655.84,904.4622,0.051239014,3.5721476,0.0,43.26084
2017-05-07 23:00:00,19.532166,7.7049255,99668.0,798.0267,0.19171143,3.935237,0.0,46.293823
2017-05-08 00:00:00,18.789185,7.702057,99734.92,629.5111,0.8699951,4.591214,0.0,48.479916
2017-05-08 01:00:00,18.061249,8.054749,99798.9,433.84888,0.8668823,4.2374783,0.0,51.977848
2017-05-08 02:00:00,17.08371,8.123016,99831.78,218.45334,0.7593689,3.1646197,0.0,55.54355
2017-05-08 03:00:00,15.044708,10.183563,99896.125,58.666668,0.36868286,2.089184,0.0,72.69527
2017-05-08 04:00:00,14.191742,10.289825,99952.97,0.0,0.02999878,1.6736156,0.0,77.35943
2017-05-08 05:00:00,14.071808,10.57016,99992.945,0.0,0.06750488,1.5741382,0.0,79.43535
2017-05-08 06:00:00,13.867401,10.8750305,100018.766,0.0,0.56307983,1.6615121,0.0,82.14675
2017-05-08 07:00:00,13.589233,10.8845215,100018.09,0.0,0.48251343,1.7906294,0.0,83.69898
2017-05-08 08:00:00,12.623932,10.038727,100048.24,0.0,0.22937012,1.9123998,0.0,84.25758
2017-05-08 09:00:00,12.056854,10.474609,100026.29,0.0,0.06503296,2.085048,0.0,90.04243
2017-05-08 10:00:00,11.091797,9.872925,99997.81,0.0,0.75582886,2.1990542,0.0,92.19175
2017-05-08 11:00:00,11.028717,9.882202,100037.17,0.0,0.7677002,2.2053246,0.0,92.636246
2017-05-08 12:00:00,11.314606,10.167145,100062.15,0.0,0.7965393,2.1506836,0.0,92.64633
2017-05-08 13:00:00,11.233551,10.087189,100044.27,0.0,0.7996521,2.0670419,0.0,92.64862
2017-05-08 14:00:00,10.915253,9.437714,100078.36,33.76,0.7965393,1.6467717,0.0,90.59321
2017-05-08 15:00:00,12.731232,8.714569,100127.97,171.2889,0.76956177,1.4925522,0.0,76.534935
2017-05-08 16:00:00,13.936829,8.540039,100113.22,381.2089,0.0718689,1.4503726,0.0,69.91608
2017-05-08 17:00:00,15.689117,8.775604,100120.22,607.04,0.09753418,1.2256293,0.0,63.449383
2017-05-08 18:00:00,17.245514,8.998749,100103.3,762.93335,0.20315552,1.3267341,0.0,58.33643
2017-05-08 19:00:00,18.644073,9.239075,100058.71,904.5689,0.34936523,1.5114523,0.0,54.292953
2017-05-08 20:00:00,20.079254,9.964783,100017.18,971.7867,0.3624878,2.1460052,0.0,52.131374
2017-05-08 21:00:00,20.695251,8.56543,99985.53,977.86664,0.43624878,2.7859786,0.0,45.67116
2017-05-08 22:00:00,20.650848,9.76059,99941.234,915.5911,0.62628174,3.4696298,0.0,49.63804
2017-05-08 23:00:00,20.36679,9.588562,99914.984,809.6178,0.62805176,3.693955,0.0,49.936123
2017-05-09 00:00:00,19.704956,9.367462,99894.95,649.9378,0.4187622,3.844975,0.0,51.25853
2017-05-09 01:00:00,18.512573,9.258514,99880.8,456.46222,0.005645752,3.517974,0.0,54.813763
2017-05-09 02:00:00,17.136017,8.730804,99851.44,248.26666,0.0074768066,2.6114154,0.0,57.688488
2017-05-09 03:00:00,14.974976,10.470001,99872.1,65.19111,0.050567627,1.7092018,0.0,74.43268
2017-05-09 04:00:00,14.118439,11.099457,99910.625,0.017777778,0.6779785,1.0170021,0.0,82.03338
2017-05-09 05:00:00,13.703125,10.866241,99934.28,0.0,0.46871948,1.1442094,0.0,82.980064
2017-05-09 06:00:00,13.748749,10.859039,99923.234,0.0,0.56185913,1.2076534,0.0,82.69462
2017-05-09 07:00:00,13.52301,10.733704,99899.516,0.0,0.7937622,1.3359298,0.0,83.22144
2017-05-09 08:00:00,12.75766,10.008759,99848.28,0.0,0.14007568,1.4177438,0.0,83.35477
2017-05-09 09:00:00,12.051758,10.907196,99811.195,0.0,0.7532654,1.2794272,0.0,92.70506
2017-05-09 10:00:00,10.675568,9.729828,99737.91,0.0,0.99935913,1.1954002,0.0,93.87362
2017-05-09 11:00:00,10.809814,9.7777405,99758.16,0.0,0.90823364,1.2328105,0.0,93.338036
2017-05-09 12:00:00,10.950165,9.945221,99758.59,0.0,0.84817505,1.1573304,0.0,93.51496
2017-05-09 13:00:00,10.951691,10.116547,99775.94,0.0,0.9718323,0.85308856,0.0,94.584
2017-05-09 14:00:00,11.27179,10.273102,99785.39,34.044445,0.9737549,0.97086126,0.0,93.56993
2017-05-09 15:00:00,12.949921,9.231598,99819.24,176.40889,0.96188354,0.9721292,0.0,78.12634
2017-05-09 16:00:00,14.5312805,9.846832,99824.4,359.52,0.91311646,0.9530428,0.0,73.46778
2017-05-09 17:00:00,16.36502,10.1698,99856.06,599.80444,0.83309937,0.9779184,0.0,66.739914
2017-05-09 18:00:00,17.810028,10.029785,99825.8,780.6578,0.35183716,1.1136857,0.0,60.332863
2017-05-09 19:00:00,19.544586,10.558044,99783.22,904.64,0.021942139,1.3901906,0.0,56.06922
2017-05-09 20:00:00,20.825165,11.426422,99750.56,971.98224,0.00064086914,1.998604,0.0,54.87353
2017-05-09 21:00:00,21.747253,9.790131,99716.92,984.4622,0.0,2.7317338,0.0,46.498013
2017-05-09 22:00:00,22.080719,11.370758,99711.33,927.5911,0.41687012,3.5425198,0.0,50.622185
2017-05-09 23:00:00,20.978119,11.301483,99685.19,814.93335,0.7218628,3.9369593,0.0,53.911366
2017-05-10 00:00:00,19.675293,10.869873,99687.16,650.5956,0.44247437,3.4405568,0.0,56.782295
2017-05-10 01:00:00,18.436005,10.348358,99706.64,456.97778,0.15994263,2.785622,0.0,59.253513
2017-05-10 02:00:00,17.41397,9.174591,99719.58,249.38667,0.007507324,2.404211,0.0,58.406757
2017-05-10 03:00:00,15.304779,10.954529,99759.49,66.68445,0.0,2.0837789,0.0,75.25947
2017-05-10 04:00:00,14.034088,11.058319,99813.32,0.035555556,0.0,1.9657782,0.0,82.2584
2017-05-10 05:00:00,13.904816,11.603912,99881.484,0.0,0.0,2.2888181,0.0,86.00499
2017-05-10 06:00:00,13.739105,11.334381,99923.36,0.0,0.0,2.6999626,0.0,85.39899
2017-05-10 07:00:00,13.374481,10.931366,99966.336,0.0,0.21881104,2.9200897,0.0,85.14302
2017-05-10 08:00:00,13.236633,10.590485,99993.6,0.0,0.7826538,3.5917633,0.0,83.985054
2017-05-10 09:00:00,12.597626,10.874298,100016.31,0.0,0.8201294,3.74225,0.0,89.241714
2017-05-10 10:00:00,11.593506,9.675659,99979.945,0.0,0.8458252,3.8065965,0.0,88.00559
2017-05-10 11:00:00,11.924103,10.003021,100013.055,0.0,0.9151306,3.943675,0.0,88.01574
2017-05-10 12:00:00,12.09314,9.946075,100086.34,0.0,0.99438477,3.9834828,0.0,86.70933
2017-05-10 13:00:00,12.36496,10.229462,100120.36,0.0,0.99935913,3.7301443,0.0,86.802795
2017-05-10 14:00:00,12.294586,10.042023,100176.86,35.306667,0.99935913,3.654396,0.0,86.11887
2017-05-10 15:00:00,13.661102,9.363983,100238.05,158.13333,0.96380615,3.740924,0.0,75.251915
2017-05-10 16:00:00,14.167358,9.315521,100267.84,326.25778,0.88894653,4.0343285,9.536743e-07,72.581245
2017-05-10 17:00:00,14.836029,9.622101,100324.305,491.73334,0.86642456,4.0576344,0.0,70.95869
2017-05-10 18:00:00,15.437103,9.81073,100353.41,631.7511,0.877594,4.0957,0.0,69.13727
2017-05-10 19:00:00,15.944794,10.008301,100389.445,712.1067,0.80947876,4.291127,0.0,67.8172
2017-05-10 20:00:00,15.740143,9.736664,100406.34,781.5822,0.8825073,4.4694057,0.0,67.471275
2017-05-10 21:00:00,16.643707,9.241699,100453.49,754.82666,0.99935913,4.677263,0.0,61.60731
2017-05-10 22:00:00,16.40097,10.223846,100434.58,715.5378,0.97250366,3.3815541,0.0,66.82825
2017-05-10 23:00:00,16.584656,10.682587,100442.766,634.7733,0.980011,3.5657134,0.0,68.10423
2017-05-11 00:00:00,16.005096,10.156525,100451.766,508.55112,0.9500122,3.51879,0.0,68.22969
2017-05-11 01:00:00,15.844696,10.189117,100441.5,330.7022,0.95562744,3.077551,0.0,69.08334
2017-05-11 02:00:00,15.2048645,9.618256,100474.91,178.95111,0.90063477,2.5122375,0.0,69.27571
2017-05-11 03:00:00,13.447601,10.264557,100519.8,48.72889,0.70062256,2.0085378,0.0,81.05516
2017-05-11 04:00:00,13.082825,9.987213,100562.39,0.07111111,0.41934204,1.7499167,0.0,81.48224
2017-05-11 05:00:00,12.934845,9.691956,100634.76,0.0,0.38998413,1.8321482,9.536743e-07,80.66203
2017-05-11 06:00:00,12.628876,9.536957,100683.45,0.0,0.36315918,1.9358443,9.536743e-07,81.44291
2017-05-11 07:00:00,12.163849,9.141083,100694.48,0.0,0.72543335,1.7108957,0.0,81.762054
2017-05-11 08:00:00,11.763153,8.9548645,100686.89,0.0,0.802948,1.5819266,0.0,82.90276
2017-05-11 09:00:00,11.378632,8.911896,100660.836,0.0,0.95669556,1.7397492,0.0,84.79161
2017-05-11 10:00:00,11.745758,10.124298,100692.53,0.0,0.7887573,1.2234603,0.0,89.78352
2017-05-11 11:00:00,11.812347,10.127838,100721.234,0.0,0.9880676,1.1373308,0.0,89.410835
2017-05-11 12:00:00,12.104462,10.13324,100707.22,0.0,0.86569214,1.4685609,0.0,87.73698
2017-05-11 13:00:00,12.414886,10.200836,100736.14,0.0,0.95370483,1.6187246,0.0,86.3531
2017-05-11 14:00:00,12.5503235,10.059937,100784.016,29.51111,0.9024353,1.8129598,9.536743e-07,84.78574
2017-05-11 15:00:00,13.649689,9.140259,100783.41,107.21778,0.97991943,2.3110125,2.3841858e-06,74.181595
2017-05-11 16:00:00,14.221191,9.150604,100774.125,244.72888,0.9786682,2.2386842,1.66893e-05,71.52948
2017-05-11 17:00:00,15.050262,9.444672,100785.08,467.12888,0.8918762,2.1799042,2.3841858e-06,69.15664
2017-05-11 18:00:00,15.268341,8.937744,100778.39,651.4489,0.88430786,2.2187364,0.0,65.90344
2017-05-11 19:00:00,17.168,10.028229,100797.96,758.54224,0.85809326,2.4568136,0.0,62.823414
2017-05-11 20:00:00,18.051697,10.402405,100772.85,775.1289,0.52005005,2.715863,0.0,60.920456
2017-05-11 21:00:00,18.8703,8.510132,100762.66,967.80444,0.13189697,3.058011,0.0,50.9579
2017-05-11 22:00:00,18.766693,10.849579,100769.6,929.10223,0.6175537,3.856805,0.0,60.01019
2017-05-11 23:00:00,18.266327,10.815613,100754.08,809.20886,0.70129395,4.338712,0.0,61.78214
2017-05-12 00:00:00,17.444305,10.6510315,100730.64,607.00446,1.0,4.6155806,0.0,64.35649
2017-05-12 01:00:00,16.70697,10.892853,100719.58,386.08,0.9610901,4.600943,0.0,68.52881
2017-05-12 02:00:00,15.829834,10.909821,100708.125,207.62666,0.89923096,3.9068797,0.0,72.55249
2017-05-12 03:00:00,13.976776,12.070679,100725.25,51.946667,0.49612427,3.1441805,0.0,88.28212
2017-05-12 04:00:00,13.363129,11.672333,100726.34,0.14222223,0.5367737,2.572235,4.7683716e-07,89.4946
2017-05-12 05:00:00,13.049042,11.353241,100760.31,0.0,0.6280823,2.5642335,0.0,89.44054
2017-05-12 06:00:00,12.984039,10.961578,100777.14,0.0,0.4951172,2.7420907,0.0,87.51749
2017-05-12 07:00:00,12.551178,10.436218,100776.805,0.0,0.2518921,2.8075747,0.0,86.93979
2017-05-12 08:00:00,11.880646,9.519226,100794.0,0.0,0.23928833,2.9952354,0.0,85.449776
2017-05-12 09:00:00,11.553131,8.9192505,100781.23,0.0,0.1699524,2.879016,0.0,83.85956
2017-05-12 10:00:00,10.935883,9.121979,100763.47,0.0,0.1281128,2.534451,0.0,88.56594
2017-05-12 11:00:00,10.987762,8.874725,100792.086,0.0,0.22305298,3.1551838,3.528595e-05,86.8006
2017-05-12 12:00:00,11.063751,8.686859,100775.13,0.0,0.3687744,3.0729752,5.9127808e-05,85.27373
2017-05-12 13:00:00,11.157806,8.526154,100811.09,0.0,0.22375488,3.224539,0.0,83.82613
2017-05-12 14:00:00,10.986603,7.6147156,100868.16,45.386665,0.30316162,3.4770832,0.0,79.69016
2017-05-12 15:00:00,12.808258,5.506012,100877.94,201.19112,0.13562012,3.8003702,0.0,61.122623
2017-05-12 16:00:00,13.82019,4.020233,100881.86,427.96445,0.09750366,4.4255195,0.0,51.580517
2017-05-12 17:00:00,15.094879,4.0730896,100854.91,622.9511,0.026885986,4.9834332,0.0,47.676228
2017-05-12 18:00:00,15.167908,3.430603,100860.31,802.8089,0.01876831,4.9631042,0.0,45.354813
2017-05-12 19:00:00,16.260773,4.3094177,100822.16,927.62665,0.011260986,5.0650654,0.0,44.984924
2017-05-12 20:00:00,16.646027,4.8842773,100812.8,986.86224,0.011230469,5.6855607,0.0,45.694683
2017-05-12 21:00:00,16.971039,5.1605835,100794.06,1002.5244,0.009979248,6.3226075,0.0,45.63125
2017-05-12 22:00:00,16.542877,5.9509583,100731.61,942.82666,0.0,6.1943016,0.0,49.531837
2017-05-12 23:00:00,16.269135,5.719574,100696.125,832.4267,0.0018615723,6.174454,0.0,49.602318
2017-05-13 00:00:00,15.881317,5.877228,100681.61,670.8089,0.003753662,6.5646496,0.0,51.404053
2017-05-13 01:00:00,15.1203,6.413208,100656.05,474.52444,0.018707275,6.9199977,0.0,56.0101
2017-05-13 02:00:00,14.131317,6.818115,100638.51,263.05777,0.022460938,6.492948,0.0,61.389957
2017-05-13 03:00:00,12.661438,8.575012,100624.836,73.6,0.0,5.3692946,0.0,76.16314
2017-05-13 04:00:00,12.29245,8.893585,100641.516,0.21333334,0.0012512207,4.709787,0.0,79.73048
2017-05-13 05:00:00,12.089447,8.757477,100668.27,0.0,0.0,4.5703936,0.0,80.063
2017-05-13 06:00:00,11.969177,8.170197,100690.41,0.0,0.040649414,4.7297606,0.0,77.551094
2017-05-13 07:00:00,11.781647,7.920624,100669.445,0.0,0.018127441,4.409794,0.0,77.195305
2017-05-13 08:00:00,11.259369,7.2868958,100662.42,0.0,0.009399414,4.1316686,0.0,76.52725
2017-05-13 09:00:00,10.698517,6.9185486,100655.04,0.0,0.054382324,3.9525313,0.0,77.45322
2017-05-13 10:00:00,9.282013,6.684784,100605.016,0.0,0.041259766,3.6520061,0.0,83.80303
2017-05-13 11:00:00,9.718536,7.134308,100608.16,0.0,0.03817749,3.8707154,0.0,83.92904
2017-05-13 12:00:00,9.977478,7.280365,100595.125,0.0,0.025024414,3.8495762,0.0,83.3136
2017-05-13 13:00:00,9.946808,6.7223816,100603.69,0.0,0.01751709,3.5498915,0.0,80.35118
2017-05-13 14:00:00,9.884094,6.138153,100627.16,49.582222,0.013122559,3.7477055,0.0,77.50685
2017-05-13 15:00:00,11.954987,4.6968994,100659.78,227.00444,0.010009766,3.8089876,0.0,61.106857
2017-05-13 16:00:00,13.176117,4.609833,100653.24,437.63556,0.015625,3.8762524,0.0,56.059303
2017-05-13 17:00:00,14.429504,4.134308,100661.55,634.36444,0.0,3.933051,0.0,49.981415
2017-05-13 18:00:00,15.6397705,4.0064087,100642.06,806.3822,0.007507324,3.7838404,0.0,45.82203
2017-05-13 19:00:00,16.211578,3.889923,100622.55,931.73334,0.0,3.84526,0.0,43.817062
2017-05-13 20:00:00,16.569305,4.6517334,100586.75,995.6445,0.0,4.2909627,0.0,45.178806
2017-05-13 21:00:00,17.11972,4.484314,100535.19,1001.70667,0.0,4.9585915,0.0,43.119778
2017-05-13 22:00:00,16.720795,5.9203796,100527.05,945.92,0.014984131,5.4280415,0.0,48.8712
2017-05-13 23:00:00,16.413605,6.2072754,100449.61,831.25336,0.014984131,5.2599835,0.0,50.833218
2017-05-14 00:00:00,15.717072,6.291565,100380.195,670.25775,0.0,5.236011,0.0,53.45534
2017-05-14 01:00:00,14.790741,6.6368713,100338.47,473.5289,0.007507324,5.2649384,0.0,58.099335
2017-05-14 02:00:00,13.698517,6.538788,100292.78,261.47556,0.024993896,4.984898,0.0,61.938835
2017-05-14 03:00:00,11.915009,7.345978,100275.055,74.115555,0.0,4.1137037,0.0,73.57714
2017-05-14 04:00:00,11.4097595,8.233063,100269.6,0.30222222,0.003753662,3.2903433,0.0,80.81543
2017-05-14 05:00:00,11.121063,8.720673,100275.875,0.0,0.010009766,3.227582,0.0,85.14445
2017-05-14 06:00:00,11.109833,8.686676,100259.016,0.0,0.03375244,3.4582837,0.0,85.01221
2017-05-14 07:00:00,10.633453,8.163361,100216.234,0.0,0.33306885,3.7480886,0.0,84.689766
2017-05-14 08:00:00,10.797089,8.164154,100175.234,0.0,0.72052,3.7462344,1.9073486e-06,83.77662
2017-05-14 09:00:00,10.248993,8.216644,100114.516,0.0,0.51239014,3.7383926,1.4305115e-06,87.20536
2017-05-14 10:00:00,9.5433655,8.342865,100065.83,0.0,0.7749634,3.7741811,5.722046e-06,92.21442
2017-05-14 11:00:00,9.6214905,8.421967,100053.055,0.0,0.76745605,3.5899515,3.33786e-06,92.22513
2017-05-14 12:00:00,9.567902,8.32196,100025.29,0.0,0.55740356,2.842339,4.7683716e-06,91.93204
2017-05-14 13:00:00,9.881195,8.523102,100041.3,0.0,0.97943115,2.3297853,1.4305115e-05,91.25556
2017-05-14 14:00:00,9.781586,8.566406,100031.81,39.555557,0.87246704,1.8833485,2.4795532e-05,92.13687
2017-05-14 15:00:00,11.603363,7.213684,100060.3,195.69778,0.604187,1.730727,2.002716e-05,74.4303
2017-05-14 16:00:00,12.566071,6.9466248,100064.984,369.49335,1.0,1.6167407,0.0,68.590385
2017-05-14 17:00:00,13.516022,6.687683,100053.81,584.8711,0.9663391,1.2216704,0.0,63.324146
2017-05-14 18:00:00,14.431946,6.743927,100077.055,748.2844,0.7593994,1.3104321,0.0,59.90051
2017-05-14 19:00:00,15.652618,7.594635,100039.22,809.2978,0.67645264,2.0290487,0.0,58.6956
2017-05-14 20:00:00,16.312347,7.901001,100031.72,832.1422,0.83078,2.5939043,0.0,57.459938
2017-05-14 21:00:00,16.763824,6.763031,100016.61,802.0089,0.41241455,3.6796458,0.0,51.65249
2017-05-14 22:00:00,16.771454,6.851715,100029.69,856.16,0.3673401,4.604545,0.0,51.942856
2017-05-14 23:00:00,16.297089,7.1477356,99981.836,729.13776,0.1892395,4.5746703,4.7683716e-07,54.632362
2017-05-15 00:00:00,15.893951,7.14328,99982.44,544.0,0.10864258,4.4909678,0.0,56.039696
2017-05-15 01:00:00,15.142883,6.7899475,99971.87,401.40445,0.03253174,4.1967683,0.0,57.397114
2017-05-15 02:00:00,14.58432,7.0997314,99956.57,233.74222,0.02319336,3.8349311,0.0,60.779236
2017-05-15 03:00:00,12.683075,8.857513,99967.3,75.69778,0.026855469,3.2882652,0.0,77.52239
2017-05-15 04:00:00,12.375244,9.452728,99991.44,0.40888888,0.04876709,2.3950372,0.0,82.342865
2017-05-15 05:00:00,11.919342,9.6622925,99980.85,0.0,0.040649414,2.1082277,0.0,86.05496
2017-05-15 06:00:00,12.123077,10.234039,99975.984,0.0,0.036956787,2.298346,0.0,88.222046
2017-05-15 07:00:00,11.637543,9.61792,99970.34,0.0,0.058135986,2.7404664,0.0,87.41023
2017-05-15 08:00:00,11.1510315,8.948822,99937.99,0.0,0.27008057,2.8663104,9.536743e-07,86.29552
2017-05-15 09:00:00,10.902618,9.274689,99941.97,0.0,0.4845276,2.7053206,2.3841858e-06,89.680016
2017-05-15 10:00:00,9.925079,8.779205,99895.875,0.0,0.6774292,2.712869,9.536743e-07,92.5783
2017-05-15 11:00:00,9.869415,8.588135,99870.32,0.0,0.6174011,2.3605342,9.536743e-07,91.730774
2017-05-15 12:00:00,10.047119,8.637543,99847.8,0.0,1.0,1.671819,9.536743e-07,90.949135
2017-05-15 13:00:00,10.190399,8.618591,99822.93,0.0,1.0,1.024542,1.9073486e-06,89.96616
2017-05-15 14:00:00,10.010193,8.447784,99848.625,39.18222,0.9780884,1.2565937,1.9073486e-06,90.009895
2017-05-15 15:00:00,11.45459,6.892853,99864.71,191.52,0.933136,1.7656934,1.9073486e-06,73.53162
2017-05-15 16:00:00,12.251465,7.2459106,99896.39,316.03555,0.9026184,2.1369042,0.0,71.47357
2017-05-15 17:00:00,13.268951,7.479767,99939.44,462.16888,0.74154663,2.2615807,0.0,67.94173
2017-05-15 18:00:00,14.789825,7.889618,99940.86,716.9067,0.1800232,2.1984813,0.0,63.302914
2017-05-15 19:00:00,15.969696,7.900299,99961.03,901.24445,0.0,2.8784492,0.0,58.727596
2017-05-15 20:00:00,16.820892,8.140961,99974.73,965.74225,0.0018615723,3.7905416,0.0,56.546116
2017-05-15 21:00:00,17.630005,7.3280334,99961.74,912.4089,0.00064086914,4.5072474,0.0,50.827026
2017-05-15 22:00:00,17.613434,8.800812,99974.53,918.2222,0.2644348,5.5798736,0.0,56.238823
2017-05-15 23:00:00,16.739777,8.46225,99956.56,767.0578,0.1519165,5.5399613,0.0,58.091022
2017-05-16 00:00:00,15.966919,8.407227,99982.7,624.9067,0.056274414,5.589427,0.0,60.796253
2017-05-16 01:00:00,14.83786,8.029816,100045.336,471.8578,0.110687256,5.6290092,0.0,63.712063
2017-05-16 02:00:00,13.729401,7.823578,100059.95,265.44,0.18313599,4.778362,0.0,67.49863
2017-05-16 03:00:00,11.613281,8.564331,100099.99,78.31111,0.1156311,3.7982826,0.0,81.54581
2017-05-16 04:00:00,11.235138,8.660004,100169.08,0.51555556,0.18243408,3.7054594,0.0,84.156456
2017-05-16 05:00:00,11.234222,8.8508,100223.48,0.0,0.23184204,3.6295407,0.0,85.25437
2017-05-16 06:00:00,11.552155,8.892303,100277.98,0.0,0.90249634,3.7124133,0.0,83.71248
2017-05-16 07:00:00,11.2361145,8.363159,100283.75,0.0,0.99624634,4.018165,0.0,82.475586
2017-05-16 08:00:00,11.226837,8.141937,100262.71,0.0,0.9624939,3.7639189,0.0,81.29621
2017-05-16 09:00:00,10.96106,8.715973,100248.5,0.0,0.96813965,3.8184748,4.7683716e-07,86.02664
2017-05-16 10:00:00,10.658936,8.078644,100238.664,0.0,0.9831238,3.4453285,0.0,84.06076
2017-05-16 11:00:00,10.983643,8.29068,100237.95,0.0,0.98501587,3.8914888,0.0,83.45786
2017-05-16 12:00:00,11.0694275,8.526306,100254.0,0.0,0.88497925,3.613935,0.0,84.32013
2017-05-16 13:00:00,11.432709,8.777252,100261.33,0.0,0.5549011,3.411105,0.0,83.72334
2017-05-16 14:00:00,11.592285,8.430328,100293.44,45.635555,0.72805786,3.6162436,2.861023e-06,80.92103
2017-05-16 15:00:00,12.664703,7.903778,100357.44,185.03111,0.77874756,3.556476,4.7683716e-06,72.754486
2017-05-16 16:00:00,13.394806,8.626587,100384.36,313.93777,0.96624756,3.9287913,1.9073486e-06,72.851234
2017-05-16 17:00:00,13.969879,9.060394,100400.64,424.42667,0.9924927,4.522266,2.861023e-06,72.26374
2017-05-16 18:00:00,14.503754,9.41864,100444.67,506.6311,1.0,5.1462755,3.8146973e-06,71.51257
2017-05-16 19:00:00,15.165985,10.079529,100488.734,559.4489,1.0,5.607696,9.536743e-07,71.630104
2017-05-16 20:00:00,15.328613,10.494598,100529.375,540.74664,0.9924927,5.5352077,5.722046e-06,72.878365
2017-05-16 21:00:00,15.612518,9.989227,100540.664,450.3111,1.0,5.5160108,7.6293945e-06,69.18647
2017-05-16 22:00:00,15.7621765,10.965057,100543.97,426.9689,1.0,4.6653476,1.335144e-05,73.1353
2017-05-16 23:00:00,15.95224,11.120209,100515.08,316.67557,1.0,4.9532394,6.67572e-06,72.99984
2017-05-17 00:00:00,15.298248,10.709473,100532.766,199.44888,1.0,5.2839336,1.04904175e-05,74.073746
2017-05-17 01:00:00,14.740326,9.918732,100522.19,237.77777,1.0,4.9602575,0.0,72.83286
2017-05-17 02:00:00,14.047577,9.462738,100507.78,133.86667,0.9249878,4.521283,1.4305115e-06,73.87522
2017-05-17 03:00:00,13.0963745,10.277313,100498.83,57.81333,0.7824402,4.1494503,0.0,83.005165
2017-05-17 04:00:00,12.920013,10.921295,100494.11,0.5688889,0.930603,3.7526011,2.861023e-06,87.64987
2017-05-17 05:00:00,12.911407,11.037018,100531.75,0.0,0.8562012,3.527632,1.4305115e-06,88.37614
2017-05-17 06:00:00,12.908295,10.801544,100546.47,0.0,0.86502075,3.7953002,2.4318695e-05,87.02134
2017-05-17 07:00:00,12.639313,10.714996,100510.36,0.0,0.9249878,4.393292,1.04904175e-05,88.05968
2017-05-17 08:00:00,12.168854,10.2846985,100492.72,0.0,0.62301636,5.018239,5.1021576e-05,88.25479
2017-05-17 09:00:00,12.031189,10.924805,100439.31,0.0,0.508667,4.4975057,3.194809e-05,92.93951
2017-05-17 10:00:00,10.616058,9.5954895,100419.45,0.0,0.7612915,2.8054252,2.3841858e-05,93.400375
2017-05-17 11:00:00,10.75882,9.822052,100374.07,0.0,0.92251587,2.8836834,9.059906e-06,93.93402
2017-05-17 12:00:00,10.691071,9.042938,100379.28,0.0,0.7787781,2.9851995,4.2915344e-06,89.54159
2017-05-17 13:00:00,10.591583,8.502411,100392.28,0.0,0.14868164,2.5624294,9.536743e-07,86.90253
2017-05-17 14:00:00,10.487549,7.7588196,100446.02,54.24,0.10116577,2.6148307,0.0,83.19554
2017-05-17 15:00:00,12.1128235,5.0899353,100482.71,230.98666,0.12545776,2.5902126,0.0,62.155067
2017-05-17 16:00:00,13.484161,4.3996887,100487.79,443.62668,0.08175659,2.3546858,0.0,54.14231
2017-05-17 17:00:00,14.963379,5.4358826,100503.19,641.3333,0.0119018555,2.4882221,0.0,52.880817
2017-05-17 18:00:00,16.016571,6.256439,100528.58,813.44,0.40179443,2.5893161,0.0,52.314213
2017-05-17 19:00:00,17.396149,7.208893,100516.31,928.5689,0.6562195,2.7020044,0.0,51.164494
2017-05-17 20:00:00,17.931152,7.2674866,100464.84,985.24445,0.48620605,3.2647402,0.0,49.665302
2017-05-17 21:00:00,18.424835,5.115631,100428.2,1006.5956,0.05621338,4.0628023,0.0,41.503517
2017-05-17 22:00:00,18.815277,6.7061462,100380.56,952.23114,0.0,4.61189,0.0,45.21103
2017-05-17 23:00:00,18.186005,6.7817993,100365.234,839.4311,0.0,4.6934943,0.0,47.275036
2017-05-18 00:00:00,17.663269,7.31485,100345.29,677.8489,0.0,4.527853,0.0,50.67477
2017-05-18 01:00:00,16.918396,7.8433228,100278.97,482.09778,0.0,4.127592,0.0,55.070847
2017-05-18 02:00:00,15.666901,7.9461365,100265.375,272.49777,0.022491455,3.6457734,0.0,60.063576
2017-05-18 03:00:00,13.897156,9.445526,100256.48,82.933334,0.038116455,2.9010863,0.0,74.51369
2017-05-18 04:00:00,12.23703,9.162445,100288.75,0.8,0.09375,2.1598835,0.0,81.48649
2017-05-18 05:00:00,11.930511,8.713593,100322.72,0.0,0.2487793,2.0437,0.0,80.666275
2017-05-18 06:00:00,11.75592,9.369812,100334.19,0.0,0.19125366,1.908166,0.0,85.29476
2017-05-18 07:00:00,11.446136,9.022247,100294.984,0.0,0.03564453,1.7109497,0.0,85.044586
2017-05-18 08:00:00,10.204926,7.8386536,100286.0,0.0,0.0031433105,1.2467577,0.0,85.24285
2017-05-18 09:00:00,10.16275,8.259552,100259.66,0.0,0.0018920898,1.108546,0.0,87.96543
2017-05-18 10:00:00,9.299103,8.447144,100222.64,0.0,0.7520447,0.8577068,0.0,94.407166
2017-05-18 11:00:00,9.613007,9.05719,100218.84,0.0,0.77264404,1.0868236,0.0,96.328064
2017-05-18 12:00:00,10.150513,9.415375,100211.0,0.0,0.8182373,1.1340121,0.0,95.18905
2017-05-18 13:00:00,9.867279,8.847687,100233.84,0.0,0.9331665,1.0146332,0.0,93.368706
2017-05-18 14:00:00,10.538544,9.378479,100279.7,54.22222,0.91571045,0.7453074,0.0,92.52444
2017-05-18 15:00:00,12.2864685,8.306244,100357.54,208.72888,0.7670288,0.6930548,0.0,76.65249
2017-05-18 16:00:00,13.658173,8.478607,100349.09,401.12,0.21005249,0.79024947,0.0,70.89815
2017-05-18 17:00:00,15.303253,8.256287,100332.64,631.36,0.022491455,0.892099,0.0,62.791
2017-05-18 18:00:00,17.667389,8.616241,100294.805,801.24445,0.014984131,1.3266052,0.0,55.3523
2017-05-18 19:00:00,19.69168,8.838654,100277.64,924.4089,0.0,2.2584698,0.0,49.50375
2017-05-18 20:00:00,21.325958,9.495636,100255.3,992.92444,0.0,3.1168654,0.0,46.77934
2017-05-18 21:00:00,22.582672,7.464813,100175.28,998.29333,0.0,3.6404197,0.0,37.753807
2017-05-18 22:00:00,22.531097,8.982025,100109.31,943.39557,0.0,4.123978,0.0,41.982185
2017-05-18 23:00:00,21.96817,9.669403,100097.0,831.87555,0.0,4.469789,0.0,45.504448
2017-05-19 00:00:00,21.021637,9.999725,100060.41,672.4978,0.0,4.569838,0.0,49.301346
2017-05-19 01:00:00,19.800842,10.308014,100013.81,479.9289,0.0,4.0738235,0.0,54.270668
2017-05-19 02:00:00,18.65091,10.701965,99996.85,272.46222,0.0,3.1581285,0.0,59.85573
2017-05-19 03:00:00,16.564148,11.106293,100007.89,84.0,0.0,1.7403251,0.0,70.14143
2017-05-19 04:00:00,15.114868,11.648743,100013.56,0.96,0.0,1.0883065,0.0,79.77081
2017-05-19 05:00:00,14.379547,12.270294,100080.62,0.0,0.0,1.205871,0.0,87.1453
2017-05-19 06:00:00,13.993378,11.806305,100104.47,0.0,0.0,1.2366605,0.0,86.66299
2017-05-19 07:00:00,13.718597,11.427826,100084.22,0.0,0.0,1.3349148,0.0,86.043816
2017-05-19 08:00:00,12.862579,10.526642,100089.125,0.0,0.0,1.5453178,0.0,85.69853
2017-05-19 09:00:00,12.469208,11.079926,100091.04,0.0,0.007507324,1.5064491,0.0,91.23509
2017-05-19 10:00:00,10.804504,9.937347,100055.44,0.0,0.007507324,0.9049533,0.0,94.375305
2017-05-19 11:00:00,11.202301,10.374939,100074.5,0.0,0.014984131,1.1886117,0.0,94.643524
2017-05-19 12:00:00,11.790466,10.575409,100076.82,0.0,0.038116455,0.7397393,0.0,92.25626
2017-05-19 13:00:00,12.467743,11.002808,100084.32,0.0,0.21005249,0.61710715,0.0,90.7778
2017-05-19 14:00:00,12.100067,10.894897,100136.39,57.81333,0.16503906,0.67687553,0.0,92.33499
2017-05-19 15:00:00,15.103851,9.950836,100146.01,234.91556,0.08251953,0.54042226,0.0,71.3
2017-05-19 16:00:00,17.225616,10.188141,100176.05,440.65778,0.0,0.62339425,0.0,63.267876
2017-05-19 17:00:00,19.075714,10.1996155,100189.11,637.5467,0.0,0.8935648,0.0,56.36613
2017-05-19 18:00:00,20.820648,10.131226,100176.52,803.5022,0.0,1.1438117,0.0,50.356113
2017-05-19 19:00:00,22.61679,10.920593,100146.766,923.4311,0.0,1.4695238,0.0,47.55489
2017-05-19 20:00:00,23.804474,11.108551,100149.91,988.92444,0.0,1.8943441,0.0,44.814445
2017-05-19 21:00:00,25.585419,9.866394,100076.96,994.36444,0.0,2.4346185,0.0,37.082558
2017-05-19 22:00:00,25.94046,10.172699,100035.89,940.7822,0.0,3.20115,0.0,37.06163
2017-05-19 23:00:00,25.27713,10.305603,100020.305,829.6178,0.0,3.4619117,0.0,38.895332
2017-05-20 00:00:00,24.121796,10.566223,100005.53,672.05334,0.0,3.705511,0.0,42.409496
2017-05-20 01:00:00,22.622253,10.9236145,100010.48,480.55112,0.0,3.3472064,0.0,47.548664
2017-05-20 02:00:00,21.035583,10.25705,99994.08,274.16888,0.0,2.6336472,0.0,50.114258
2017-05-20 03:00:00,18.371094,12.791901,100017.78,85.86667,0.0,1.4876671,0.0,69.93028
2017-05-20 04:00:00,16.241241,13.188934,100054.99,1.1377778,0.0,1.0433743,0.0,82.12094
2017-05-20 05:00:00,15.552155,12.414124,100115.67,0.0,0.0,0.8586984,0.0,81.57375
2017-05-20 06:00:00,15.150726,12.9305725,100137.695,0.0,0.0,0.91696495,0.0,86.586685
2017-05-20 07:00:00,15.088165,13.300995,100115.66,0.0,0.0,1.16493,0.0,89.065636
2017-05-20 08:00:00,13.850983,12.174225,100094.45,0.0,0.0,1.1945082,0.0,89.615135
2017-05-20 09:00:00,13.3628845,12.410858,100102.43,0.0,0.0,1.2411218,0.0,93.95866
2017-05-20 10:00:00,11.253387,10.580292,100066.83,0.0,0.7501831,0.97793025,0.0,95.624374
2017-05-20 11:00:00,11.230133,10.607697,100048.016,0.0,0.7501831,1.0110881,0.0,95.946976
2017-05-20 12:00:00,11.456451,10.649902,100064.69,0.0,0.7501831,1.052318,0.0,94.78525
2017-05-20 13:00:00,11.97934,10.896515,100080.31,0.0,0.7501831,0.99138224,0.0,93.08243
2017-05-20 14:00:00,12.547211,11.352325,100134.88,48.622223,0.7501831,0.8470567,0.0,92.4237
2017-05-20 15:00:00,15.172577,9.984741,100188.266,184.21333,0.1425476,0.5111276,0.0,71.14691
2017-05-20 16:00:00,16.887604,9.1875305,100200.56,348.83554,0.01687622,0.7167012,0.0,60.43927
2017-05-20 17:00:00,19.098358,10.005096,100199.13,527.32446,0.05999756,0.932261,0.0,55.5588
2017-05-20 18:00:00,21.040833,10.25412,100162.09,734.2756,0.037506104,1.1451517,0.0,50.088284
2017-05-20 19:00:00,23.280426,10.760162,100151.47,902.4533,0.022491455,1.5394344,0.0,45.19536
2017-05-20 20:00:00,24.739655,10.875885,100133.72,960.1422,0.052520752,1.9860688,0.0,41.718967
2017-05-20 21:00:00,26.07608,7.9326477,100081.055,887.1111,0.052520752,2.2567694,0.0,31.60884
2017-05-20 22:00:00,27.122711,10.67926,100035.13,893.9733,0.07501221,2.7495406,0.0,35.752605
2017-05-20 23:00:00,26.573639,10.85318,100006.77,765.92,0.120025635,3.1732924,0.0,37.35704
2017-05-21 00:00:00,25.324127,10.932526,99979.95,609.10223,0.06750488,3.328793,0.0,40.4411
2017-05-21 01:00:00,23.85495,11.08316,99950.74,440.37332,0.022491455,2.739406,0.0,44.60323
2017-05-21 02:00:00,22.740204,10.971771,99929.9,243.30667,0.0,1.8902435,0.0,47.360626
2017-05-21 03:00:00,19.782074,13.799164,99949.78,78.32889,0.0,1.3696404,0.0,68.38585
2017-05-21 04:00:00,18.118622,14.810852,99962.42,1.12,0.0,1.189141,0.0,81.00976
2017-05-21 05:00:00,17.60611,14.094025,99985.05,0.0,0.0,1.0568252,0.0,79.87788
2017-05-21 06:00:00,16.831512,14.203583,99995.83,0.0,0.0,1.2341014,0.0,84.48978
2017-05-21 07:00:00,16.156342,13.812775,99960.17,0.0,0.0,1.3500123,0.0,85.991486
2017-05-21 08:00:00,15.864288,13.878632,99987.0,0.0,0.022491455,1.012911,0.0,87.98672
2017-05-21 09:00:00,15.0685425,13.891693,99977.0,0.0,0.007507324,1.3797563,0.0,92.67396
2017-05-21 10:00:00,12.265106,10.861969,99951.47,0.0,0.120025635,0.78273314,0.0,91.13769
2017-05-21 11:00:00,11.999908,10.569458,99937.91,0.0,0.105041504,0.84908503,0.0,90.95437
2017-05-21 12:00:00,11.806671,10.530914,99950.24,0.0,0.18753052,0.94277436,0.0,91.88466
2017-05-21 13:00:00,11.853546,10.247498,99934.7,0.0,0.16503906,0.7159593,0.0,89.884254
2017-05-21 14:00:00,12.893219,10.983368,99995.47,61.333332,0.22503662,0.50970334,0.0,88.16663
2017-05-21 15:00:00,15.676239,9.890411,100032.86,240.44444,0.08251953,0.8403107,0.0,68.450005
2017-05-21 16:00:00,17.316193,10.065216,100046.555,449.33334,0.014984131,1.1475075,0.0,62.39123
2017-05-21 17:00:00,19.706879,10.767853,100078.84,649.7244,0.022491455,1.1889877,0.0,56.28768
2017-05-21 18:00:00,21.783539,10.963135,100111.6,814.6667,0.0,1.248819,0.0,50.173965
2017-05-21 19:00:00,23.743744,11.4565735,100072.75,891.9289,0.014984131,1.4187719,0.0,46.02828
2017-05-21 20:00:00,24.856842,11.511017,100067.625,986.43555,0.014984131,1.8045839,0.0,43.210285
2017-05-21 21:00:00,25.586945,8.060516,100030.234,984.2844,0.022491455,2.2302318,0.0,32.82361
2017-05-21 22:00:00,25.316864,11.736481,100003.375,911.94666,0.09753418,2.836733,0.0,42.672104
2017-05-21 23:00:00,24.511932,11.525909,100017.484,796.96,0.2850647,3.1267211,0.0,44.15462
2017-05-22 00:00:00,23.175446,11.766754,99997.42,628.64,0.21005249,3.048932,0.0,48.62183
2017-05-22 01:00:00,21.706696,11.88327,99976.69,467.36,0.40689087,2.7164736,0.0,53.576847
2017-05-22 02:00:00,20.211945,10.8638,99976.734,268.35556,0.9605713,2.136352,0.0,54.90204
2017-05-22 03:00:00,17.50766,12.709686,100045.36,79.69778,0.964386,1.4095749,0.0,73.43969
2017-05-22 04:00:00,15.884369,12.549225,100067.625,1.3866667,0.98501587,1.0913734,0.0,80.56836
2017-05-22 05:00:00,15.4216,13.303131,100159.65,0.0,0.97750854,1.1989949,0.0,87.189644
2017-05-22 06:00:00,15.172028,13.299347,100199.625,0.0,0.96499634,1.3499169,0.0,88.57695
2017-05-22 07:00:00,14.158844,12.378601,100178.734,0.0,0.9768677,1.2640914,0.0,89.031395
2017-05-22 08:00:00,13.926605,12.223785,100178.875,0.0,0.973114,1.0506622,0.0,89.467384
2017-05-22 09:00:00,13.029572,11.49234,100143.77,0.0,0.9562378,0.7185823,0.0,90.38303
2017-05-22 10:00:00,11.177521,10.533173,100144.81,0.0,0.98065186,1.2592194,0.0,95.805275
2017-05-22 11:00:00,11.44339,10.762848,100113.234,0.0,0.723938,1.3305442,0.0,95.58337
2017-05-22 12:00:00,12.007721,11.250458,100126.95,0.0,0.75457764,1.3743737,0.0,95.11752
2017-05-22 13:00:00,12.307098,11.611725,100151.984,0.0,0.7701721,1.1113923,0.0,95.518814
2017-05-22 14:00:00,12.260986,11.220673,100183.42,50.133335,0.8829956,0.8816701,0.0,93.36001
2017-05-22 15:00:00,13.683105,8.846222,100207.5,201.13777,0.788208,0.8876467,0.0,72.56608
2017-05-22 16:00:00,15.192902,9.025604,100234.2,355.62668,0.105651855,1.0824783,0.0,66.617645
2017-05-22 17:00:00,16.884613,8.866913,100245.41,554.25775,0.01751709,1.1369587,0.0,59.157093
2017-05-22 18:00:00,18.927277,9.210846,100230.625,695.68,0.04876709,1.1964108,0.0,53.238407
2017-05-22 19:00:00,20.571777,9.638824,100205.414,906.08,0.009399414,1.3276162,0.0,49.47476
2017-05-22 20:00:00,22.356659,10.6284485,100161.28,983.5911,0.014984131,1.649841,0.0,47.382984
2017-05-22 21:00:00,23.14267,8.320892,100134.81,992.05334,0.0,2.1904974,0.0,38.683342
2017-05-22 22:00:00,23.632416,11.453644,100108.516,931.48444,0.07501221,2.9617586,0.0,46.329178
2017-05-22 23:00:00,23.095245,11.587189,100106.734,823.18225,0.05999756,3.05119,0.0,48.282112
2017-05-23 00:00:00,21.974121,11.570465,100080.51,667.1289,0.09753418,2.8400683,0.0,51.63052
2017-05-23 01:00:00,20.882538,11.582245,100033.11,477.81332,0.18191528,2.4448123,0.0,55.246716
2017-05-23 02:00:00,19.493317,10.903381,100050.84,276.10666,0.2999878,1.9777173,0.0,57.556377
2017-05-23 03:00:00,17.509247,13.801117,100062.36,84.35555,0.72058105,1.5148023,0.0,78.85412
2017-05-23 04:00:00,16.325104,13.456818,100093.305,1.6177778,0.832489,1.263072,0.0,83.12298
2017-05-23 05:00:00,16.110992,13.9010315,100134.26,0.0,0.88186646,1.0344744,0.0,86.7366
2017-05-23 06:00:00,15.826935,14.355133,100142.19,0.0,0.64941406,1.0552604,0.0,90.964355
2017-05-23 07:00:00,14.482239,12.880493,100165.875,0.0,0.17565918,0.96165186,0.0,90.1048
2017-05-23 08:00:00,14.423645,12.717987,100125.66,0.0,0.08062744,0.9197861,0.0,89.48921
2017-05-23 09:00:00,13.579681,11.915985,100117.14,0.0,0.046905518,0.9764704,0.0,89.67154
2017-05-23 10:00:00,12.621307,11.686798,100087.28,0.0,0.6958313,1.4194218,0.0,94.03342
2017-05-23 11:00:00,12.7117,11.862335,100099.055,0.0,0.7646179,1.8768744,0.0,94.567474
2017-05-23 12:00:00,12.84256,11.950714,100103.17,0.0,0.94677734,1.5925483,0.0,94.30839
2017-05-23 13:00:00,12.524719,11.618622,100106.69,0.035555556,0.9291687,1.2777627,0.0,94.205864
2017-05-23 14:00:00,12.63913,11.58194,100138.05,50.72,0.9460144,0.8294252,0.0,93.27484
2017-05-23 15:00:00,13.636932,9.009674,100179.0,210.77333,0.7991333,0.95038813,0.0,73.59217
2017-05-23 16:00:00,14.883179,9.503326,100203.25,382.4178,0.037506104,1.1691358,0.0,70.181076
2017-05-23 17:00:00,16.131012,9.589478,100178.77,573.17334,0.03250122,1.415178,0.0,65.159256
2017-05-23 18:00:00,17.949554,10.072113,100168.1,777.5822,0.018737793,1.8002577,0.0,59.97468
2017-05-23 19:00:00,19.21872,10.409332,100153.17,878.2222,0.008148193,1.992959,0.0,56.653667
2017-05-23 20:00:00,20.20639,10.6484375,100121.5,962.61334,0.0012512207,2.2587442,0.0,54.13931
2017-05-23 21:00:00,21.447296,9.041809,100108.125,958.0089,0.023132324,2.5845416,0.0,45.034958
2017-05-23 22:00:00,21.364594,11.181244,100125.95,835.04,0.09188843,3.5059817,0.0,52.22864
2017-05-23 23:00:00,21.05658,11.235504,100099.67,806.89777,0.1425476,3.0459986,0.0,53.417732
2017-05-24 00:00:00,20.38089,11.31839,100100.35,665.6,0.18753052,2.4157045,0.0,55.99605
2017-05-24 01:00:00,19.284393,10.955475,100063.86,460.16,0.18753052,2.1782234,0.0,58.512154
2017-05-24 02:00:00,17.848236,10.0763855,100031.06,255.4311,0.05999756,1.9715766,0.0,60.375805
2017-05-24 03:00:00,15.751434,11.925568,100014.66,89.884445,0.07501221,1.6772876,0.0,77.99014
2017-05-24 04:00:00,14.934601,12.06131,99997.09,1.7244444,0.11251831,1.3643478,0.0,82.92908
2017-05-24 05:00:00,13.970001,12.096222,100015.09,0.0,0.053131104,1.2642634,0.0,88.469666
2017-05-24 06:00:00,13.755402,12.251801,100018.88,0.0,0.3006897,1.2841403,0.0,90.635
2017-05-24 07:00:00,13.280548,11.8767395,100004.42,0.0,0.61639404,1.4247234,0.0,91.20061
2017-05-24 08:00:00,12.996674,11.513367,99958.7,0.0,0.55825806,1.6598808,9.536743e-07,90.70377
2017-05-24 09:00:00,12.516327,11.378845,99938.89,0.0,0.7927246,1.6422874,0.0,92.77408
2017-05-24 10:00:00,11.929291,10.804993,99894.64,0.0,0.9742737,1.5210576,0.0,92.82338
2017-05-24 11:00:00,12.075287,10.828033,99867.78,0.0,0.993103,1.8233502,0.0,92.07549
2017-05-24 12:00:00,12.183319,10.7282715,99858.28,0.0,0.9987488,1.9939166,0.0,90.81794
2017-05-24 13:00:00,12.270721,10.649994,99833.41,0.035555556,1.0,1.9671818,0.0,89.82772
2017-05-24 14:00:00,12.012726,10.226166,99842.05,35.573334,0.9987488,1.6492615,9.536743e-07,88.81894
2017-05-24 15:00:00,12.743439,9.076324,99822.06,119.05778,0.9987488,1.5707309,0.0,78.36527
2017-05-24 16:00:00,13.068878,8.808472,99821.67,209.97333,0.99935913,2.1455266,0.0,75.339
2017-05-24 17:00:00,14.02005,8.643951,99816.83,433.1378,0.99935913,2.040048,0.0,70.030426
2017-05-24 18:00:00,15.212494,9.001862,99755.375,523.0933,0.99749756,1.9432644,0.0,66.42729
2017-05-24 19:00:00,16.803009,9.474213,99723.05,698.75555,0.99935913,2.4320753,0.0,61.948647
2017-05-24 20:00:00,17.463928,9.717651,99713.42,796.23114,0.99935913,3.1806283,0.0,60.388252
2017-05-24 21:00:00,17.615631,8.2691345,99650.516,934.57776,0.98501587,3.4218283,0.0,54.241993
2017-05-24 22:00:00,19.314514,9.810913,99583.99,894.4711,0.92996216,2.0106542,0.0,54.106537
2017-05-24 23:00:00,19.143616,9.746674,99510.16,812.1067,0.91815186,2.8898714,0.0,54.450893
2017-05-25 00:00:00,18.542023,9.62912,99476.58,665.5289,0.8424988,2.8992085,0.0,56.093422
2017-05-25 01:00:00,17.738007,9.654846,99415.234,473.6,0.805603,2.7814605,0.0,59.10298
2017-05-25 02:00:00,16.811188,9.667999,99401.97,221.38667,0.9430847,2.862023,0.0,62.727833
2017-05-25 03:00:00,14.713745,10.852722,99407.31,82.844444,0.95062256,2.7555661,2.861023e-06,77.65125
2017-05-25 04:00:00,14.265137,10.90332,99405.36,1.7066667,0.8830261,2.7525856,1.9073486e-06,80.20548
2017-05-25 05:00:00,14.006866,10.956085,99449.74,0.0,0.9142456,3.0834658,9.536743e-07,81.84609
2017-05-25 06:00:00,13.582245,10.538727,99457.05,0.0,0.93618774,3.7976046,1.9073486e-06,81.831215
2017-05-25 07:00:00,13.207336,9.987457,99423.86,0.0,0.94940186,4.291173,1.9073486e-06,80.82351
2017-05-25 08:00:00,12.868805,9.321564,99401.58,0.0,0.9100342,4.352001,9.536743e-07,79.019455
2017-05-25 09:00:00,12.882538,9.814789,99400.66,0.0,0.93325806,4.5074015,9.536743e-07,81.60834
2017-05-25 10:00:00,12.579376,9.897675,99385.17,0.0,0.9687805,4.2381563,9.536743e-07,83.7097
2017-05-25 11:00:00,12.904694,10.200897,99378.836,0.0,0.9812927,4.480148,9.536743e-07,83.62408
2017-05-25 12:00:00,13.243042,10.1875305,99414.41,0.0,1.0,4.612135,4.7683716e-07,81.72203
2017-05-25 13:00:00,13.086578,10.098267,99403.18,0.053333335,1.0,4.4828997,0.0,82.07004
2017-05-25 14:00:00,12.905792,10.073212,99450.914,46.595554,1.0,4.2896066,9.536743e-07,82.90702
2017-05-25 15:00:00,14.26889,9.554657,99499.03,153.67111,1.0,4.1406584,9.536743e-07,73.27447
2017-05-25 16:00:00,14.971222,9.3993225,99510.67,252.76445,1.0,3.8912983,9.536743e-07,69.297775
2017-05-25 17:00:00,15.7091675,9.8454895,99537.016,398.08,1.0,3.8723547,4.7683716e-07,68.10044
2017-05-25 18:00:00,16.476227,10.228729,99544.16,540.37335,0.9850464,4.0709376,0.0,66.53049
2017-05-25 19:00:00,17.48114,10.397308,99551.05,688.8711,0.89212036,4.3334594,0.0,63.129787
2017-05-25 20:00:00,17.577423,10.311218,99603.12,780.26666,0.8440857,4.529304,0.0,62.387486
2017-05-25 21:00:00,17.860687,8.247467,99584.41,724.9778,0.8515625,4.5755315,0.0,53.331894
2017-05-25 22:00:00,17.847504,10.352783,99586.67,696.92444,0.7022095,4.9746966,0.0,61.50444
2017-05-25 23:00:00,17.935425,10.415436,99559.19,677.6,0.83099365,4.789876,0.0,61.421192
2017-05-26 00:00:00,17.591644,10.133087,99541.94,608.99554,0.82977295,4.6374297,0.0,61.593792
2017-05-26 01:00:00,16.703339,9.490387,99535.984,423.2,0.8503418,4.476526,0.0,62.409935
2017-05-26 02:00:00,15.66391,8.926849,99550.62,263.80444,0.842865,4.1440797,0.0,64.2047
2017-05-26 03:00:00,14.545441,11.444122,99600.67,91.41333,0.80166626,3.7330306,0.0,81.64138
2017-05-26 04:00:00,14.011627,11.421478,99643.266,2.328889,0.85406494,3.5278974,0.0,84.38603
2017-05-26 05:00:00,13.740906,10.848541,99714.516,0.0,0.9158325,3.561403,0.0,82.67905
2017-05-26 06:00:00,13.74881,10.532593,99766.79,0.0,0.9233093,3.675348,0.0,80.916115
2017-05-26 07:00:00,13.606476,10.07959,99781.09,0.0,0.9407654,3.3541942,0.0,79.23474
2017-05-26 08:00:00,13.188446,9.454468,99794.625,0.0,0.98999023,3.367794,0.0,78.08022
2017-05-26 09:00:00,13.264282,9.552429,99807.7,0.0,0.9343567,3.2891488,0.0,78.20789
2017-05-26 10:00:00,12.913422,9.997833,99844.4,0.0,0.928772,2.5428336,0.0,82.44859
2017-05-26 11:00:00,13.089386,10.033752,99848.44,0.0,0.97128296,2.3649065,0.0,81.70147
2017-05-26 12:00:00,13.209259,10.087006,99877.875,0.0,0.97628784,2.5512443,0.0,81.353645
2017-05-26 13:00:00,13.32547,10.012726,99911.96,0.07111111,0.98184204,2.8833506,0.0,80.33859
2017-05-26 14:00:00,13.165619,9.743561,100000.47,42.417778,0.973053,3.0814085,0.0,79.7299
2017-05-26 15:00:00,14.340485,9.103729,100034.69,151.00444,0.98498535,3.112743,0.0,70.75515
2017-05-26 16:00:00,14.602539,9.435974,100100.56,266.22223,0.991272,3.0763412,0.0,71.14049
2017-05-26 17:00:00,14.849091,9.33725,100149.03,436.51556,0.9893799,2.8909793,9.536743e-07,69.55413
2017-05-26 18:00:00,14.979706,9.336761,100178.55,541.81335,0.9407654,2.873764,0.0,68.96897
2017-05-26 19:00:00,15.634491,9.5260315,100195.75,516.4089,0.8022156,2.8516102,0.0,66.97537
2017-05-26 20:00:00,15.981781,9.70401,100203.98,640.4267,0.7815552,2.8801773,0.0,66.29105
2017-05-26 21:00:00,16.97647,7.789276,100217.69,722.89777,0.7620239,2.9587607,0.0,54.666718
2017-05-26 22:00:00,17.607819,9.65921,100246.42,752.4267,1.0,2.879888,0.0,59.60779
2017-05-26 23:00:00,17.504486,9.795349,100240.98,685.6533,0.9416199,3.0005937,0.0,60.548496
2017-05-27 00:00:00,16.992096,9.960693,100236.41,549.8489,0.8293457,2.8563538,0.0,63.240948
2017-05-27 01:00:00,16.433533,9.934174,100239.72,454.9689,0.5022888,2.7815306,0.0,65.40962
2017-05-27 02:00:00,16.027863,10.079102,100224.81,281.54666,0.14938354,3.1226387,0.0,67.778595
2017-05-27 03:00:00,14.701935,11.549347,100289.78,96.17778,0.10369873,2.742204,0.0,81.38518
2017-05-27 04:00:00,13.712402,11.406982,100317.4,2.6666667,0.124938965,1.7391915,0.0,85.95979
2017-05-27 05:00:00,13.146637,11.368988,100389.375,0.0,0.123046875,0.98040843,0.0,88.964676
2017-05-27 06:00:00,12.633575,11.147919,100423.26,0.0,0.18606567,0.9376228,0.0,90.66447
2017-05-27 07:00:00,12.663666,10.808197,100427.36,0.0,0.28649902,1.0923716,0.0,88.46621
2017-05-27 08:00:00,12.248627,10.217041,100397.05,0.0,0.21835327,1.061611,0.0,87.39672
2017-05-27 09:00:00,11.923798,10.268402,100393.97,0.0,0.19897461,1.0347775,0.0,89.59373
2017-05-27 10:00:00,10.979309,9.805267,100401.79,0.0,0.48239136,1.0933824,0.0,92.46268
2017-05-27 11:00:00,11.104553,9.884796,100414.445,0.0,0.44921875,0.89270765,0.0,92.187035
2017-05-27 12:00:00,11.659485,10.282349,100436.47,0.0,0.69485474,0.7301142,0.0,91.25578
2017-05-27 13:00:00,12.32605,10.696869,100468.16,0.12444445,0.9874573,0.9580996,0.0,89.78136
2017-05-27 14:00:00,12.280273,10.274506,100532.945,50.115555,0.9824219,1.1738713,0.0,87.55054
2017-05-27 15:00:00,13.21228,8.69577,100582.93,179.36,0.98306274,1.5088924,0.0,74.069916
2017-05-27 16:00:00,14.046692,8.930206,100631.92,359.68,0.97802734,1.6533583,0.0,71.27547
2017-05-27 17:00:00,14.915466,9.156403,100632.016,550.11554,0.93981934,2.0294306,0.0,68.41874
2017-05-27 18:00:00,16.050323,9.367493,100663.81,742.0622,0.6394043,2.4023132,0.0,64.525604
2017-05-27 19:00:00,16.989685,9.605194,100625.15,850.04443,0.12628174,2.5575368,4.7683716e-07,61.760372
2017-05-27 20:00:00,17.730408,9.922455,100617.53,962.64886,0.15853882,2.5856712,0.0,60.20214
2017-05-27 21:00:00,18.55661,8.396362,100602.53,987.8578,0.057525635,3.065579,0.0,51.56891
2017-05-27 22:00:00,18.76767,10.320709,100567.71,922.1511,0.1769104,3.7205272,0.0,57.928307
2017-05-27 23:00:00,18.616852,10.366486,100556.42,831.68,0.1894226,3.6542845,0.0,58.656715
2017-05-28 00:00:00,18.158325,10.499756,100564.84,678.54224,0.21755981,3.5679317,0.0,60.907726
2017-05-28 01:00:00,17.192047,10.384338,100553.59,485.79556,0.11251831,3.373435,0.0,64.23894
2017-05-28 02:00:00,15.554993,9.627808,100531.61,270.61334,0.06750488,3.089058,0.0,67.77934
2017-05-28 03:00:00,13.948822,10.982452,100536.875,93.90222,0.35446167,2.698991,0.0,82.29907
2017-05-28 04:00:00,13.07251,11.154388,100561.8,2.9155555,0.76956177,2.536651,0.0,88.133835
2017-05-28 05:00:00,13.491608,11.78653,100604.56,0.0,0.803833,2.4605458,0.0,89.420204
2017-05-28 06:00:00,13.44278,11.794342,100622.28,0.0,0.8400879,2.3188388,0.0,89.751434
2017-05-28 07:00:00,13.355438,11.500458,100628.58,0.0,0.87628174,2.2624722,0.0,88.527626
2017-05-28 08:00:00,13.211273,11.406708,100613.97,0.0,0.8969116,2.1555238,0.0,88.81152
2017-05-28 09:00:00,12.954163,11.834625,100583.805,0.0,0.9138489,2.1734567,0.0,92.90783
2017-05-28 10:00:00,12.193268,11.263458,100547.17,0.0,0.99624634,2.0901802,0.0,94.043304
2017-05-28 11:00:00,12.449249,11.565918,100514.03,0.0,0.99121094,2.266128,0.0,94.344475
2017-05-28 12:00:00,12.477142,11.616608,100531.445,0.0,0.9899597,2.2278035,0.0,94.48798
2017-05-28 13:00:00,12.455353,11.530121,100555.234,0.12444445,0.9987488,2.1783671,0.0,94.08364
2017-05-28 14:00:00,12.1214905,11.247711,100596.01,43.626667,1.0,2.2470849,0.0,94.39012
2017-05-28 15:00:00,12.789215,10.200897,100625.484,146.59555,1.0,2.4732182,0.0,84.25876
2017-05-28 16:00:00,12.636536,9.8090515,100669.78,291.14667,0.9497986,2.7518568,0.0,82.90247
2017-05-28 17:00:00,13.328461,9.916595,100645.67,443.2,0.8268738,2.8054686,4.7683716e-07,79.80745
2017-05-28 18:00:00,13.932007,9.898285,100641.11,624.30225,0.75390625,2.8844094,0.0,76.63951
2017-05-28 19:00:00,14.887787,10.391663,100618.445,727.84,0.7520447,2.9840963,0.0,74.461685
2017-05-28 20:00:00,15.510651,10.726532,100578.55,737.5111,0.21191406,3.1819825,0.0,73.153725
2017-05-28 21:00:00,15.946686,9.250183,100544.72,826.1689,0.17254639,3.4170663,0.0,64.443344
2017-05-28 22:00:00,16.992645,10.671387,100523.33,859.32446,0.75268555,3.3390615,0.0,66.31279
2017-05-28 23:00:00,17.136505,10.869598,100474.86,761.1911,0.120025635,3.4336522,0.0,66.58352
2017-05-29 00:00:00,16.866241,10.938293,100398.734,638.20447,0.16503906,3.4655113,0.0,68.04435
2017-05-29 01:00:00,16.004852,10.804504,100373.266,470.52444,0.05999756,3.510299,0.0,71.244415
2017-05-29 02:00:00,14.86264,10.549042,100358.64,269.72446,0.7545471,3.2668202,0.0,75.36957
2017-05-29 03:00:00,13.107605,11.536591,100375.234,87.91111,0.7732849,3.0142643,0.0,90.18685
2017-05-29 04:00:00,13.079376,11.7612,100392.2,2.9333334,0.828949,2.9847176,0.0,91.70467
2017-05-29 05:00:00,12.985748,11.69223,100405.59,0.0,0.9800415,2.8228078,0.0,91.84837
2017-05-29 06:00:00,12.729523,11.17691,100401.93,0.0,0.99935913,2.3993683,0.0,90.2694
2017-05-29 07:00:00,12.61264,11.0199585,100379.09,0.0,0.99935913,2.0566888,0.0,90.02108
2017-05-29 08:00:00,12.625519,10.636566,100337.91,0.0,1.0,2.3812785,9.536743e-07,87.680214
2017-05-29 09:00:00,12.438934,10.996033,100340.06,0.0,0.99935913,2.9705427,9.536743e-07,90.908775
2017-05-29 10:00:00,11.335724,10.655487,100310.914,0.0,1.0,3.1941726,1.9073486e-06,95.58166
2017-05-29 11:00:00,11.595367,10.864899,100295.48,0.0,1.0,3.3693252,1.9073486e-06,95.27172
2017-05-29 12:00:00,11.663361,10.810913,100272.08,0.0,1.0,2.9133503,2.861023e-06,94.50455
2017-05-29 13:00:00,11.776428,10.815247,100275.47,0.10666667,1.0,2.5943942,1.9073486e-06,93.82838
2017-05-29 14:00:00,11.569305,10.798279,100298.19,34.4,1.0,3.073709,0.0,95.014084
2017-05-29 15:00:00,12.110382,8.975189,100345.95,149.93777,1.0,3.6562197,9.536743e-07,81.13733
2017-05-29 16:00:00,12.291901,9.164429,100350.22,288.99554,1.0,3.5756187,1.9073486e-06,81.20377
2017-05-29 17:00:00,12.408569,8.858765,100322.5,442.9511,0.977417,3.4148703,1.9073486e-06,78.938354
2017-05-29 18:00:00,13.119415,9.042816,100312.81,624.6222,0.97940063,3.333496,1.9073486e-06,76.2883
2017-05-29 19:00:00,13.761627,9.461639,100267.89,591.1644,0.9750061,3.531669,0.0,75.254265
2017-05-29 20:00:00,14.444092,9.683441,100262.28,812.0356,0.8749695,3.9051518,0.0,73.077705
2017-05-29 21:00:00,14.818512,8.516632,100233.125,842.88,0.7980652,4.244711,0.0,65.93468
2017-05-29 22:00:00,15.359222,10.461761,100189.81,810.9867,0.9793701,4.184365,0.0,72.57612
2017-05-29 23:00:00,15.626923,10.898285,100139.56,725.6889,0.9149475,4.2515626,0.0,73.44489
2017-05-30 00:00:00,15.391327,10.88147,100084.41,602.86224,0.8163147,4.044584,0.0,74.47978
2017-05-30 01:00:00,14.710663,10.462433,100094.2,448.56888,0.84628296,4.38317,0.0,75.67363
2017-05-30 02:00:00,13.566742,9.914642,100100.09,237.29778,0.90252686,3.934153,0.0,78.56743
2017-05-30 03:00:00,12.45517,10.879364,100137.41,94.96889,0.94247437,3.3631995,0.0,90.11046
2017-05-30 04:00:00,12.212555,10.714355,100192.484,3.2177777,1.0,3.5011644,0.0,90.559425
2017-05-30 05:00:00,11.848114,10.249573,100225.57,0.0,1.0,3.3511631,0.0,89.92894
2017-05-30 06:00:00,11.795074,10.2760315,100183.03,0.0,1.0,2.7498264,0.0,90.40401
2017-05-30 07:00:00,11.794647,10.20047,100133.08,0.0,1.0,2.5179956,4.7683716e-07,89.95118
2017-05-30 08:00:00,11.806244,10.257965,100153.34,0.0,0.9968567,4.149564,2.861023e-06,90.22837
2017-05-30 09:00:00,11.792419,10.233551,100180.36,0.0,1.0,4.3830566,2.4795532e-05,90.163536
2017-05-30 10:00:00,11.381256,10.365448,100174.58,0.0,1.0,3.4523115,2.002716e-05,93.46839
2017-05-30 11:00:00,11.703644,10.658722,100149.83,0.0,1.0,3.5139713,4.7683716e-06,93.30327
2017-05-30 12:00:00,11.601288,10.436371,100171.516,0.0,1.0,3.897079,2.861023e-06,92.55441
2017-05-30 13:00:00,11.563324,10.381256,100187.58,0.16,1.0,3.9682903,4.7683716e-06,92.44636
2017-05-30 14:00:00,11.5383,10.219147,100222.31,40.835556,1.0,4.002181,5.722046e-06,91.60223
2017-05-30 15:00:00,12.152496,8.640289,100264.06,121.13778,1.0,3.9800951,3.8146973e-06,79.10173
2017-05-30 16:00:00,12.694794,9.058319,100301.57,261.49335,0.9937134,4.1125607,1.9073486e-06,78.52011
2017-05-30 17:00:00,13.703949,9.489105,100278.5,477.72446,0.99624634,3.9501364,9.536743e-07,75.67667
2017-05-30 18:00:00,14.485138,9.872162,100256.56,591.94666,0.99749756,4.1101727,0.0,73.81243
2017-05-30 19:00:00,15.205963,9.763428,100232.336,730.0267,0.9874878,4.163878,0.0,69.94909
2017-05-30 20:00:00,15.721344,10.176544,100208.68,886.9689,0.99560547,4.1321106,0.0,69.57238
2017-05-30 21:00:00,15.778717,8.758148,100214.89,746.3822,0.9924927,4.962805,0.0,63.01203
2017-05-30 22:00:00,15.037689,9.953674,100189.84,652.0,1.0,4.797676,0.0,71.61785
2017-05-30 23:00:00,15.154449,10.412506,100146.25,559.2889,0.9987488,4.6841497,0.0,73.29617
2017-05-31 00:00:00,15.525818,10.588104,100132.875,526.64886,1.0,4.2246847,0.0,72.411835
2017-05-31 01:00:00,14.681824,10.055878,100105.83,342.4889,1.0,3.544159,0.0,73.78283
2017-05-31 02:00:00,13.876129,9.580658,100075.516,194.4,1.0,3.4253945,0.0,75.2963
2017-05-31 03:00:00,13.16452,10.516083,100094.2,61.76,1.0,3.2998352,0.0,83.963936
2017-05-31 04:00:00,13.035858,10.980499,100124.42,2.328889,1.0,3.1603684,0.0,87.33114
2017-05-31 05:00:00,12.932648,10.829407,100176.01,0.0,0.99935913,3.4877222,0.0,87.04396
2017-05-31 06:00:00,12.858612,10.591522,100204.68,0.0,0.99749756,3.6143618,0.0,86.09235
2017-05-31 07:00:00,12.86557,10.433624,100174.55,0.0,1.0,3.3640122,0.0,85.1518
2017-05-31 08:00:00,12.819855,10.185699,100136.59,0.0,1.0,3.1439762,0.0,84.00444
2017-05-31 09:00:00,12.799164,9.966156,100124.44,0.0,1.0,3.1385765,0.0,82.891655
2017-05-31 10:00:00,12.245819,10.831543,100090.53,0.0,1.0,2.065727,4.386902e-05,91.06892
2017-05-31 11:00:00,12.142639,10.532257,100050.72,0.0,0.92123413,1.7216878,4.4822693e-05,89.88002
2017-05-31 12:00:00,12.032684,10.506622,100060.57,0.0,0.4548645,1.4903344,2.670288e-05,90.37869
2017-05-31 13:00:00,12.102936,10.482452,100098.16,0.21333334,0.2906189,1.3373504,2.861023e-06,89.81648
2017-05-31 14:00:00,12.521698,10.322296,100111.14,54.56,0.50878906,1.7679743,0.0,86.44825
2017-05-31 15:00:00,14.366547,9.758087,100144.72,201.67111,0.4519043,2.4007626,0.0,73.814
2017-05-31 16:00:00,15.644623,9.837494,100151.125,417.31555,0.10623169,2.678045,0.0,68.34594
2017-05-31 17:00:00,16.935028,10.240448,100159.59,640.08887,0.0093688965,3.0573783,0.0,64.66934
2017-05-31 18:00:00,18.12976,10.560638,100158.36,800.4089,0.012512207,3.5111153,0.0,61.265377
2017-05-31 19:00:00,19.236877,11.086456,100180.16,902.5244,0.015014648,3.9396908,0.0,59.19844
2017-05-31 20:00:00,20.13794,12.151154,100170.664,969.17334,0.013092041,4.2130876,0.0,60.05789
2017-05-31 21:00:00,20.947357,11.155884,100164.51,972.81775,0.01184082,4.480526,0.0,53.494503
2017-05-31 22:00:00,20.534393,13.005829,100153.47,919.07556,0.16003418,5.2518635,0.0,61.984337
2017-05-31 23:00:00,20.09372,13.600494,100125.16,795.55554,0.18945312,5.1780453,0.0,66.216034
2017-06-01 00:00:00,19.21762,13.816437,100127.08,610.0622,0.68948364,5.2306166,0.0,70.909225
2017-06-01 01:00:00,18.27359,13.89743,100093.91,440.56888,0.40325928,4.6004367,0.0,75.62022
2017-06-01 02:00:00,17.176117,13.730499,100087.04,205.38667,0.72143555,4.09352,9.536743e-07,80.16404
2017-06-01 03:00:00,15.753174,15.261963,100103.09,81.49333,0.8206787,3.1102126,1.9073486e-06,96.89863
2017-06-01 04:00:00,15.321442,14.950806,100137.62,2.88,0.98117065,2.5644178,5.722046e-06,97.64421
2017-06-01 05:00:00,14.79599,14.353241,100175.15,0.0,1.0,2.6192114,2.861023e-06,97.18027
2017-06-01 06:00:00,14.465118,14.053772,100177.984,0.0,1.0,2.4982135,7.6293945e-06,97.37129
2017-06-01 07:00:00,14.065704,13.424896,100154.04,0.0,1.0,2.1624734,1.9073486e-06,95.91911
2017-06-01 08:00:00,13.77713,13.07724,100128.14,0.0,1.0,2.0143692,9.536743e-07,95.54057
2017-06-01 09:00:00,13.659515,13.159363,100143.44,0.0,0.99313354,2.0567665,9.536743e-07,96.792114
2017-06-01 10:00:00,13.033478,12.801178,100108.12,0.0,1.0,0.993645,1.9073486e-06,98.49135
2017-06-01 11:00:00,13.577972,13.120544,100097.42,0.0,1.0,1.398335,1.9073486e-06,97.06074
2017-06-01 12:00:00,13.830353,13.265228,100109.22,0.0,1.0,1.3071413,2.861023e-06,96.38685
2017-06-01 13:00:00,13.777252,13.163727,100135.516,0.16,1.0,1.1040981,3.8146973e-06,96.08122
2017-06-01 14:00:00,13.53244,13.150726,100161.016,22.257778,1.0,0.9795076,2.861023e-06,97.54106
2017-06-01 15:00:00,14.641632,12.059326,100187.375,79.89333,1.0,1.1457299,1.9073486e-06,84.49989
2017-06-01 16:00:00,16.274323,13.001343,100199.91,191.44888,0.848938,1.6276877,9.536743e-07,80.94944
2017-06-01 17:00:00,17.22461,13.242523,100191.62,375.2,0.29174805,2.4207902,9.536743e-07,77.41756
2017-06-01 18:00:00,18.70691,13.391449,100195.375,597.88446,0.15878296,3.4231486,9.536743e-07,71.21024
2017-06-01 19:00:00,19.50351,13.284393,100209.91,768.5689,0.1781311,4.2277493,2.3841858e-06,67.28602
2017-06-01 20:00:00,20.189117,13.599304,100202.12,921.2267,0.21377563,4.5234094,0.0,65.82107
2017-06-01 21:00:00,20.167755,12.544556,100184.89,910.88,0.27069092,4.6208925,0.0,61.517544
2017-06-01 22:00:00,19.85852,13.896881,100171.3,841.4044,0.21191406,4.7870574,0.0,68.49569
2017-06-01 23:00:00,19.436829,13.928589,100145.23,779.1289,0.24005127,4.659817,0.0,70.45904
2017-06-02 00:00:00,18.922546,13.556366,100156.97,656.4089,0.20440674,4.629584,4.7683716e-07,71.01551
2017-06-02 01:00:00,18.196869,13.1633,100135.09,491.30667,0.22625732,4.569046,0.0,72.43793
2017-06-02 02:00:00,16.64505,12.175629,100128.3,287.21777,0.0418396,4.2369533,0.0,74.892044
2017-06-02 03:00:00,14.522675,12.663666,100149.25,105.92,0.024383545,3.2540433,0.0,88.602
2017-06-02 04:00:00,13.798462,12.475525,100169.92,4.4444447,0.04623413,2.4315715,0.0,91.720436
2017-06-02 05:00:00,13.311615,12.179047,100192.31,0.0,0.01626587,1.831397,0.0,92.84723
2017-06-02 06:00:00,13.590668,12.198883,100195.15,0.0,0.018127441,1.5374022,0.0,91.29313
2017-06-02 07:00:00,13.394318,11.8341675,100182.87,0.0,0.0625,1.6943226,0.0,90.27241
2017-06-02 08:00:00,13.467255,11.590546,100173.05,0.0,0.45733643,1.8076657,0.0,88.40996
2017-06-02 09:00:00,12.748016,11.410431,100168.72,0.0,0.8006897,1.7706131,0.0,91.56632
2017-06-02 10:00:00,12.243561,11.154938,100142.055,0.0,0.96258545,1.4366612,0.0,93.06044
2017-06-02 11:00:00,12.4808655,11.376984,100129.94,0.0,0.9805298,1.6146477,0.0,92.97886
2017-06-02 12:00:00,12.516876,11.387512,100157.16,0.0,0.97302246,1.5035789,0.0,92.82399
2017-06-02 13:00:00,12.420471,11.221405,100182.18,0.32,0.97613525,1.3051611,0.0,92.39086
2017-06-02 14:00:00,12.681,11.445282,100192.42,63.288887,0.96484375,1.3344659,0.0,92.18185
2017-06-02 15:00:00,14.0589905,9.44693,100206.25,155.00444,0.86868286,1.2725041,0.0,73.74211
2017-06-02 16:00:00,15.320892,9.872223,100223.7,420.62222,0.76452637,1.4041177,0.0,69.942764
2017-06-02 17:00:00,16.228241,10.108856,100199.78,595.7867,0.4932251,1.8816833,0.0,67.05055
2017-06-02 18:00:00,17.848602,10.408112,100195.51,792.2844,0.18936157,2.2237735,0.0,61.727745
2017-06-02 19:00:00,19.021332,10.8591,100153.51,897.8489,0.09249878,2.4807966,0.0,59.10022
2017-06-02 20:00:00,20.146423,11.302704,100123.47,982.13336,0.06314087,2.9080768,0.0,56.75493
2017-06-02 21:00:00,21.4133,9.951477,100070.45,986.2222,0.065582275,3.3934054,0.0,47.97462
2017-06-02 22:00:00,22.315338,11.339081,100041.5,948.6578,0.062469482,3.728991,0.0,49.798866
2017-06-02 23:00:00,21.38266,10.93811,100014.81,842.0089,0.22869873,3.8134124,0.0,51.33534
2017-06-03 00:00:00,20.398773,10.941223,99985.88,689.13776,0.3687744,3.8358028,0.0,54.551594
2017-06-03 01:00:00,19.3237,10.864105,99977.55,502.7911,0.33380127,3.6888943,0.0,58.015594
2017-06-03 02:00:00,18.378632,10.790924,99988.31,300.69333,0.5262451,3.271206,0.0,61.2475
2017-06-03 03:00:00,16.08551,12.568909,100017.266,110.18667,0.67059326,2.980319,0.0,79.642235
2017-06-03 04:00:00,14.786682,12.381256,100041.69,4.96,0.8981018,2.5808525,0.0,85.50476
2017-06-03 05:00:00,14.147522,12.481049,100065.89,0.0,0.89624023,2.1823997,0.0,89.69838
2017-06-03 06:00:00,13.928192,12.3940735,100064.57,0.0,0.9700012,2.0500321,0.0,90.46544
2017-06-03 07:00:00,13.863953,12.294586,100060.67,0.0,1.0,1.7946585,0.0,90.25148
2017-06-03 08:00:00,13.465942,11.735413,100054.77,0.0,0.99624634,1.9101497,0.0,89.26803
2017-06-03 09:00:00,13.036346,11.760101,100019.94,0.0,0.995636,2.1685185,0.0,91.956314
2017-06-03 10:00:00,12.347351,11.333649,99979.61,0.0,0.9981384,1.8381103,0.0,93.529144
2017-06-03 11:00:00,12.5243225,11.316254,99969.81,0.0,1.0,2.1355379,0.0,92.341705
2017-06-03 12:00:00,12.663879,11.3029785,100006.44,0.0,1.0,2.1547732,0.0,91.419655
2017-06-03 13:00:00,12.728851,11.241547,100039.67,0.2488889,1.0,2.0135844,0.0,90.66117
2017-06-03 14:00:00,12.594116,11.204132,100061.61,31.04,0.99935913,1.9784417,0.0,91.23903
2017-06-03 15:00:00,13.1970825,9.232269,100077.484,136.51555,0.98809814,1.9827801,0.0,76.87787
2017-06-03 16:00:00,14.414642,10.162445,100074.12,279.21777,0.9656372,1.9723039,0.0,75.604744
2017-06-03 17:00:00,14.969696,9.696686,100071.33,456.83554,0.9612427,1.9324298,0.0,70.703285
2017-06-03 18:00:00,16.289825,10.194183,100071.625,629.20886,0.80996704,2.1937864,0.0,67.169945
2017-06-03 19:00:00,16.937653,10.429291,100066.72,842.3822,0.68310547,2.8117597,0.0,65.47913
2017-06-03 20:00:00,18.049408,11.237946,100070.78,939.04,0.31314087,3.4653387,0.0,64.41174
2017-06-03 21:00:00,19.14389,10.162018,100054.17,990.4711,0.094329834,3.861136,0.0,55.985973
2017-06-03 22:00:00,19.2724,10.89859,100069.47,946.36444,0.16503906,4.6967726,0.0,58.33492
2017-06-03 23:00:00,19.12915,11.091217,100048.44,840.33777,0.1519165,4.262988,0.0,59.61627
2017-06-04 00:00:00,18.691742,11.2673645,100047.67,688.1778,0.18066406,3.6913364,0.0,61.98823
2017-06-04 01:00:00,17.707611,10.821869,100011.08,500.65778,0.022491455,3.4784646,0.0,64.01957
2017-06-04 02:00:00,16.928741,10.336334,100005.38,298.54224,0.0,2.9229443,0.0,65.11087
2017-06-04 03:00:00,14.623199,10.346832,100042.44,109.68889,0.0012512207,2.454116,0.0,75.51723
2017-06-04 04:00:00,13.835419,10.288422,100033.44,5.0844445,0.13754272,2.2660313,0.0,79.16137
2017-06-04 05:00:00,13.87381,10.942474,100074.83,0.0,0.13568115,2.1726627,0.0,82.481514
2017-06-04 06:00:00,13.834259,10.94339,100080.26,0.0,0.2831726,2.140661,0.0,82.69875
2017-06-04 07:00:00,13.207977,10.83429,100079.45,0.0,0.31756592,2.210152,0.0,85.519295
2017-06-04 08:00:00,12.833527,10.302704,100035.11,0.0,0.31628418,2.4286528,0.0,84.58808
2017-06-04 09:00:00,12.930786,11.203613,100046.3,0.0,0.41067505,2.63582,0.0,89.24543
2017-06-04 10:00:00,11.6501465,9.933502,99993.75,0.0,0.8312988,2.1810074,0.0,89.20583
2017-06-04 11:00:00,11.803925,10.333557,100004.51,0.0,0.89437866,2.156754,0.0,90.69902
2017-06-04 12:00:00,11.956512,10.257294,100028.234,0.0,0.9686279,2.109661,0.0,89.33432
2017-06-04 13:00:00,11.9721985,9.99472,100043.11,0.37333333,0.8106079,1.7837645,0.0,87.68829
2017-06-04 14:00:00,11.913818,9.337799,100077.2,59.02222,0.88067627,1.9282702,0.0,84.22892
2017-06-04 15:00:00,13.902069,7.641449,100100.19,225.93777,0.79574585,2.5745783,0.0,65.92193
2017-06-04 16:00:00,15.10257,8.411652,100174.69,434.72,0.6564026,3.0343225,0.0,64.280334
2017-06-04 17:00:00,16.314545,8.331909,100188.72,639.87555,0.04751587,3.239727,0.0,59.15925
2017-06-04 18:00:00,17.240784,8.333282,100180.47,803.5733,0.0093688965,3.5881238,0.0,55.784588
2017-06-04 19:00:00,18.059906,8.515686,100207.38,931.5733,0.014984131,4.1080766,0.0,53.63414
2017-06-04 20:00:00,18.86496,8.992218,100193.66,1001.28,0.0,4.7923317,0.0,52.663986
2017-06-04 21:00:00,19.288422,7.7214355,100224.2,1013.92,0.0,5.1622257,0.0,47.054497
2017-06-04 22:00:00,19.186615,8.937988,100207.72,964.6222,0.20129395,5.0637975,0.0,51.428387
2017-06-04 23:00:00,18.903168,9.278229,100174.72,859.87555,0.007507324,4.9130526,0.0,53.5612
2017-06-05 00:00:00,18.113525,9.399658,100159.484,705.42224,0.0,4.329909,0.0,56.740597
2017-06-05 01:00:00,17.366364,9.667755,100109.445,516.33777,0.0,3.5624454,0.0,60.558636
2017-06-05 02:00:00,16.59378,9.830322,100100.41,310.66666,0.0,2.665146,0.0,64.296875
2017-06-05 03:00:00,14.264404,9.490082,100109.21,116.28445,0.0,2.22503,0.0,72.97834
2017-06-05 04:00:00,13.296722,9.542511,100118.7,5.7244444,0.014984131,2.1855876,0.0,77.990524
2017-06-05 05:00:00,13.289368,9.677887,100159.81,0.0,0.008148193,2.3123176,0.0,78.74061
2017-06-05 06:00:00,13.296417,9.517303,100186.44,0.0,0.22131348,2.190078,0.0,77.86006
2017-06-05 07:00:00,12.718994,9.397491,100157.39,0.0,0.37939453,1.9963144,0.0,80.20745
2017-06-05 08:00:00,11.883636,9.036438,100092.984,0.0,0.45437622,1.1285957,0.0,82.70015
2017-06-05 09:00:00,12.357666,9.736176,100033.92,0.0,0.32876587,0.8160491,0.0,84.022606
2017-06-05 10:00:00,10.795258,9.566132,99968.36,0.0,0.81137085,1.6404872,0.0,92.110725
2017-06-05 11:00:00,11.642761,10.628693,99971.984,0.0,0.9510498,2.292187,0.0,93.49218
2017-06-05 12:00:00,11.665131,10.453522,100012.625,0.0,0.9642334,2.268168,0.0,92.270164
2017-06-05 13:00:00,11.591278,10.337433,100065.1,0.46222222,0.96170044,1.8999957,0.0,92.006065
2017-06-05 14:00:00,11.291046,10.095978,100090.25,50.168888,0.9717407,1.2825928,0.0,92.35045
2017-06-05 15:00:00,12.753204,9.349518,100114.41,224.58667,0.95858765,0.76165926,0.0,79.76995
2017-06-05 16:00:00,14.542267,9.805511,100109.72,411.07556,0.5793457,0.6180231,0.0,73.21253
2017-06-05 17:00:00,16.133972,9.372955,100087.7,644.3555,0.2387085,0.60148966,0.0,64.20549
2017-06-05 18:00:00,18.098114,9.447296,100048.766,820.69336,0.12997437,0.5162129,0.0,56.97788
2017-06-05 19:00:00,19.694183,9.634766,100023.84,945.31555,0.018127441,1.3516006,0.0,52.22279
2017-06-05 20:00:00,20.778107,10.427002,99980.33,1009.4044,0.0018920898,2.3577602,0.0,51.495808
2017-06-05 21:00:00,21.798859,9.231934,99969.16,1018.0267,0.0,3.024633,0.0,44.644707
2017-06-05 22:00:00,21.614899,10.505585,99912.125,941.6178,0.13504028,4.1474094,0.0,49.1735
2017-06-05 23:00:00,21.105896,10.999603,99916.305,851.0222,0.21005249,4.212743,0.0,52.42877
2017-06-06 00:00:00,20.352264,10.956116,99913.29,694.3822,0.27005005,3.5262432,0.0,54.762768
2017-06-06 01:00:00,19.632233,10.922241,99904.5,508.92444,0.301239,2.9616215,0.0,57.132984
2017-06-06 02:00:00,18.49353,10.430695,99899.97,305.33334,0.097473145,2.4029462,0.0,59.365566
2017-06-06 03:00:00,16.611664,11.696991,99937.31,113.92,0.12374878,2.0748172,0.0,72.71936
2017-06-06 04:00:00,15.477081,12.452148,99964.94,5.848889,0.07122803,2.0259788,0.0,82.172455
2017-06-06 05:00:00,14.766937,12.60556,100016.3,0.0,0.12564087,1.8529418,0.0,86.883865
2017-06-06 06:00:00,14.686249,12.938568,100021.734,0.0,0.2706604,1.4839988,0.0,89.26375
2017-06-06 07:00:00,13.852509,12.121429,100022.47,0.0,0.026885986,1.2413826,0.0,89.29532
2017-06-06 08:00:00,12.852051,11.230011,99985.86,0.0,0.10189819,1.1732349,0.0,89.863716
2017-06-06 09:00:00,12.148895,10.978363,100013.555,0.0,0.6251526,1.3625977,0.0,92.55058
2017-06-06 10:00:00,11.334015,10.690399,99977.25,0.0,0.76516724,2.030945,0.0,95.81499
2017-06-06 11:00:00,12.010651,11.172638,100000.2,0.0,0.84503174,1.836961,0.0,94.60965
2017-06-06 12:00:00,12.3284,11.298737,100022.86,0.0,0.95858765,1.4970759,0.0,93.42932
2017-06-06 13:00:00,12.382111,11.097931,100019.39,0.42666668,0.9604492,1.4591153,0.0,91.86833
2017-06-06 14:00:00,12.214661,10.870972,100046.44,65.92,0.95040894,1.4446784,0.0,91.495415
2017-06-06 15:00:00,13.524841,9.102509,100102.9,233.67111,0.8488159,1.9974135,0.0,74.596855
2017-06-06 16:00:00,14.568146,8.81723,100123.69,415.32443,0.81069946,2.3421044,0.0,68.38569
2017-06-06 17:00:00,15.784821,8.595093,100144.17,642.3822,0.8113098,2.4749017,0.0,62.296345
2017-06-06 18:00:00,16.958252,8.457611,100133.22,822.11554,0.54071045,2.9365213,0.0,57.27295
2017-06-06 19:00:00,17.694427,8.581024,100134.36,766.72,0.024383545,3.369616,0.0,55.1264
2017-06-06 20:00:00,18.169373,8.753143,100107.71,960.7289,0.0,3.599472,0.0,54.1293
2017-06-06 21:00:00,18.490204,7.097809,100118.35,967.91113,0.007507324,3.929766,0.0,47.397507
2017-06-06 22:00:00,18.04654,9.811096,100133.35,935.6089,0.21755981,4.3711643,0.0,58.57663
2017-06-06 23:00:00,17.620789,10.104095,100116.09,829.4044,0.19128418,4.377321,0.0,61.361496
2017-06-07 00:00:00,16.868744,10.072174,100071.766,662.1689,0.090026855,3.7277231,0.0,64.21523
2017-06-07 01:00:00,16.290497,10.30545,100054.21,484.53333,0.037506104,3.1321099,0.0,67.668335
2017-06-07 02:00:00,15.4826355,9.927521,100001.97,288.90668,0.052520752,2.3799243,0.0,69.47732
2017-06-07 03:00:00,14.239624,10.596283,100008.484,114.933334,0.22128296,2.2746274,0.0,78.71297
2017-06-07 04:00:00,13.309265,10.768768,100029.75,6.115556,0.78948975,2.2619781,0.0,84.58629
2017-06-07 05:00:00,12.975006,10.840576,100063.56,0.0,0.83010864,2.1198006,0.0,86.867584
2017-06-07 06:00:00,13.269592,11.047485,100089.48,0.0,0.8457031,1.7670847,0.0,86.39149
2017-06-07 07:00:00,12.922913,11.067474,100058.766,0.0,0.830719,1.8794534,0.0,88.48838
2017-06-07 08:00:00,13.006958,10.7966,100039.86,0.0,0.8201599,1.8912178,0.0,86.43303
2017-06-07 09:00:00,12.535156,11.190704,100029.375,0.0,0.84017944,2.0530736,0.0,91.51117
2017-06-07 10:00:00,11.45932,10.41629,99990.22,0.0,0.83325195,2.1912026,0.0,93.30263
2017-06-07 11:00:00,11.731232,10.459503,100010.984,0.0,0.9281006,2.3800893,0.0,91.90476
2017-06-07 12:00:00,12.065399,10.370331,100006.734,0.0,0.9649353,2.0782511,0.0,89.367676
2017-06-07 13:00:00,12.108368,10.045258,99998.88,0.42666668,0.9755249,2.0001512,0.0,87.19958
2017-06-07 14:00:00,12.2204895,10.020905,100034.016,52.72889,0.9617615,1.9301794,0.0,86.417404
2017-06-07 15:00:00,13.676971,9.167084,100063.08,182.36444,0.9543457,1.6363356,0.0,74.184044
2017-06-07 16:00:00,14.291901,9.024994,100078.734,319.96445,0.9624939,1.9596081,0.0,70.60206
2017-06-07 17:00:00,15.666351,9.344025,100076.586,541.5289,0.9906311,2.3803747,0.0,66.02564
2017-06-07 18:00:00,16.719696,9.4114685,100081.27,760.1422,0.9668579,2.1739314,0.0,62.01511
2017-06-07 19:00:00,17.173553,8.5686035,100076.55,709.86664,0.980011,2.3566957,0.0,56.923252
2017-06-07 20:00:00,17.77533,8.566864,100075.39,709.79553,0.95251465,2.9248607,0.0,54.793365
2017-06-07 21:00:00,18.860474,8.263763,100077.0,727.39557,0.9550171,2.9631546,0.0,50.144398
2017-06-07 22:00:00,18.917938,9.666962,100073.25,669.45776,1.0,3.4733102,0.0,54.92882
2017-06-07 23:00:00,18.238739,9.794189,100047.55,575.69775,1.0,2.6775463,0.0,57.807693
2017-06-08 00:00:00,17.968048,10.20929,100029.66,498.6311,0.96499634,2.6885521,0.0,60.45703
2017-06-08 01:00:00,17.332947,10.380188,100017.734,366.84445,0.96936035,2.4119985,0.0,63.65112
2017-06-08 02:00:00,16.257019,9.935333,100031.8,209.33333,0.926239,2.1683393,0.0,66.15466
2017-06-08 03:00:00,15.363739,11.456268,100056.766,86.755554,0.90686035,1.63714,0.0,77.51193
2017-06-08 04:00:00,14.955139,12.96817,100029.984,5.351111,0.77560425,1.3785504,0.0,87.89953
2017-06-08 05:00:00,14.919708,13.095062,100070.69,0.0,0.65127563,1.8471551,0.0,88.834335
2017-06-08 06:00:00,14.990753,13.1493225,100086.45,0.0,0.6819153,2.0296285,0.0001912117,88.7428
2017-06-08 07:00:00,15.797699,13.465179,100063.95,0.0,0.716156,2.1452072,0.0,86.0173
2017-06-08 08:00:00,16.028595,13.363922,100049.99,0.0,0.944397,1.9639274,0.00053596497,84.199165
2017-06-08 09:00:00,15.872284,13.397308,100074.47,0.0,0.8749695,2.5525393,0.0002641678,85.22997
2017-06-08 10:00:00,15.001068,12.084869,100047.375,0.0,0.90875244,2.2105887,0.0,82.70308
2017-06-08 11:00:00,15.061279,12.1840515,100071.64,0.0,1.0,2.1775413,0.0,82.9229
2017-06-08 12:00:00,14.880066,11.800201,100062.734,0.0,1.0,3.012013,0.0,81.80031
2017-06-08 13:00:00,14.897858,11.862335,100086.34,0.12444445,0.9968872,3.2584915,4.7683716e-07,82.04229
2017-06-08 14:00:00,14.779877,11.549957,100119.83,21.066668,0.9924927,3.4925156,1.4305115e-05,80.980194
2017-06-08 15:00:00,15.329498,11.684967,100187.01,70.63111,1.0,3.369781,0.0013041496,78.866394
2017-06-08 16:00:00,15.782745,11.943054,100219.08,221.29778,1.0,3.3216348,0.0019812584,77.923805
2017-06-08 17:00:00,15.601227,12.622955,100261.09,166.11555,1.0,3.0779202,0.0005145073,82.43998
2017-06-08 18:00:00,15.976715,13.270905,100299.61,208.92444,1.0,2.7308476,0.0005078316,83.96764
2017-06-08 19:00:00,16.597351,14.282227,100329.92,89.68889,1.0,2.719691,0.00051784515,86.19427
2017-06-08 20:00:00,17.365265,14.914337,100359.42,218.36444,0.99624634,2.9127004,0.00027799606,85.51875
2017-06-08 21:00:00,17.995209,14.702057,100352.62,225.03111,0.9906616,3.0095313,1.2397766e-05,81.070015
2017-06-08 22:00:00,18.782227,16.044983,100349.75,170.45334,1.0,2.2785096,1.335144e-05,84.11304
2017-06-08 23:00:00,19.043274,15.550354,100304.67,256.67557,0.9981384,1.6573715,2.5749207e-05,80.17384
2017-06-09 00:00:00,19.263214,15.483215,100265.45,253.38667,0.99935913,1.4294522,4.863739e-05,78.74179
2017-06-09 01:00:00,19.055145,15.35788,100246.95,209.74222,1.0,1.1269288,2.861023e-06,79.131134
2017-06-09 02:00:00,18.563232,15.153595,100213.625,109.84889,0.9987488,1.203123,6.67572e-06,80.53882
2017-06-09 03:00:00,17.754333,16.560577,100230.42,49.884445,1.0,1.1279507,8.583069e-06,92.71883
2017-06-09 04:00:00,17.216248,16.244965,100232.8,2.328889,1.0,0.84065413,1.2397766e-05,94.01542
2017-06-09 05:00:00,17.079498,16.163605,100233.984,0.0,1.0,0.66809314,1.4305115e-06,94.34226
2017-06-09 06:00:00,16.626678,15.893158,100224.32,0.0,0.9981079,1.0037607,1.9073486e-06,95.4303
2017-06-09 07:00:00,16.154297,15.501923,100197.11,0.0,0.9987488,1.2097013,8.106232e-06,95.91207
2017-06-09 08:00:00,15.797821,15.234955,100162.734,0.0,1.0,1.369982,0.00010251999,96.45457
2017-06-09 09:00:00,15.720856,15.092926,100164.83,0.0,1.0,1.4188715,0.0001502037,96.04963
2017-06-09 10:00:00,15.228943,14.808868,100121.97,0.0,1.0,0.93362427,0.00026130676,97.33181
2017-06-09 11:00:00,14.85141,14.342926,100082.68,0.0,1.0,0.6718853,0.00013446808,96.76903
2017-06-09 12:00:00,14.90979,14.106049,100091.625,0.0,1.0,0.59885573,0.00013971329,94.93762
2017-06-09 13:00:00,14.780151,13.729523,100094.55,0.26666668,1.0,1.0606891,5.1498413e-05,93.42219
2017-06-09 14:00:00,14.525452,13.397675,100105.766,20.657778,1.0,1.3533144,1.2874603e-05,92.94111
2017-06-09 15:00:00,15.102264,11.299713,100122.49,100.835556,1.0,1.6638657,6.198883e-06,78.01249
2017-06-09 16:00:00,15.188263,11.349945,100134.84,257.08444,1.0,2.2878637,1.5258789e-05,77.84081
2017-06-09 17:00:00,15.626617,10.85556,100165.836,377.93777,1.0,3.2375145,6.67572e-06,73.237976
2017-06-09 18:00:00,16.45517,11.091064,100192.31,533.6533,1.0,3.961421,0.0,70.55825
2017-06-09 19:00:00,17.342987,10.700836,100235.67,434.7022,0.9924927,4.13687,8.106232e-06,64.98518
2017-06-09 20:00:00,17.756256,10.466522,100237.16,605.0489,1.0,4.094692,9.536743e-07,62.330444
2017-06-09 21:00:00,18.217285,7.5065002,100228.32,739.0578,0.91748047,4.2904067,0.0,49.58315
2017-06-09 22:00:00,18.545197,9.389435,100216.766,769.1556,0.61001587,5.273701,0.0,55.18601
2017-06-09 23:00:00,17.676422,8.236176,100197.89,716.1067,0.2124939,5.2861414,0.0,53.913586
2017-06-10 00:00:00,17.019867,7.7640076,100197.08,639.55554,0.013763428,5.5273037,0.0,54.4227
2017-06-10 01:00:00,16.694977,8.356903,100214.19,494.54224,0.015625,5.641646,0.0,57.84199
2017-06-10 02:00:00,15.849487,8.57373,100171.22,307.05777,0.01687622,5.1989865,0.0,61.94946
2017-06-10 03:00:00,14.367462,10.305389,100202.57,119.36,0.013122559,4.2024546,0.0,76.5638
2017-06-10 04:00:00,13.934387,10.876617,100215.25,7.111111,0.0031433105,4.001134,0.0,81.7988
2017-06-10 05:00:00,13.465607,10.737274,100261.19,0.0,0.003112793,3.7189524,0.0,83.55309
2017-06-10 06:00:00,13.529114,10.753632,100292.234,0.0,0.013122559,3.6290205,0.0,83.29879
2017-06-10 07:00:00,13.217377,10.482941,100232.53,0.0,0.023132324,3.4138482,0.0,83.48992
2017-06-10 08:00:00,13.010895,10.435577,100205.164,0.0,0.10861206,3.5253098,0.0,84.35696
2017-06-10 09:00:00,13.035339,10.774628,100193.88,0.0,0.111694336,3.374211,0.0,86.14674
2017-06-10 10:00:00,12.208649,10.671265,100169.516,0.0,0.07495117,2.8150904,0.0,90.32316
2017-06-10 11:00:00,12.475189,10.975433,100156.47,0.0,0.11618042,3.3304954,0.0,90.56856
2017-06-10 12:00:00,12.668854,11.2378845,100168.23,0.0,0.08062744,3.3157005,0.0,90.99634
2017-06-10 13:00:00,12.527527,10.951508,100169.31,0.5511111,0.034423828,2.7263112,0.0,90.11449
2017-06-10 14:00:00,12.600616,10.755676,100197.445,65.63556,0.043121338,2.787257,0.0,88.522865
2017-06-10 15:00:00,14.542847,9.00528,100212.984,237.29778,0.0663147,3.1857264,0.0,69.37299
2017-06-10 16:00:00,16.169952,9.515076,100238.72,450.22223,0.040008545,3.7961648,0.0,64.6734
2017-06-10 17:00:00,17.216522,9.6406555,100256.3,620.48,0.026245117,4.420165,0.0,61.0243
2017-06-10 18:00:00,17.82788,9.415131,100266.7,770.18665,0.32507324,4.8737407,0.0,57.829998
2017-06-10 19:00:00,18.497742,9.341583,100270.44,912.5511,0.4718933,4.632226,0.0,55.172447
2017-06-10 20:00:00,18.64093,9.396576,100251.68,946.0267,0.48861694,4.5902967,0.0,54.88245
2017-06-10 21:00:00,19.220795,9.142456,100207.14,976.30225,0.49673462,4.895896,0.0,52.031723
2017-06-10 22:00:00,18.825287,10.158936,100193.33,918.4711,0.015625,5.3792286,0.0,57.099297
2017-06-10 23:00:00,18.835297,10.590729,100154.484,842.3467,0.10983276,5.4777026,0.0,58.73237
2017-06-11 00:00:00,18.34433,10.6058655,100146.5,679.52,0.098602295,5.517007,0.0,60.627747
2017-06-11 01:00:00,17.776642,10.737335,100128.16,476.51556,0.044921875,5.2224355,0.0,63.384
2017-06-11 02:00:00,16.553223,10.291107,100097.28,302.24,0.011230469,5.0249567,0.0,66.48179
2017-06-11 03:00:00,15.070709,12.501984,100114.94,116.51556,0.05807495,4.4793158,0.0,84.62276
2017-06-11 04:00:00,14.204926,12.611237,100101.7,6.7733335,0.048675537,3.7297738,0.0,90.13214
2017-06-11 05:00:00,13.840088,12.13559,100123.23,0.0,0.08743286,3.7227736,9.536743e-07,89.45078
2017-06-11 06:00:00,13.760437,11.90506,100154.05,0.0,0.10623169,4.1258554,5.2452087e-06,88.55937
2017-06-11 07:00:00,13.165741,11.144684,100117.37,0.0,0.07623291,4.1875296,9.536743e-07,87.54222
2017-06-11 08:00:00,12.935211,10.615448,100085.766,0.0,0.07809448,3.8151028,0.0,85.798485
2017-06-11 09:00:00,12.869415,10.850739,100079.19,0.0,0.11810303,4.0729103,0.0,87.52902
2017-06-11 10:00:00,11.5971985,9.294678,100047.54,0.0,0.12438965,3.1740046,9.536743e-07,85.75924
2017-06-11 11:00:00,11.884125,9.181732,100001.484,0.0,0.08312988,3.5146546,0.0,83.51166
2017-06-11 12:00:00,12.049896,9.137238,100026.336,0.0,0.09436035,4.549958,0.0,82.356575
2017-06-11 13:00:00,12.185883,8.949188,100044.57,0.58666664,0.2250061,5.151145,0.0,80.59346
2017-06-11 14:00:00,12.265228,8.586395,100070.664,72.337776,0.15689087,5.53398,0.0,78.23118
2017-06-11 15:00:00,13.874908,6.6714783,100081.2,246.7911,0.07873535,5.92961,0.0,61.79418
2017-06-11 16:00:00,14.790192,6.6924744,100128.61,442.75555,0.05999756,5.845121,0.0,58.323917
2017-06-11 17:00:00,15.806793,6.9219055,100130.77,633.6178,0.04748535,5.615387,0.0,55.504307
2017-06-11 18:00:00,16.707092,6.6579895,100143.92,816.5867,0.04937744,5.7859483,0.0,51.466118
2017-06-11 19:00:00,16.926453,6.743561,100161.2,932.5867,0.48010254,6.4148607,0.0,51.05365
2017-06-11 20:00:00,17.148346,7.090912,100197.875,960.67554,0.53637695,6.8168116,4.7683716e-06,51.554783
2017-06-11 21:00:00,17.35318,6.322296,100191.34,976.99554,0.6374512,7.0828342,7.4863434e-05,48.272232
2017-06-11 22:00:00,16.438232,7.6389465,100188.734,766.4,0.3373108,7.109238,0.0,55.992027
2017-06-11 23:00:00,17.18332,8.208771,100148.42,766.04443,0.36489868,7.0651207,0.0,55.51669
2017-06-12 00:00:00,16.777588,8.578827,100208.65,645.2622,0.69558716,7.2931848,0.0,58.41113
2017-06-12 01:00:00,14.780029,7.7103577,100211.09,471.73334,0.3668213,6.416018,0.0,62.574005
2017-06-12 02:00:00,14.802826,8.7239685,100188.31,288.96,0.21124268,5.47101,0.0,66.93423
2017-06-12 03:00:00,13.668274,11.121643,100173.28,104.03555,0.13061523,4.1398377,0.0,84.59155
2017-06-12 04:00:00,13.172241,11.300812,100219.39,7.0755553,0.06506348,3.4001694,1.4305115e-06,88.41573
2017-06-12 05:00:00,13.064423,10.955414,100264.09,0.0,0.11816406,2.6489468,0.0,87.02307
2017-06-12 06:00:00,12.881287,10.516815,100306.09,0.0,0.037506104,2.0223389,0.0,85.537575
2017-06-12 07:00:00,13.0383,10.545502,100293.75,0.0,0.022521973,2.24476,0.0,84.82558
2017-06-12 08:00:00,13.182587,11.003021,100314.3,0.0,0.07501221,3.167833,0.0,86.62738
2017-06-12 09:00:00,12.89859,11.095367,100357.375,0.0,0.21621704,3.6237576,0.0,88.793625
2017-06-12 10:00:00,12.019409,10.786438,100344.05,0.0,0.36984253,2.47879,0.0,92.15969
2017-06-12 11:00:00,11.973999,10.662262,100344.03,0.0,0.41485596,2.0155969,0.0,91.67496
2017-06-12 12:00:00,12.195862,10.782623,100366.03,0.0,0.5723877,1.4893128,0.0,91.07186
2017-06-12 13:00:00,12.182098,10.689301,100413.25,0.48,0.62490845,1.9056265,2.861023e-06,90.58988
2017-06-12 14:00:00,11.846344,10.383484,100477.35,58.34667,0.91748047,2.5932956,3.0517578e-05,90.74742
2017-06-12 15:00:00,13.738739,8.161926,100559.05,192.08888,1.0,3.9378397,7.915497e-05,69.02833
2017-06-12 16:00:00,14.000397,7.99411,100677.25,333.83112,0.94747925,5.0148554,0.00012397766,67.095184
2017-06-12 17:00:00,15.058075,9.5448,100685.125,399.62668,0.63552856,3.264114,0.00024700165,69.588684
2017-06-12 18:00:00,15.917938,9.866913,100702.33,453.1378,0.7413635,2.1297996,9.727478e-05,67.29335
2017-06-12 19:00:00,16.893219,10.081024,100724.34,786.3111,0.8400574,1.7697874,2.3841858e-06,64.15356
2017-06-12 20:00:00,18.291016,10.151428,100725.984,811.6445,0.6176758,1.8530647,0.0,59.01332
2017-06-12 21:00:00,18.787567,8.84494,100687.125,897.3333,0.70513916,2.960126,0.0,52.39574
2017-06-12 22:00:00,18.277557,9.779877,100698.695,856.32,0.45822144,4.34268,0.0,57.61163
2017-06-12 23:00:00,17.69168,10.727264,100729.86,631.73334,0.948761,3.9983537,0.0,63.681736
2017-06-13 00:00:00,17.976929,11.254913,100701.83,605.5467,0.7501831,3.521785,0.0,64.77895
2017-06-13 01:00:00,17.432495,10.899445,100665.664,511.50223,0.21755981,3.7430513,0.0,65.478065
2017-06-13 02:00:00,16.736023,10.764008,100644.266,309.56445,0.043121338,3.7655013,0.0,67.81867
2017-06-13 03:00:00,15.06778,12.137756,100669.516,119.751114,0.02810669,3.2509882,0.0,82.63598
2017-06-13 04:00:00,14.310455,11.986542,100676.67,7.8577776,0.023101807,1.903035,0.0,85.91556
2017-06-13 05:00:00,13.77829,11.664642,100691.34,0.0,0.017486572,0.9646469,0.0,87.06369
2017-06-13 06:00:00,13.636322,11.484436,100687.38,0.0,0.017486572,0.8311999,0.0,86.83037
2017-06-13 07:00:00,13.093506,10.942657,100649.8,0.0,0.02999878,1.2956877,0.0,86.784195
2017-06-13 08:00:00,12.990265,10.795624,100618.47,0.0,0.033111572,1.8333203,0.0,86.52183
2017-06-13 09:00:00,12.855469,10.968445,100622.3,0.0,0.055633545,2.1111913,0.0,88.29719
2017-06-13 10:00:00,11.932404,10.735382,100568.06,0.0,0.850647,0.7716698,0.0,92.37539
2017-06-13 11:00:00,12.01062,10.600464,100550.42,0.0,0.82696533,1.1531036,0.0,91.07816
2017-06-13 12:00:00,12.095367,10.606903,100537.89,0.0,0.8712158,0.8369917,0.0,90.60995
2017-06-13 13:00:00,11.913055,10.099976,100574.46,0.53333336,0.94854736,0.50533944,0.0,88.65329
2017-06-13 14:00:00,11.78537,10.042267,100563.984,61.74222,0.9491577,0.68875355,0.0,89.05883
2017-06-13 15:00:00,13.70401,9.663757,100567.91,212.90666,0.799469,0.9226147,0.0,76.5695
2017-06-13 16:00:00,14.814117,9.992249,100580.5,298.29333,0.7688904,1.5618328,0.0,72.84484
2017-06-13 17:00:00,16.274689,10.596832,100559.266,563.66223,0.21005249,1.7875628,0.0,69.066246
2017-06-13 18:00:00,17.17984,10.806549,100533.65,705.56445,0.0,1.9518096,0.0,66.12315
2017-06-13 19:00:00,18.64972,11.406372,100508.33,914.4711,0.0,2.3826332,0.0,62.726578
2017-06-13 20:00:00,19.812225,11.910004,100497.28,981.44,0.0,3.0109615,0.0,60.316555
2017-06-13 21:00:00,20.555756,9.734039,100444.36,990.25775,0.0,3.6717005,0.0,49.841198
2017-06-13 22:00:00,20.633514,10.410706,100375.66,940.16,0.0,4.1992598,0.0,51.900333
2017-06-13 23:00:00,20.227173,10.675964,100345.63,831.48444,0.0,4.4391813,0.0,54.16896
2017-06-14 00:00:00,19.338348,10.600067,100324.484,687.30664,0.0,4.5294967,0.0,56.952774
2017-06-14 01:00:00,18.448883,10.7777405,100274.22,506.56,0.0,4.179559,0.0,60.924744
2017-06-14 02:00:00,17.372894,10.479767,100242.734,308.21335,0.0,3.5708354,0.0,63.91382
2017-06-14 03:00:00,15.811737,11.968109,100252.49,120.746666,0.0,2.7424922,0.0,77.90794
2017-06-14 04:00:00,14.455109,11.516693,100253.7,8.124444,0.0,2.0601473,0.0,82.51482
2017-06-14 05:00:00,14.4236145,12.145172,100260.695,0.0,0.007507324,1.6849464,0.0,86.18471
2017-06-14 06:00:00,14.310699,12.1539,100259.35,0.0,0.054382324,1.5871917,0.0,86.866615
2017-06-14 07:00:00,13.332001,11.253967,100268.6,0.0,0.03250122,1.6964493,0.0,87.22731
2017-06-14 08:00:00,13.071381,10.972992,100242.66,0.0,0.06814575,1.3522873,0.0,87.08513
2017-06-14 09:00:00,12.598053,10.945923,100232.03,0.0,0.061279297,1.2355138,0.0,89.66512
2017-06-14 10:00:00,11.881989,10.742035,100214.01,0.0,0.3994751,1.1778408,0.0,92.72413
2017-06-14 11:00:00,12.309998,11.025848,100214.17,0.0,0.5013733,1.1367129,0.0,91.86411
2017-06-14 12:00:00,12.491119,11.164734,100221.26,0.0,0.71014404,1.1004444,0.0,91.61813
2017-06-14 13:00:00,12.600433,11.158813,100230.81,0.4977778,0.6513672,0.53589326,0.0,90.92748
2017-06-14 14:00:00,12.877655,11.258636,100234.14,66.82667,0.6851196,0.8707491,0.0,89.88364
2017-06-14 15:00:00,14.462433,9.041443,100255.49,237.76,0.54574585,1.1607393,0.0,69.904884
2017-06-14 16:00:00,16.163544,9.679291,100276.64,438.52444,0.054382324,1.74722,0.0,65.417435
2017-06-14 17:00:00,17.369232,10.017975,100272.9,639.36,0.0,2.1920455,0.0,61.986008
2017-06-14 18:00:00,18.57483,10.481537,100290.45,758.0267,0.0,2.424176,0.0,59.264576
2017-06-14 19:00:00,20.02063,10.921509,100253.16,922.2222,0.0,2.5867252,0.0,55.769802
2017-06-14 20:00:00,21.138214,11.015045,100262.89,990.9689,0.0,2.8578374,0.0,52.37846
2017-06-14 21:00:00,22.29184,9.543976,100215.945,1000.2489,0.0,3.302842,0.0,44.240868
2017-06-14 22:00:00,22.31128,10.856964,100185.22,953.3689,0.0,4.127502,0.0,48.242348
2017-06-14 23:00:00,21.072906,11.037628,100184.99,845.76,0.0,4.606839,0.0,52.66803
2017-06-15 00:00:00,20.303497,11.230682,100190.8,699.32446,0.0,4.3792257,0.0,55.938396
2017-06-15 01:00:00,19.328033,10.910187,100159.34,514.20447,0.0,3.7962656,0.0,58.1779
2017-06-15 02:00:00,18.570831,10.641022,100163.33,313.95557,0.0,3.3886464,0.0,59.91299
2017-06-15 03:00:00,17.167328,12.0121765,100202.78,123.68,0.0,2.7465022,0.0,71.67512
2017-06-15 04:00:00,15.808197,11.750763,100233.8,8.497778,0.014984131,2.4015002,0.0,76.816025
2017-06-15 05:00:00,15.173553,11.5672,100278.61,0.0,0.0093688965,2.3242857,0.0,79.043
2017-06-15 06:00:00,15.0672,11.5746765,100316.58,0.0,0.006866455,2.0802345,0.0,79.624985
2017-06-15 07:00:00,14.57254,10.97525,100311.05,0.0,0.008148193,1.8249649,0.0,79.00331
2017-06-15 08:00:00,14.329681,10.706421,100299.03,0.0,0.0012512207,1.9121459,0.0,78.83155
2017-06-15 09:00:00,13.212341,10.7547,100303.59,0.0,0.024383545,2.0500047,0.0,85.04337
2017-06-15 10:00:00,12.1719055,10.59848,100300.59,0.0,0.16815186,1.7287785,0.0,90.10389
2017-06-15 11:00:00,12.56662,11.040863,100277.984,0.0,0.3901062,1.5965844,0.0,90.41872
2017-06-15 12:00:00,13.048279,11.552032,100323.75,0.0,0.81329346,1.4120089,0.0,90.62975
2017-06-15 13:00:00,13.154388,11.467499,100357.36,0.5511111,0.857666,1.5691059,0.0,89.50152
2017-06-15 14:00:00,12.786133,10.297089,100412.875,66.54222,0.83135986,1.7684823,0.0,84.81923
2017-06-15 15:00:00,14.640625,8.950836,100445.84,237.12,0.8351135,2.1582377,0.0,68.68336
2017-06-15 16:00:00,16.098846,9.746277,100483.09,442.8089,0.4144287,2.662711,0.0,65.98409
2017-06-15 17:00:00,17.517487,9.981781,100478.28,632.60443,0.72991943,2.4891465,0.0,61.25938
2017-06-15 18:00:00,18.869537,10.158661,100506.89,794.3289,0.5767822,4.0120296,0.0,56.94051
2017-06-15 19:00:00,19.834167,10.226837,100522.78,854.93335,0.075653076,4.290079,0.0,53.86561
2017-06-15 20:00:00,20.794586,10.448456,100516.53,886.7733,0.1531372,3.9902532,0.0,51.517242
2017-06-15 21:00:00,22.482025,8.256805,100489.74,948.30225,0.28128052,4.423126,0.0,40.090496
2017-06-15 22:00:00,21.79361,12.135101,100453.516,921.88446,0.35153198,5.026878,0.0,54.18472
2017-06-15 23:00:00,21.772186,12.634674,100420.03,820.08887,0.36697388,4.942037,0.0,56.066402
2017-06-16 00:00:00,21.540985,12.857574,100369.75,671.4667,0.2268982,4.4150953,0.0,57.701996
2017-06-16 01:00:00,21.159027,12.839935,100359.56,492.2311,0.11566162,3.9214237,0.0,59.00166
2017-06-16 02:00:00,20.194916,12.658417,100340.54,297.95557,0.060668945,3.416519,0.0,61.874672
2017-06-16 03:00:00,18.289337,14.091583,100363.21,116.46222,0.009399414,2.805858,0.0,76.50335
2017-06-16 04:00:00,16.891571,13.60141,100393.305,8.106667,0.018737793,2.2862394,0.0,80.94044
2017-06-16 05:00:00,16.723236,13.719208,100431.17,0.0,0.04751587,2.2198856,0.0,82.43967
2017-06-16 06:00:00,16.85141,14.03006,100453.9,0.0,0.07437134,2.2737002,0.0,83.43915
2017-06-16 07:00:00,16.186066,13.369537,100427.375,0.0,0.15002441,2.07178,1.4305115e-06,83.38749
2017-06-16 08:00:00,16.03183,13.213043,100410.72,0.0,0.17190552,2.0975814,1.4305115e-06,83.35707
2017-06-16 09:00:00,15.709259,13.268738,100362.97,0.0,0.21572876,2.1161237,9.536743e-07,85.40459
2017-06-16 10:00:00,14.093933,12.677185,100320.42,0.0,0.7607727,1.1296841,9.536743e-07,91.17637
2017-06-16 11:00:00,14.929291,13.495026,100314.08,0.0,0.55944824,1.2101455,9.536743e-07,91.126854
2017-06-16 12:00:00,15.096344,13.670959,100306.875,0.0,0.63952637,1.2363254,4.7683716e-07,91.190475
2017-06-16 13:00:00,15.249054,13.820038,100310.25,0.4977778,0.56015015,1.0274338,0.0,91.178925
2017-06-16 14:00:00,15.525024,13.851196,100304.16,63.644444,0.6244812,1.3066665,0.0,89.759315
2017-06-16 15:00:00,17.224945,12.424194,100328.734,218.86223,0.1312561,1.5095919,0.0,73.37668
2017-06-16 16:00:00,18.732117,13.0364685,100330.266,433.24445,0.011260986,2.029699,0.0,69.46918
2017-06-16 17:00:00,20.105774,13.188934,100325.34,595.9644,0.0,2.6605968,0.0,64.41484
2017-06-16 18:00:00,21.437836,13.779144,100298.914,777.56445,0.007507324,3.0015116,0.0,61.665916
2017-06-16 19:00:00,22.819885,14.598114,100259.81,831.3422,0.014984131,3.1418018,0.0,59.770943
2017-06-16 20:00:00,23.282013,14.820221,100239.1,913.79553,0.022491455,3.710194,0.0,58.960472
2017-06-16 21:00:00,23.625824,13.043854,100174.4,958.4533,0.0,4.151497,0.0,51.458614
2017-06-16 22:00:00,23.92746,14.243378,100137.92,920.51556,0.05999756,4.6081066,0.0,54.634438
2017-06-16 23:00:00,23.32547,14.2265625,100103.14,819.8222,0.05999756,4.606076,0.0,56.59237
2017-06-17 00:00:00,22.68927,14.080597,100074.39,673.70667,0.090026855,4.13993,0.0,58.26219
2017-06-17 01:00:00,22.210724,13.662689,100041.63,495.07556,0.022491455,3.5987928,0.0,58.376842
2017-06-17 02:00:00,21.826263,13.332123,100027.84,301.47556,0.0,3.3999474,0.0,58.489574
2017-06-17 03:00:00,20.086761,13.884735,100051.336,118.73778,0.0,3.0509868,0.0,67.48026
2017-06-17 04:00:00,19.148224,13.891907,100068.09,8.48,0.0093688965,2.7921627,0.0,71.56675
2017-06-17 05:00:00,18.537628,13.621613,100118.91,0.0,0.003112793,2.6209583,0.0,73.0563
2017-06-17 06:00:00,18.344696,13.732208,100128.81,0.0,0.06500244,2.4068305,0.0,74.47946
2017-06-17 07:00:00,17.55069,13.230988,100129.34,0.0,0.15435791,2.4256153,0.0,75.78094
2017-06-17 08:00:00,17.034515,12.880035,100096.83,0.0,0.23123169,2.20362,0.0,76.52061
2017-06-17 09:00:00,16.178497,12.92041,100060.57,0.0,0.068115234,2.025354,0.0,81.01564
2017-06-17 10:00:00,14.24646,12.022736,100043.45,0.0,0.025634766,1.0297747,0.0,86.47836
2017-06-17 11:00:00,14.938751,12.637787,100033.26,0.0,0.024383545,1.1283604,0.0,86.10872
2017-06-17 12:00:00,15.205688,12.813385,100044.92,0.0,0.04751587,1.2902842,0.0,85.621864
2017-06-17 13:00:00,15.357208,12.927582,100080.86,0.53333336,0.0025024414,1.3820322,0.0,85.428635
2017-06-17 14:00:00,15.556549,12.63736,100080.16,69.68889,0.0062561035,1.6842824,0.0,82.754555
2017-06-17 15:00:00,17.342316,10.172577,100106.375,238.84445,0.0,1.6175687,0.0,62.73718
2017-06-17 16:00:00,18.43399,10.387054,100121.83,433.90222,0.0,1.680393,0.0,59.414307
2017-06-17 17:00:00,20.147003,10.990204,100121.59,620.32,0.0,1.837536,0.0,55.588207
2017-06-17 18:00:00,22.193848,11.848663,100083.984,779.1644,0.0,2.1362576,0.0,51.88799
2017-06-17 19:00:00,23.863617,12.506317,100066.8,895.30664,0.0,2.5382853,0.0,48.971424
2017-06-17 20:00:00,24.840942,13.002533,100020.17,962.13336,0.0,2.9881716,0.0,47.70989
2017-06-17 21:00:00,25.735962,11.860748,99961.91,972.74664,0.0,3.46729,0.0,41.964905
2017-06-17 22:00:00,25.46402,13.726654,99906.42,925.45776,0.0,4.085016,0.0,48.193077
2017-06-17 23:00:00,25.036224,13.976776,99878.56,824.8711,0.014984131,3.875537,0.0,50.24691
2017-06-18 00:00:00,24.351776,14.001648,99808.36,678.4,0.014984131,3.3521097,0.0,52.43142
2017-06-18 01:00:00,23.879974,14.081818,99770.375,499.12888,0.022491455,2.8273618,0.0,54.22007
2017-06-18 02:00:00,22.781586,13.43396,99754.484,302.8089,0.0025024414,2.0545635,0.0,55.551456
2017-06-18 03:00:00,20.958313,14.617157,99712.05,120.32,0.019378662,1.1635659,0.0,67.05237
2017-06-18 04:00:00,19.920563,15.049377,99695.87,8.7288885,0.12249756,1.4505416,0.0,73.510994
2017-06-18 05:00:00,19.056976,15.084534,99741.78,0.0,0.08746338,1.5063387,0.0,77.74401
2017-06-18 06:00:00,18.792633,15.283966,99717.875,0.0,0.16308594,1.2537394,0.0,80.0587
2017-06-18 07:00:00,18.197418,15.025055,99692.8,0.0,0.3668213,0.99089617,0.0,81.72983
2017-06-18 08:00:00,18.295807,15.197723,99676.125,0.0,0.43118286,1.1146692,0.0,82.1337
2017-06-18 09:00:00,17.898376,15.311737,99637.125,0.0,0.27374268,1.0846239,0.0,84.83116
2017-06-18 10:00:00,16.404572,14.329926,99624.36,0.0,0.09121704,0.9667982,0.0,87.52825
2017-06-18 11:00:00,16.946564,15.064117,99595.13,0.0,0.049346924,0.92030895,0.0,88.667755
2017-06-18 12:00:00,16.863922,15.091034,99618.84,0.0,0.0,1.0748874,0.0,89.28845
2017-06-18 13:00:00,17.183807,15.397522,99609.05,0.51555556,0.0,1.0638297,0.0,89.236565
2017-06-18 14:00:00,18.371735,15.929291,99615.25,69.81333,0.0,1.0525554,0.0,85.66837
2017-06-18 15:00:00,19.97049,13.292145,99616.836,239.73334,0.0,0.5742601,0.0,65.39606
2017-06-18 16:00:00,22.184265,13.592743,99607.36,435.57333,0.0,0.43474132,0.0,58.205505
2017-06-18 17:00:00,24.959442,14.412811,99601.46,621.9378,0.0,0.59412056,0.0,51.924118
2017-06-18 18:00:00,26.516815,14.62912,99574.8,781.5822,0.0,0.7844814,0.0,48.005882
2017-06-18 19:00:00,28.486359,15.799591,99565.64,896.96,0.0,1.2897837,0.0,46.116753
2017-06-18 20:00:00,29.650482,16.641632,99527.68,962.8089,0.0,1.720446,0.0,45.48884
2017-06-18 21:00:00,31.13498,15.288422,99497.14,964.4622,0.014984131,2.186418,0.0,38.314804
2017-06-18 22:00:00,32.32715,16.724518,99430.56,921.2622,0.022491455,2.8005295,0.0,39.247047
2017-06-18 23:00:00,31.432404,16.698517,99434.78,821.95557,0.0,3.0827115,0.0,41.222733
2017-06-19 00:00:00,30.427216,16.730988,99410.09,675.5378,0.0,3.3753133,0.0,43.74953
2017-06-19 01:00:00,28.73059,16.08319,99411.12,497.88443,0.0,3.2470863,0.0,46.298634
2017-06-19 02:00:00,27.210907,15.385834,99395.63,303.73334,0.027496338,2.4523966,0.0,48.384956
2017-06-19 03:00:00,24.40506,17.119263,99442.17,120.39111,0.031829834,1.3329725,0.0,63.828003
2017-06-19 04:00:00,23.234894,17.777374,99459.34,8.924444,0.081848145,1.0385932,0.0,71.39534
2017-06-19 05:00:00,21.301239,16.568207,99516.22,0.0,0.038116455,1.1451207,0.0,74.40024
2017-06-19 06:00:00,20.418121,16.368744,99547.016,0.0,0.0,1.4990731,0.0,77.566154
2017-06-19 07:00:00,19.733734,15.964691,99538.21,0.0,0.015625,1.6331676,0.0,78.864716
2017-06-19 08:00:00,19.440338,15.82431,99512.79,0.0,0.01687622,1.5732071,0.0,79.59855
2017-06-19 09:00:00,18.977448,16.442719,99506.7,0.0,0.02999878,1.6121658,0.0,85.22763
2017-06-19 10:00:00,16.215302,14.349274,99498.04,0.0,0.140625,1.4661291,0.0,88.70162
2017-06-19 11:00:00,16.50534,14.699066,99508.29,0.0,0.3786316,1.3745711,0.0,89.06832
2017-06-19 12:00:00,16.807404,14.897583,99548.72,0.0,0.4562378,1.2974831,0.0,88.50009
2017-06-19 13:00:00,17.05719,15.196564,99628.41,0.44444445,0.35125732,1.6104409,0.0,88.801346
2017-06-19 14:00:00,16.850342,14.505157,99620.16,58.524445,0.1586914,1.6028978,0.0,86.05192
2017-06-19 15:00:00,19.254303,13.323914,99686.266,198.82666,0.21365356,1.8218918,0.0,68.51458
2017-06-19 16:00:00,20.608429,13.509003,99702.5,361.08444,0.14117432,1.823213,0.0,63.76178
2017-06-19 17:00:00,22.406677,13.742554,99708.55,545.5822,0.038726807,1.9413546,0.0,57.98479
2017-06-19 18:00:00,24.096588,14.192078,99693.72,725.13776,0.007507324,2.0062354,0.0,53.902264
2017-06-19 19:00:00,25.010284,14.759735,99703.08,838.08,0.052520752,2.0956368,0.0,52.939964
2017-06-19 20:00:00,25.164581,15.096283,99694.0,896.9067,0.11251831,2.5806298,0.0,53.604763
2017-06-19 21:00:00,24.858856,13.751617,99709.53,836.33777,0.15753174,3.0394328,0.0,50.044506
2017-06-19 22:00:00,25.289154,14.3038025,99673.14,840.1067,0.120025635,3.3605683,0.0,50.5554
2017-06-19 23:00:00,25.158844,14.155121,99714.11,815.5022,0.105041504,3.0651631,0.0,50.461117
2017-06-20 00:00:00,24.079742,13.717926,99682.41,643.62665,0.022491455,2.4285147,0.0,52.321423
2017-06-20 01:00:00,23.03537,13.625092,99647.39,482.20444,0.014984131,2.6362271,0.0,55.388535
2017-06-20 02:00:00,21.512146,12.980011,99634.28,289.3511,0.007507324,2.415874,0.0,58.269016
2017-06-20 03:00:00,19.37259,14.660736,99672.72,105.54667,0.007507324,2.0385025,0.0,74.17531
2017-06-20 04:00:00,17.967865,14.357086,99698.33,8.551111,0.014984131,1.6701496,0.0,79.4192
2017-06-20 05:00:00,17.19992,14.2326355,99765.766,0.0,0.0,1.6755223,0.0,82.6948
2017-06-20 06:00:00,17.305634,14.681183,99751.9,0.0,0.0,1.6299868,0.0,84.56077
2017-06-20 07:00:00,16.94104,14.776886,99776.445,0.0,0.014984131,1.8175159,0.0,87.07245
2017-06-20 08:00:00,16.230835,14.071167,99764.42,0.0,0.0,1.8828986,0.0,87.031525
2017-06-20 09:00:00,16.202942,14.574554,99759.73,0.0,0.0012512207,1.8736438,0.0,90.07412
2017-06-20 10:00:00,14.287537,13.330658,99710.71,0.0,0.7501831,1.6484398,0.0,93.970924
2017-06-20 11:00:00,14.670746,13.721527,99688.79,0.0,0.5638733,1.5227283,0.0,94.035126
2017-06-20 12:00:00,15.132721,14.091522,99715.0,0.0,0.7501831,1.4268812,0.0,93.496704
2017-06-20 13:00:00,15.164124,14.034943,99771.89,0.44444445,0.76330566,1.524914,0.0,92.96627
2017-06-20 14:00:00,14.753479,13.58725,99809.3,50.275555,0.7670593,1.5185071,0.0,92.72078
2017-06-20 15:00:00,16.43573,12.58313,99836.41,170.34666,0.63516235,1.6562376,0.0,77.95607
2017-06-20 16:00:00,18.004608,13.457367,99834.57,327.66223,0.13504028,1.7158318,0.0,74.739044
2017-06-20 17:00:00,18.96402,13.398468,99828.375,489.31555,0.048736572,1.7543668,0.0,70.1068
2017-06-20 18:00:00,20.810394,13.731903,99830.766,757.45776,0.0,1.8920995,0.0,63.893166
2017-06-20 19:00:00,22.347992,14.280304,99844.53,892.85333,0.014984131,2.138858,0.0,60.25855
2017-06-20 20:00:00,23.34024,14.566376,99805.234,929.4044,0.0,2.5612051,0.0,57.798576
2017-06-20 21:00:00,23.686005,12.445831,99826.32,977.56445,0.0,3.330764,0.0,49.30191
2017-06-20 22:00:00,23.600098,14.190765,99781.4,937.9733,0.1894226,3.9059303,0.0,55.53286
2017-06-20 23:00:00,22.632233,13.838776,99793.3,836.4978,0.1362915,3.7552235,0.0,57.553837
2017-06-21 00:00:00,21.540955,13.136139,99765.83,689.56445,0.037506104,3.2037518,0.0,58.762947
2017-06-21 01:00:00,20.693512,12.667389,99746.15,509.5822,0.0,2.8199658,0.0,60.033684
2017-06-21 02:00:00,19.437653,11.979706,99705.75,312.12445,0.0,2.6974483,0.0,62.021484
2017-06-21 03:00:00,17.175446,12.762512,99731.664,125.77778,0.0,2.5051095,0.0,75.25898
2017-06-21 04:00:00,16.010712,12.643066,99737.484,9.528889,0.0,2.2097638,0.0,80.413864
2017-06-21 05:00:00,15.731354,12.892212,99770.97,0.0,0.014984131,2.2545485,0.0,83.21077
2017-06-21 06:00:00,15.650452,13.395416,99773.13,0.0,0.015625,2.3756034,0.0,86.4382
2017-06-21 07:00:00,15.028168,13.193756,99795.88,0.0,0.11691284,2.284244,0.0,88.78656
2017-06-21 08:00:00,15.190521,13.374298,99754.19,0.0,0.28637695,2.2465785,4.7683716e-07,88.90525
2017-06-21 09:00:00,14.359009,13.103668,99747.91,0.0,0.7871094,2.2141876,4.7683716e-07,92.16127
2017-06-21 10:00:00,13.496735,12.377563,99682.414,0.0,0.99624634,2.3128972,0.0,92.93897
2017-06-21 11:00:00,13.556,12.438416,99680.875,0.0,0.9300537,2.197811,0.0,92.95181
2017-06-21 12:00:00,13.530487,12.345428,99646.64,0.0,0.97613525,1.9028141,0.0,92.53921
2017-06-21 13:00:00,13.711273,12.430695,99666.234,0.33777776,0.9524231,1.8823335,0.0,91.970634
2017-06-21 14:00:00,13.77359,12.541992,99669.54,44.8,0.86203,1.8804874,0.0,92.270584
2017-06-21 15:00:00,14.475616,11.186981,99692.59,128.44444,0.81326294,2.1765926,0.0,80.625084
2017-06-21 16:00:00,16.326508,11.829071,99680.41,315.57333,0.75579834,1.8913274,0.0,74.70026
2017-06-21 17:00:00,18.251068,11.500336,99652.38,546.7022,0.09439087,1.5163326,0.0,64.715576
2017-06-21 18:00:00,20.89093,12.015137,99611.17,787.30664,0.030639648,1.1279265,0.0,56.818935
2017-06-21 19:00:00,23.170502,12.938232,99575.48,888.1778,0.0,0.9365885,0.0,52.529354
2017-06-21 20:00:00,25.066742,13.7760315,99505.61,968.5689,0.0,1.280193,0.0,49.50578
2017-06-21 21:00:00,25.924347,11.993622,99470.11,982.4533,0.014984131,2.0966265,0.0,41.86384
2017-06-21 22:00:00,26.088379,14.278656,99374.8,899.7156,0.13504028,3.2349637,0.0,48.13385
2017-06-21 23:00:00,25.169952,14.228729,99384.78,799.5022,0.1425476,3.6209273,0.0,50.6688
2017-06-22 00:00:00,24.290619,14.048859,99345.914,660.1067,0.16503906,3.2066371,0.0,52.78554
2017-06-22 01:00:00,23.635284,13.907867,99295.55,505.49335,0.022491455,2.4134028,0.0,54.407555
2017-06-22 02:00:00,23.137482,13.628815,99273.55,308.28445,0.022491455,1.4013706,0.0,55.06051
2017-06-22 03:00:00,21.768036,15.299438,99285.7,123.85778,0.0,1.1278058,0.0,66.67014
2017-06-22 04:00:00,20.078674,15.938141,99292.09,9.8133335,0.02999878,1.1504484,0.0,77.06476
2017-06-22 05:00:00,19.601837,15.809387,99305.266,0.0,0.06750488,1.1064638,0.0,78.72782
2017-06-22 06:00:00,19.348816,15.56546,99317.34,0.0,0.014984131,1.041601,0.0,78.73719
2017-06-22 07:00:00,19.326508,15.914215,99285.266,0.0,0.007507324,1.1608078,0.0,80.62697
2017-06-22 08:00:00,18.23825,15.545197,99247.46,0.0,0.0,0.97790956,0.0,84.290726
2017-06-22 09:00:00,17.866821,15.720978,99211.016,0.0,0.0,0.96799964,0.0,87.26034
2017-06-22 10:00:00,16.301727,14.757355,99200.56,0.0,0.0,0.98124635,0.0,90.57104
2017-06-22 11:00:00,16.591705,15.04895,99172.0,0.0,0.007507324,1.4684764,0.0,90.600494
2017-06-22 12:00:00,17.326874,15.876953,99208.62,0.0,0.008148193,1.4382915,0.0,91.19102
2017-06-22 13:00:00,17.149017,15.417908,99254.43,0.40888888,0.03314209,1.0044621,0.0,89.550476
2017-06-22 14:00:00,17.874664,15.479218,99316.28,65.28,0.0012512207,1.1763233,0.0,85.87625
2017-06-22 15:00:00,20.4841,14.210236,99374.12,237.70667,0.0018920898,1.3964334,0.0,67.2475
2017-06-22 16:00:00,22.831207,14.551727,99414.44,427.66223,0.0,1.1428363,0.0,59.55119
2017-06-22 17:00:00,24.825531,14.555695,99420.47,624.23114,0.0,1.0042071,0.0,52.826817
2017-06-22 18:00:00,26.973724,14.7170105,99426.83,786.89777,0.0,1.2865504,0.0,46.996765
2017-06-22 19:00:00,29.158112,15.715607,99438.14,890.0978,0.0,1.4576131,0.0,44.116142
2017-06-22 20:00:00,30.190155,16.266571,99432.08,958.9511,0.0025024414,1.8118824,0.0,43.05706
2017-06-22 21:00:00,30.034393,13.658783,99422.164,969.70667,0.0012512207,2.4894147,0.0,36.726986
2017-06-22 22:00:00,29.81601,16.997772,99430.86,923.4489,0.037506104,2.6012552,0.0,46.087395
2017-06-22 23:00:00,27.80307,15.675232,99420.58,823.0933,0.11251831,2.718867,0.0,47.610634
2017-06-23 00:00:00,26.03128,14.560516,99443.44,630.9689,0.12753296,2.9284873,0.0,49.185413
2017-06-23 01:00:00,25.22287,14.171417,99456.164,486.8622,0.1425476,2.7883024,0.0,50.322056
2017-06-23 02:00:00,23.56076,13.055359,99495.16,309.5111,0.1425476,2.045848,0.0,51.699818
2017-06-23 03:00:00,21.225616,14.522247,99559.055,125.244446,0.06750488,1.6371723,0.0,65.55665
2017-06-23 04:00:00,20.026947,14.850616,99590.805,9.8133335,0.008148193,1.4649609,0.0,72.09888
2017-06-23 05:00:00,19.314545,14.906525,99642.2,0.0,0.00064086914,1.3648399,0.0,75.633484
2017-06-23 06:00:00,19.075836,15.054779,99665.17,0.0,0.0,1.5618483,0.0,77.50401
2017-06-23 07:00:00,18.54721,14.919159,99675.3,0.0,0.039367676,1.9575428,0.0,79.41223
2017-06-23 08:00:00,18.08847,14.672272,99677.7,0.0,0.023773193,2.1299636,0.0,80.441025
2017-06-23 09:00:00,17.37442,14.363037,99680.28,0.0,0.009399414,1.9643664,0.0,82.48027
2017-06-23 10:00:00,15.641998,13.91391,99707.94,0.0,0.007507324,1.294821,0.0,89.45242
2017-06-23 11:00:00,15.010895,13.444061,99723.56,0.0,0.090026855,1.5560138,0.0,90.34863
2017-06-23 12:00:00,15.045319,13.617645,99775.72,0.0,0.24240112,1.577805,0.0,91.17359
2017-06-23 13:00:00,15.279114,13.820343,99838.766,0.37333333,0.7047119,1.5212538,0.0,91.00478
2017-06-23 14:00:00,15.278107,13.241241,99875.84,67.342224,0.7097168,1.4463255,0.0,87.64207
2017-06-23 15:00:00,17.041626,12.247955,99925.875,233.97333,0.14801025,1.7040869,0.0,73.37857
2017-06-23 16:00:00,18.595612,12.93454,99944.97,408.46222,0.0362854,1.674579,0.0,69.59983
2017-06-23 17:00:00,20.129303,13.3862915,99956.52,533.2622,0.003112793,1.552144,0.0,65.154724
2017-06-23 18:00:00,21.46817,13.354889,99955.66,737.49335,0.0018920898,1.6197202,0.0,59.874413
2017-06-23 19:00:00,22.593353,13.106995,99967.79,893.95557,0.010009766,1.8731436,0.0,55.00382
2017-06-23 20:00:00,23.649567,13.631561,99957.87,978.18665,0.00064086914,2.2415035,0.0,53.393013
2017-06-23 21:00:00,24.190094,12.266876,99940.375,984.6578,0.0,2.5887997,0.0,47.270008
2017-06-23 22:00:00,23.978333,14.463104,99936.516,940.1422,0.1425476,2.9531136,0.0,55.247517
2017-06-23 23:00:00,23.497284,14.207245,99960.46,833.45776,0.16503906,2.939558,0.0,55.93811
2017-06-24 00:00:00,22.825165,14.152008,99951.86,660.5511,0.1425476,2.6568425,0.0,58.051777
2017-06-24 01:00:00,21.73996,13.736603,99922.5,510.52444,0.090026855,2.4907327,0.0,60.368484
2017-06-24 02:00:00,20.524048,13.186218,99935.0,313.99112,0.13504028,2.2862566,0.0,62.75941
2017-06-24 03:00:00,18.832367,15.288666,99979.34,128.05333,0.13504028,1.9952745,0.0,79.88415
2017-06-24 04:00:00,17.535675,14.851837,100011.17,9.955556,0.08251953,1.6709543,0.0,84.26276
2017-06-24 05:00:00,17.077362,14.813019,100070.73,0.0,0.048736572,1.4453378,0.0,86.524536
2017-06-24 06:00:00,17.275421,15.460541,100077.14,0.0,0.07876587,1.3327062,0.0,89.08016
2017-06-24 07:00:00,17.027222,15.348602,100099.19,0.0,0.48825073,1.3037724,0.0,89.84359
2017-06-24 08:00:00,16.213043,14.547272,100091.44,0.0,0.59262085,1.4086299,0.0,89.85758
2017-06-24 09:00:00,15.241425,13.579254,100110.19,0.0,0.83374023,1.5901783,0.0,89.806114
2017-06-24 10:00:00,14.039215,13.339508,100021.16,0.0,0.98931885,1.4897586,0.0,95.55061
2017-06-24 11:00:00,14.185211,13.365845,100039.266,0.0,0.96990967,1.8703017,0.0,94.81315
2017-06-24 12:00:00,14.687225,13.839569,100042.94,0.0,0.97927856,1.909662,0.0,94.65868
2017-06-24 13:00:00,14.673553,13.796936,100117.47,0.28444445,0.98306274,1.9031504,0.0,94.48015
2017-06-24 14:00:00,14.5720825,13.562225,100171.17,51.18222,0.9874573,1.661033,0.0,93.66025
2017-06-24 15:00:00,15.420593,11.647919,100210.39,163.4311,0.9868164,1.4388819,0.0,78.21477
2017-06-24 16:00:00,16.053925,11.581451,100201.07,314.66666,0.97302246,1.5775982,0.0,74.77741
2017-06-24 17:00:00,17.054596,11.869965,100184.59,486.8089,0.714447,2.0609019,0.0,71.51504
2017-06-24 18:00:00,18.384857,12.103424,100171.64,697.5111,0.5600586,2.3729358,0.0,66.78081
2017-06-24 19:00:00,19.561554,12.587006,100160.55,856.32,0.8856201,2.456751,0.0,64.05308
2017-06-24 20:00:00,19.99002,12.699402,100105.68,912.85333,0.91815186,2.4328504,0.0,62.833374
2017-06-24 21:00:00,20.751617,11.782257,100081.98,860.9422,0.9718933,2.588907,0.0,56.434887
2017-06-24 22:00:00,20.768555,13.420715,100052.125,738.75555,0.98498535,3.5075083,0.0,62.773304
2017-06-24 23:00:00,20.304657,13.232361,100044.62,704.1778,0.8612976,3.1243246,0.0,63.80769
2017-06-25 00:00:00,19.874847,13.287811,100025.28,517.0489,0.9468689,2.7006094,0.0,65.766426
2017-06-25 01:00:00,19.093658,13.258087,100027.02,372.65778,0.9437561,2.3789754,0.0,68.90779
2017-06-25 02:00:00,17.965912,12.856567,100018.58,225.86667,0.9918823,2.2566822,0.0,72.03808
2017-06-25 03:00:00,15.994904,13.678864,100063.89,96.977776,0.988739,2.28116,0.0,86.129364
2017-06-25 04:00:00,14.940582,13.2057495,100080.25,8.533334,0.9837036,2.5577605,0.0,89.35871
2017-06-25 05:00:00,14.961761,13.700836,100086.555,0.0,0.9173889,2.6241224,0.0,92.1629
2017-06-25 06:00:00,15.447662,14.324005,100098.94,0.0,0.8450012,2.3736145,0.0,93.01441
2017-06-25 07:00:00,15.215546,13.9557495,100089.34,0.0,0.8206787,2.142637,0.0,92.184456
2017-06-25 08:00:00,15.0338745,13.726288,100084.17,0.0,0.8624878,2.0946782,9.536743e-07,91.88792
2017-06-25 09:00:00,14.890045,13.470367,100103.484,0.0,0.9711304,2.0029826,9.536743e-07,91.21093
2017-06-25 10:00:00,13.003143,12.839752,100095.11,0.0,0.9906006,2.0433164,9.536743e-07,98.9365
2017-06-25 11:00:00,13.485138,13.321991,100078.56,0.0,0.993103,1.9171919,9.536743e-07,98.94203
2017-06-25 12:00:00,13.711761,13.405518,100122.516,0.0,0.9868164,1.9497659,9.536743e-07,98.025696
2017-06-25 13:00:00,13.8471985,13.382507,100196.06,0.21333334,1.0,1.8323305,4.7683716e-07,97.02081
2017-06-25 14:00:00,13.621735,13.015778,100228.5,41.74222,1.0,2.0653954,3.8146973e-06,96.12414
2017-06-25 15:00:00,14.124664,10.885101,100264.78,139.94667,1.0,2.3687367,0.0,80.84083
2017-06-25 16:00:00,14.775665,11.051605,100295.33,327.28888,0.94415283,2.8149583,9.536743e-07,78.37061
2017-06-25 17:00:00,15.8402405,11.756866,100312.86,430.8622,0.932251,2.867152,1.9073486e-06,76.68963
2017-06-25 18:00:00,16.748474,11.996368,100319.39,632.05334,0.39315796,2.881105,0.0,73.52811
2017-06-25 19:00:00,17.61731,12.257599,100337.56,856.23114,0.06375122,2.9830587,0.0,70.7999
2017-06-25 20:00:00,18.256927,12.443512,100336.53,938.29333,0.13693237,3.1431265,0.0,68.84193
2017-06-25 21:00:00,18.91977,10.850555,100329.555,973.6889,0.102508545,3.2008219,0.0,59.442497
2017-06-25 22:00:00,19.697357,11.964691,100314.88,958.88,0.17318726,3.5065455,0.0,60.96771
2017-06-25 23:00:00,19.7518,11.941132,100258.0,855.07556,0.21255493,3.4826353,0.0,60.66762
2017-06-26 00:00:00,19.427765,11.979645,100240.94,712.1422,0.16503906,3.5365822,0.0,62.059414
2017-06-26 01:00:00,18.741913,12.020477,100207.81,507.25333,0.19567871,3.3782282,0.0,64.94768
2017-06-26 02:00:00,17.61206,11.926666,100208.55,280.74667,0.56762695,3.1291177,0.0,69.296364
2017-06-26 03:00:00,15.986053,13.149445,100248.016,127.76889,0.7720032,3.0102975,0.0,83.25472
2017-06-26 04:00:00,14.631195,12.617554,100274.64,9.8133335,0.82003784,3.0145965,0.0,87.71739
2017-06-26 05:00:00,14.561737,12.925781,100330.5,0.0,0.87435913,2.8689332,0.0,89.90914
2017-06-26 06:00:00,14.76358,13.153656,100353.05,0.0,0.9267578,2.5718148,0.0,90.07718
2017-06-26 07:00:00,14.701141,13.1285095,100369.23,0.0,0.9611511,2.4309134,1.9073486e-06,90.292366
2017-06-26 08:00:00,15.436554,13.758392,100352.84,0.0,1.0,2.224695,0.0,89.727356
2017-06-26 09:00:00,15.396088,14.185455,100322.58,0.0,0.9968567,1.9867959,0.0,92.48918
2017-06-26 10:00:00,14.116119,12.512268,100303.98,0.0,0.93743896,2.1403239,0.0,90.065575
2017-06-26 11:00:00,14.2968445,12.598663,100303.8,0.0,0.77993774,1.9650892,4.7683716e-07,89.5233
2017-06-26 12:00:00,14.366425,12.762909,100324.375,0.0,0.7017822,1.8495821,4.7683716e-07,90.08589
2017-06-26 13:00:00,14.520233,12.847504,100357.41,0.21333334,0.54989624,1.9406973,9.536743e-07,89.68987
2017-06-26 14:00:00,14.646759,12.912323,100366.28,50.86222,0.51986694,1.9793118,0.0,89.33806
2017-06-26 15:00:00,15.980743,11.375519,100400.16,181.17334,0.6185303,2.2288415,4.7683716e-07,74.110886
2017-06-26 16:00:00,16.71762,11.889496,100403.0,306.56,0.6274414,2.4087896,0.0,73.15502
2017-06-26 17:00:00,17.202026,11.878754,100433.42,435.34222,0.5682068,2.731778,0.0,70.8914
2017-06-26 18:00:00,18.411652,12.297943,100439.81,674.13336,0.27441406,3.1674452,0.0,67.52756
2017-06-26 19:00:00,19.040741,12.500458,100453.98,883.3778,0.011260986,3.3526022,0.0,65.79068
2017-06-26 20:00:00,19.645264,12.626099,100409.234,987.62665,0.010009766,3.5589683,0.0,63.884296
2017-06-26 21:00:00,20.17868,11.291412,100391.36,1007.07556,0.008148193,3.8518317,0.0,56.599358
2017-06-26 22:00:00,20.897491,12.84848,100380.24,922.13336,0.15130615,4.54522,0.0,59.99172
2017-06-26 23:00:00,20.792725,13.104584,100359.88,850.2222,0.25006104,4.503866,0.0,61.399956
2017-06-27 00:00:00,20.382782,13.406525,100297.67,702.0978,0.44259644,4.472632,0.0,64.225914
2017-06-27 01:00:00,19.73227,13.591217,100253.41,515.87555,0.32321167,4.466257,0.0,67.676056
2017-06-27 02:00:00,18.968964,13.653595,100254.84,319.44888,0.50009155,4.273196,0.0,71.25944
2017-06-27 03:00:00,17.197937,15.48465,100259.8,129.61778,0.69073486,3.7309601,0.0,89.656654
2017-06-27 04:00:00,16.029816,15.319275,100271.79,10.488889,0.89746094,3.4409018,0.0,95.55066
2017-06-27 05:00:00,15.797363,15.323517,100307.54,0.0,0.9668274,3.2847712,0.0,97.00779
2017-06-27 06:00:00,15.902008,15.309906,100311.81,0.0,0.99246216,3.1901603,0.0,96.27639
2017-06-27 07:00:00,15.4548645,14.824127,100303.58,0.0,0.6993103,2.646297,9.536743e-07,96.02429
2017-06-27 08:00:00,15.156952,14.190094,100267.92,0.0,0.664917,2.256592,9.536743e-07,93.94946
2017-06-27 09:00:00,15.252777,14.242859,100255.34,0.0,0.508728,2.0197885,9.536743e-07,93.692184
2017-06-27 10:00:00,13.296234,13.045258,100191.1,0.0,1.0,1.6765425,0.0,98.374214
2017-06-27 11:00:00,13.631592,13.284882,100184.66,0.0,1.0,2.3914623,0.0,97.766014
2017-06-27 12:00:00,14.067596,13.581024,100185.52,0.0,1.0,2.9509785,0.0,96.88776
2017-06-27 13:00:00,14.151367,13.505463,100217.234,0.2488889,1.0,2.9361649,0.0,95.88995
2017-06-27 14:00:00,14.100189,13.160004,100231.97,60.586666,1.0,2.883756,0.0,94.06493
2017-06-27 15:00:00,15.056427,11.714569,100246.766,219.87555,1.0,2.8884203,0.0,80.42038
2017-06-27 16:00:00,15.227142,11.521027,100251.38,377.28,0.99935913,2.9479375,0.0,78.53092
2017-06-27 17:00:00,16.426666,11.857819,100244.67,580.12445,0.9454956,3.1096768,0.0,74.36605
2017-06-27 18:00:00,16.836334,11.699066,100257.32,706.4889,0.80630493,3.440258,0.0,71.69847
2017-06-27 19:00:00,18.171753,12.32663,100251.266,839.5911,0.7389221,3.6458879,0.0,68.6817
2017-06-27 20:00:00,18.695892,12.530975,100222.484,931.4133,0.21942139,3.6991026,0.0,67.35898
2017-06-27 21:00:00,19.22995,10.166718,100214.91,976.5689,0.05999756,3.8110738,0.0,55.70386
2017-06-27 22:00:00,19.003143,12.421631,100186.31,912.05334,0.76828,4.6018224,0.0,65.60479
2017-06-27 23:00:00,18.895111,12.426788,100151.016,836.30225,0.6263733,4.5189934,0.0,66.071396
2017-06-28 00:00:00,18.477844,12.434296,100114.56,690.3467,0.28503418,4.1961846,0.0,67.85318
2017-06-28 01:00:00,17.538849,11.9627075,100074.984,518.3289,0.51760864,3.9808977,0.0,69.783005
2017-06-28 02:00:00,16.384521,11.533722,100061.03,304.81778,0.7076416,3.7264783,0.0,72.98628
2017-06-28 03:00:00,14.923248,12.84494,100079.34,119.69778,0.82510376,3.4795287,0.0,87.3728
2017-06-28 04:00:00,14.592621,13.144714,100073.88,10.1866665,0.8681946,2.9673007,0.0,91.023544
2017-06-28 05:00:00,14.404694,13.119598,100105.87,0.0,0.9692383,2.6144583,0.0,91.98493
2017-06-28 06:00:00,14.285431,12.823456,100112.63,0.0,0.98117065,2.4562356,0.0,90.91926
2017-06-28 07:00:00,14.142212,12.628876,100095.66,0.0,0.99935913,2.319272,9.536743e-07,90.603935
2017-06-28 08:00:00,14.13855,12.54837,100055.625,0.0,1.0,2.349171,9.536743e-07,90.14806
2017-06-28 09:00:00,14.043457,12.42514,100039.47,0.0,1.0,2.4402783,0.0,89.974686
2017-06-28 10:00:00,13.017334,11.816315,99988.03,0.0,1.0,2.0175414,9.536743e-07,92.41301
2017-06-28 11:00:00,13.545013,12.295776,99999.11,0.0,1.0,2.3436084,0.0,92.15042
2017-06-28 12:00:00,13.59729,12.365936,100007.92,0.0,1.0,2.3990023,0.0,92.261856
2017-06-28 13:00:00,13.530792,12.451447,100054.22,0.14222223,1.0,2.3070493,4.7683716e-07,93.18423
2017-06-28 14:00:00,13.387054,12.172699,100085.164,43.02222,1.0,2.2539642,9.536743e-07,92.35294
2017-06-28 15:00:00,14.740936,11.455292,100123.44,140.37334,0.993103,2.2333949,1.9073486e-06,80.67695
2017-06-28 16:00:00,15.092316,11.393219,100133.445,321.45776,0.959198,2.2840807,9.536743e-07,78.547485
2017-06-28 17:00:00,15.887238,11.687347,100153.86,402.13333,0.8206482,2.2329233,9.536743e-07,76.10914
2017-06-28 18:00:00,16.912567,11.991699,100148.96,648.96,0.7389221,2.4061315,0.0,72.743675
2017-06-28 19:00:00,17.558594,11.963928,100145.71,840.8356,0.1894226,2.6155312,0.0,69.701675
2017-06-28 20:00:00,18.168976,12.399139,100130.47,930.82666,0.11251831,2.9474463,0.0,69.02183
2017-06-28 21:00:00,18.655518,10.754059,100114.25,906.7022,0.045013428,3.125452,0.0,60.046333
2017-06-28 22:00:00,19.163483,11.540497,100074.14,880.3555,0.06750488,3.4422686,0.0,61.28644
2017-06-28 23:00:00,19.119293,11.644501,100042.59,812.1778,0.09753418,3.7837737,0.0,61.879673
2017-06-29 00:00:00,18.57547,11.574554,100030.984,692.8356,0.17254639,3.5218506,0.0,63.724197
2017-06-29 01:00:00,17.9086,11.660492,100005.36,510.54224,0.120025635,3.3974526,0.0,66.82838
2017-06-29 02:00:00,16.956818,11.389374,100009.28,299.05777,0.397583,3.1942966,0.0,69.70968
2017-06-29 03:00:00,15.671143,12.128845,100041.08,125.54667,0.7732239,2.9749165,0.0,79.44932
2017-06-29 04:00:00,14.999603,13.149475,100040.555,10.826667,0.8369446,2.573316,0.0,88.693115
2017-06-29 05:00:00,14.564728,12.949249,100093.97,0.0,0.86135864,2.3389015,0.0,90.0299
2017-06-29 06:00:00,14.818146,13.190582,100093.33,0.0,0.8999939,2.214596,0.0,89.977486
2017-06-29 07:00:00,14.243683,12.584869,100094.15,0.0,0.90127563,2.1868563,0.0,89.75076
2017-06-29 08:00:00,14.331512,12.719208,100066.836,0.0,0.9038391,2.092044,0.0,90.031456
2017-06-29 09:00:00,13.816132,12.799286,100061.805,0.0,0.9213257,2.0484428,0.0,93.581245
2017-06-29 10:00:00,13.349396,12.001678,100054.86,0.0,0.85839844,2.4072845,0.0,91.54301
2017-06-29 11:00:00,13.238739,12.033997,100053.53,0.0,0.917572,2.5477657,0.0,92.40295
2017-06-29 12:00:00,13.380646,11.995819,100101.94,0.0,0.9824219,2.3680365,0.0,91.32138
2017-06-29 13:00:00,13.419586,12.031097,100120.7,0.14222223,0.98117065,2.2841496,9.536743e-07,91.30186
2017-06-29 14:00:00,13.063751,11.596344,100180.58,50.88,0.9629822,2.3709834,2.3841858e-06,90.803825
2017-06-29 15:00:00,13.702545,9.835785,100221.79,181.83112,0.91677856,2.5440292,9.536743e-07,77.465675
2017-06-29 16:00:00,14.545898,10.172394,100274.64,350.27554,0.9086609,2.3748546,0.0,75.015785
2017-06-29 17:00:00,15.221741,10.151398,100295.97,515.80444,0.85684204,2.2752173,0.0,71.71775
2017-06-29 18:00:00,16.540833,10.576141,100291.016,730.3289,0.74072266,2.4437957,0.0,67.81175
2017-06-29 19:00:00,17.554962,10.82663,100271.164,827.30664,0.11251831,2.6950262,0.0,64.659645
2017-06-29 20:00:00,18.54248,11.147491,100261.55,940.67554,0.037506104,3.1678905,0.0,62.07492
2017-06-29 21:00:00,19.57846,9.562225,100240.484,948.5867,0.0,3.4557521,0.0,52.344006
2017-06-29 22:00:00,19.161407,11.645111,100227.89,894.04443,0.1425476,3.8641317,0.0,61.71983
2017-06-29 23:00:00,19.022614,11.56369,100225.484,818.9689,0.2581787,4.216497,0.0,61.92243
2017-06-30 00:00:00,18.423615,11.500244,100219.27,709.92,0.15005493,4.1541395,0.0,64.01818
2017-06-30 01:00:00,17.568085,11.55777,100203.45,520.69336,0.120025635,3.8878584,0.0,67.816444
2017-06-30 02:00:00,16.376556,11.372986,100237.49,300.44446,0.6813965,3.825847,0.0,72.2505
2017-06-30 03:00:00,14.582245,12.227325,100266.55,125.35111,0.73324585,3.5931866,0.0,85.76801
2017-06-30 04:00:00,13.698212,12.14032,100254.06,10.897778,0.8475952,3.202886,0.0,90.30772
2017-06-30 05:00:00,13.335785,11.918182,100282.484,0.0,0.88568115,2.6798582,0.0,91.12131
2017-06-30 06:00:00,13.638519,12.715179,100271.49,0.0,0.9038086,2.5637567,0.0,94.148094
2017-06-30 07:00:00,13.39621,12.363678,100252.03,0.0,0.91381836,2.6710763,3.8146973e-06,93.46449
2017-06-30 08:00:00,13.575348,12.421692,100234.875,0.0,0.92318726,3.099287,9.059906e-06,92.73285
2017-06-30 09:00:00,13.405975,12.421783,100205.92,0.0,0.993103,2.9049463,1.1444092e-05,93.76234
2017-06-30 10:00:00,12.56839,12.214752,100177.89,0.0,1.0,2.2672005,9.536743e-06,97.70307
2017-06-30 11:00:00,12.207672,11.605133,100150.32,0.0,1.0,2.5213766,2.861023e-06,96.10367
2017-06-30 12:00:00,12.471527,11.635101,100191.31,0.0,1.0,2.420495,9.536743e-07,94.63846
2017-06-30 13:00:00,12.547424,11.379425,100200.53,0.10666667,1.0,2.2306724,4.7683716e-07,92.58846
2017-06-30 14:00:00,12.443085,11.2221985,100222.03,40.106667,1.0,1.98264,0.0,92.25857
2017-06-30 15:00:00,13.415131,10.159363,100236.945,152.92444,0.9918518,2.1986034,0.0,80.657745
2017-06-30 16:00:00,14.117157,10.680237,100274.45,300.30222,0.959198,2.6795452,9.536743e-07,79.78509
2017-06-30 17:00:00,14.867584,10.915741,100280.87,463.9289,0.82940674,2.8729002,0.0,77.20744
2017-06-30 18:00:00,15.98233,11.214935,100268.75,678.9511,0.78378296,2.8579626,0.0,73.3189
2017-06-30 19:00:00,17.029694,11.311554,100262.53,844.0711,0.21942139,2.9927974,9.536743e-07,69.0315
2017-06-30 20:00:00,17.90445,11.236786,100244.81,935.73334,0.07937622,3.3808484,0.0,64.99702
2017-06-30 21:00:00,18.485382,9.787811,100194.664,984.9067,0.008148193,3.8120532,0.0,56.89561
2017-06-30 22:00:00,18.55478,11.683075,100188.05,950.24,0.24194336,4.388912,0.0,64.26622
2017-06-30 23:00:00,18.503906,12.012085,100156.57,845.76,0.23065186,4.092586,0.0,65.88647
2017-07-01 00:00:00,18.252167,12.30484,100106.19,708.8356,0.090026855,3.5975988,0.0,68.23781
2017-07-01 01:00:00,18.096588,12.629608,100072.92,526.4178,0.056243896,3.4513192,0.0,70.393585
2017-07-01 02:00:00,16.957916,12.036102,100059.05,327.28888,0.40444946,3.3595905,0.0,72.747284
2017-07-01 03:00:00,14.873383,12.193024,100056.36,133.93777,0.7495117,3.4875548,0.0,83.98206
2017-07-01 04:00:00,14.229919,12.951935,100054.94,10.791111,0.8363342,3.0616126,0.0,92.01728
2017-07-01 05:00:00,14.235046,13.029968,100101.14,0.0,0.8675537,3.0230682,0.0,92.4574
2017-07-01 06:00:00,14.05484,12.739838,100110.83,0.0,0.9487915,3.4107444,0.0,91.783966
2017-07-01 07:00:00,13.829193,12.22052,100109.91,0.0,0.9737854,3.772502,9.536743e-07,90.0159
2017-07-01 08:00:00,13.755096,12.079773,100093.875,0.0,0.9850464,3.9450984,9.536743e-07,89.61624
2017-07-01 09:00:00,13.45929,12.005524,100091.83,0.0,0.91748047,3.8290467,9.536743e-07,90.91257
2017-07-01 10:00:00,12.109924,11.063507,100015.375,0.0,1.0,3.4401917,9.536743e-07,93.31459
2017-07-01 11:00:00,11.841156,10.558563,99998.04,0.0,1.0,3.5131147,1.4305115e-06,91.8449
2017-07-01 12:00:00,11.839813,10.310211,100023.625,0.0,1.0,3.5925121,2.861023e-06,90.34347
2017-07-01 13:00:00,11.879883,10.377411,100042.875,0.08888889,1.0,3.57903,1.9073486e-06,90.51015
2017-07-01 14:00:00,11.923737,10.40506,100066.336,45.97333,1.0,3.8104157,3.8146973e-06,90.41541
2017-07-01 15:00:00,13.054749,9.032928,100055.06,139.48445,1.0,3.4585261,3.8146973e-06,76.5603
2017-07-01 16:00:00,14.027618,9.749603,100037.55,291.32443,1.0,3.1459944,1.9073486e-06,75.40993
2017-07-01 17:00:00,14.410706,9.778717,100025.586,457.92,0.8850708,3.047531,9.536743e-07,73.70535
2017-07-01 18:00:00,15.473053,10.31955,100004.234,670.54224,0.7551575,2.9292138,4.7683716e-07,71.367134
2017-07-01 19:00:00,16.735931,10.96048,100017.41,819.18225,0.36883545,2.8456972,0.0,68.71096
2017-07-01 20:00:00,17.900177,11.728973,99963.16,930.6311,0.022491455,2.7339642,0.0,67.16704
2017-07-01 21:00:00,19.103394,10.760101,99949.305,956.9067,0.0018615723,3.006782,0.0,58.412308
2017-07-01 22:00:00,19.448364,11.991821,99894.336,925.2622,0.20254517,3.6733246,0.0,62.029675
2017-07-01 23:00:00,19.12613,11.834442,99842.11,842.3111,0.24194336,3.7628026,0.0,62.6341
2017-07-02 00:00:00,18.850922,11.957703,99826.09,691.7867,0.17254639,3.31223,0.0,64.24004
2017-07-02 01:00:00,18.447113,12.095093,99801.55,518.3111,0.06750488,2.8747184,0.0,66.484085
2017-07-02 02:00:00,17.351288,11.5503845,99802.52,319.2,0.02999878,2.5427883,0.0,68.71819
2017-07-02 03:00:00,15.413116,12.711243,99828.516,128.97778,0.06750488,2.396524,0.0,83.92506
2017-07-02 04:00:00,14.569611,12.452026,99846.22,10.4,0.104400635,2.1747415,0.0,87.11536
2017-07-02 05:00:00,14.336639,12.582733,99876.44,0.0,0.67453,2.090508,0.0,89.1997
2017-07-02 06:00:00,14.18808,12.568329,99891.42,0.0,0.735199,2.2115455,0.0,89.97692
2017-07-02 07:00:00,13.605804,11.95993,99884.664,0.0,0.8070984,2.339639,0.0,89.77895
2017-07-02 08:00:00,13.527863,11.703918,99881.76,0.0,0.82769775,2.3858626,0.0,88.7239
2017-07-02 09:00:00,13.022919,11.417511,99888.1,0.0,0.91430664,2.2907104,0.0,89.975586
2017-07-02 10:00:00,12.395966,11.643768,99873.7,0.0,1.0,2.5402107,0.0,95.16384
2017-07-02 11:00:00,12.724487,11.880524,99870.25,0.0,1.0,2.371151,9.536743e-07,94.60171
2017-07-02 12:00:00,12.890411,11.807892,99912.78,0.0,0.99935913,2.0290396,9.536743e-07,93.13175
2017-07-02 13:00:00,12.870209,11.614288,99967.14,0.07111111,1.0,1.9546404,0.0,92.06992
2017-07-02 14:00:00,12.768005,11.575562,99985.3,37.68889,0.9786682,2.0643013,0.0,92.45121
2017-07-02 15:00:00,14.114136,9.765045,100034.67,141.03111,0.8694153,2.2416406,0.0,75.06569
2017-07-02 16:00:00,15.3333435,10.30307,100040.25,333.6711,0.78826904,2.239853,0.0,71.93081
2017-07-02 17:00:00,16.530243,10.538513,100053.414,510.11557,0.74142456,2.3254132,0.0,67.68746
2017-07-02 18:00:00,17.943634,10.985199,100070.3,694.0267,0.003753662,2.4322748,0.0,63.763214
2017-07-02 19:00:00,19.639679,11.947845,100092.19,865.0311,0.003753662,2.7224271,0.0,61.118637
2017-07-02 20:00:00,20.355743,12.515289,100090.89,906.1689,0.0519104,3.1337101,0.0,60.68977
2017-07-02 21:00:00,21.529602,11.393524,100131.56,958.36444,0.024383545,3.5935547,0.0,52.43566
2017-07-02 22:00:00,20.871979,12.762421,100095.195,852.60443,0.13754272,3.2009335,0.0,59.748283
2017-07-02 23:00:00,20.601135,12.838593,100116.69,766.0089,0.106292725,2.883763,0.0,61.057743
2017-07-03 00:00:00,20.327972,12.906891,100099.41,628.30225,0.14379883,2.820571,0.0,62.374653
2017-07-03 01:00:00,19.950836,12.796967,100131.69,470.8089,0.12942505,2.5909941,0.0,63.390125
2017-07-03 02:00:00,18.627289,11.861176,100138.234,298.29333,0.07064819,2.3858526,0.0,64.73175
2017-07-03 03:00:00,16.641937,13.402832,100158.3,126.613335,0.050628662,2.1716197,0.0,81.17719
2017-07-03 04:00:00,16.026825,13.524139,100157.984,9.777778,0.07940674,1.9291335,0.0,85.092575
2017-07-03 05:00:00,15.8819275,13.698151,100200.94,0.0,0.0687561,1.812129,0.0,86.86255
2017-07-03 06:00:00,15.677704,13.657349,100203.49,0.0,0.42071533,1.8580532,0.0,87.77208
2017-07-03 07:00:00,15.315735,13.423859,100230.86,0.0,0.7608032,1.9475553,0.0,88.47815
2017-07-03 08:00:00,14.71402,12.804718,100208.734,0.0,0.7670593,1.988428,0.0,88.326584
2017-07-03 09:00:00,14.57254,13.018036,100223.0,0.0,0.7876892,1.9128067,0.0,90.39022
2017-07-03 10:00:00,13.132477,12.155426,100179.58,0.0,0.76831055,1.7749975,0.0,93.7935
2017-07-03 11:00:00,13.408539,12.220734,100170.45,0.0,0.76083374,1.7585459,0.0,92.51567
2017-07-03 12:00:00,13.699097,12.395294,100181.08,0.0,0.7720642,1.6554147,0.0,91.82969
2017-07-03 13:00:00,14.1232605,12.641113,100199.5,0.053333335,0.8618469,1.672043,0.0,90.78816
2017-07-03 14:00:00,13.975616,12.205078,100241.0,57.65333,0.7583313,1.6787755,9.536743e-07,89.07347
2017-07-03 15:00:00,15.207001,10.321655,100305.43,210.20444,0.7564392,1.730871,0.0,72.60721
2017-07-03 16:00:00,16.743683,11.212128,100332.37,377.22665,0.335083,1.8181533,0.0,69.83406
2017-07-03 17:00:00,17.915863,11.436737,100371.75,544.08887,0.06378174,1.9225781,4.7683716e-07,65.8165
2017-07-03 18:00:00,18.965057,11.66687,100373.36,635.5911,0.05130005,2.2219555,0.0,62.57074
2017-07-03 19:00:00,20.545685,12.418121,100383.586,837.49335,0.029388428,2.762888,0.0,59.60048
2017-07-03 20:00:00,21.866974,12.585846,100370.0,933.7244,0.038757324,3.1958458,0.0,55.564274
2017-07-03 21:00:00,23.445068,10.670563,100351.25,985.35114,0.016235352,3.7676966,0.0,44.48187
2017-07-03 22:00:00,23.496185,11.187286,100337.02,952.4089,0.13504028,2.6743903,0.0,45.89429
2017-07-03 23:00:00,23.199646,11.005646,100316.59,844.99554,0.1425476,2.7265306,0.0,46.16406
2017-07-04 00:00:00,22.550873,11.078918,100265.88,713.13776,0.15005493,2.8137126,0.0,48.250584
2017-07-04 01:00:00,21.049164,10.690613,100221.78,503.9822,0.090026855,2.4801805,0.0,51.541718
2017-07-04 02:00:00,19.481323,10.024139,100203.0,330.38223,0.090026855,2.1054685,0.0,54.318047
2017-07-04 03:00:00,17.521454,11.854523,100206.69,128.81778,0.07501221,1.8884178,0.0,69.362976
2017-07-04 04:00:00,16.169281,12.396851,100215.18,9.955556,0.052520752,1.4841441,0.0,78.32755
2017-07-04 05:00:00,15.755249,13.357391,100256.195,0.0,0.02999878,1.2648273,0.0,85.64739
2017-07-04 06:00:00,15.537262,13.179749,100259.53,0.0,0.05999756,1.1658092,0.0,85.8509
2017-07-04 07:00:00,15.1987,12.788116,100256.13,0.0,0.04562378,1.0843103,0.0,85.51867
2017-07-04 08:00:00,14.864166,12.53653,100229.2,0.0,0.02999878,1.0493395,0.0,85.95067
2017-07-04 09:00:00,14.678497,12.9965515,100244.62,0.0,0.090026855,1.0944878,0.0,89.64782
2017-07-04 10:00:00,13.325348,12.419037,100203.336,0.0,0.21755981,1.4326371,0.0,94.23961
2017-07-04 11:00:00,13.487335,12.471741,100214.555,0.0,0.3225708,1.4889694,0.0,93.573006
2017-07-04 12:00:00,13.320557,12.254242,100216.69,0.0,0.9197693,1.4560329,0.0,93.25334
2017-07-04 13:00:00,13.593201,12.469513,100233.84,0.035555556,0.93847656,1.3092613,0.0,92.91652
2017-07-04 14:00:00,14.0242,12.539673,100287.26,59.822224,0.93096924,1.204399,0.0,90.76722
2017-07-04 15:00:00,15.305389,10.758362,100330.13,233.13777,0.93911743,1.2625593,0.0,74.28112
2017-07-04 16:00:00,16.234436,10.801514,100347.31,425.2089,0.70199585,1.3511834,0.0,70.19395
2017-07-04 17:00:00,17.431671,10.795715,100374.69,602.88,0.053771973,1.3855959,0.0,65.03127
2017-07-04 18:00:00,18.907806,10.988617,100326.14,771.0933,0.009399414,1.5441215,0.0,60.035385
2017-07-04 19:00:00,20.236725,11.420441,100319.555,884.69336,0.008148193,1.8584354,0.0,56.880566
2017-07-04 20:00:00,21.049103,11.740265,100285.0,973.74225,0.008148193,2.3669484,0.0,55.257565
2017-07-04 21:00:00,21.849304,10.329987,100244.45,994.64886,0.0,2.8215551,0.0,47.90882
2017-07-04 22:00:00,22.483795,11.770966,100206.08,944.5511,0.05999756,2.5125618,0.0,50.719257
2017-07-04 23:00:00,22.18991,12.475006,100199.484,847.25336,0.11251831,3.023584,0.0,54.085033
2017-07-05 00:00:00,20.886902,12.0295105,100183.19,699.4489,0.16503906,3.0943184,0.0,56.88687
2017-07-05 01:00:00,20.16858,11.882111,100169.55,521.0311,0.1425476,2.9012277,0.0,58.890644
2017-07-05 02:00:00,19.293,11.480682,100171.61,318.59555,0.090026855,2.5638018,0.0,60.55354
2017-07-05 03:00:00,17.426239,13.003387,100190.29,131.84,0.07501221,2.291271,0.0,75.251625
2017-07-05 04:00:00,16.08545,13.145538,100203.2,10.168889,0.014984131,1.8834003,0.0,82.706696
2017-07-05 05:00:00,15.5468445,13.554352,100263.58,0.0,0.24005127,1.6675067,0.0,87.91985
2017-07-05 06:00:00,15.197357,13.691559,100291.23,0.0,0.41445923,1.7650368,0.0,90.721436
2017-07-05 07:00:00,14.497253,13.053131,100305.58,0.0,0.759552,1.8177795,9.536743e-07,91.03971
2017-07-05 08:00:00,14.312225,12.905945,100272.57,0.0,0.78637695,1.9460639,4.7683716e-07,91.25316
2017-07-05 09:00:00,13.627167,12.633148,100313.17,0.0,0.95040894,1.7432019,9.536743e-07,93.712296
2017-07-05 10:00:00,12.510468,11.811584,100267.875,0.0,0.98931885,2.146092,0.0,95.50365
2017-07-05 11:00:00,13.059357,12.281799,100238.03,0.0,0.99935913,2.3129203,0.0,95.029655
2017-07-05 12:00:00,13.11142,12.448761,100301.195,0.0,0.9805298,1.6226209,9.536743e-07,95.751816
2017-07-05 13:00:00,13.232208,12.57431,100371.65,0.017777778,0.96484375,1.5914146,0.0,95.78564
2017-07-05 14:00:00,12.79483,12.102417,100381.56,36.16,0.9629822,1.6589038,0.0,95.55412
2017-07-05 15:00:00,13.589996,10.391144,100427.766,148.83556,0.9428711,1.3857932,0.0,80.98864
2017-07-05 16:00:00,14.187744,10.30069,100456.75,306.02667,0.7975769,1.3388453,0.0,77.43566
2017-07-05 17:00:00,15.671295,10.615509,100460.86,507.05777,0.053100586,1.6452521,0.0,71.87095
2017-07-05 18:00:00,17.203278,10.896973,100475.86,746.6311,0.20443726,2.071561,0.0,66.42338
2017-07-05 19:00:00,18.0784,10.95578,100461.58,840.67554,0.31253052,2.519777,0.0,63.101395
2017-07-05 20:00:00,18.659576,10.968445,100416.14,825.3689,0.60998535,2.8264265,0.0,60.89307
2017-07-05 21:00:00,19.473907,9.39151,100464.05,874.1511,0.47940063,2.864939,0.0,52.084248
2017-07-05 22:00:00,20.357422,11.615204,100433.625,843.6089,0.105041504,3.5044508,0.0,57.18985
2017-07-05 23:00:00,20.574738,11.556641,100423.61,836.30225,0.21005249,3.2293308,0.0,56.209442
2017-07-06 00:00:00,20.395355,11.579315,100375.84,689.6178,0.06750488,2.4829395,0.0,56.920734
2017-07-06 01:00:00,19.884552,11.564209,100340.5,510.6311,0.07501221,2.63577,0.0,58.690685
2017-07-06 02:00:00,18.85196,11.344452,100319.59,314.25778,0.11251831,2.9177785,0.0,61.684418
2017-07-06 03:00:00,16.883148,12.553894,100352.67,126.72,0.014984131,2.5811088,0.0,75.62482
2017-07-06 04:00:00,15.975372,12.5746155,100426.164,9.76,0.014984131,2.2386432,0.0,80.23458
2017-07-06 05:00:00,15.7099,12.746368,100457.34,0.0,0.17126465,1.9591669,0.0,82.533104
2017-07-06 06:00:00,15.178619,12.721832,100513.41,0.0,0.5619812,1.721804,0.0,85.258064
2017-07-06 07:00:00,14.701843,12.560883,100517.49,0.0,0.55822754,1.6071422,9.536743e-07,86.994156
2017-07-06 08:00:00,14.252472,12.485504,100492.734,0.0,0.45443726,1.695826,0.0,89.116585
2017-07-06 09:00:00,13.834381,12.202484,100494.266,0.0,0.60821533,1.7568082,0.0,89.87883
2017-07-06 10:00:00,12.29422,11.342377,100450.47,0.0,0.6301575,1.5880829,0.0,93.9107
2017-07-06 11:00:00,12.970978,11.703796,100441.266,0.0,0.6657715,1.5823637,0.0,92.00745
2017-07-06 12:00:00,13.127808,11.599884,100453.484,0.0,0.86431885,1.2993457,0.0,90.44569
2017-07-06 13:00:00,13.208832,11.785187,100497.53,0.0,0.86169434,1.1944491,0.0,91.07656
2017-07-06 14:00:00,12.766571,11.162445,100520.734,47.02222,0.8812256,1.2466992,0.0,89.96414
2017-07-06 15:00:00,14.134277,9.589478,100538.16,189.49333,0.7095032,1.498067,0.0,74.08943
2017-07-06 16:00:00,15.93515,10.50528,100572.0,344.30222,0.06124878,1.6370599,0.0,70.15028
2017-07-06 17:00:00,17.24472,10.534241,100585.16,524.4978,0.07501221,1.9393519,0.0,64.6686
2017-07-06 18:00:00,18.718231,10.868866,100586.22,697.45776,0.08001709,2.2506769,0.0,60.26966
2017-07-06 19:00:00,20.158722,12.139618,100562.33,871.4489,0.060638428,2.5227723,0.0,59.93515
2017-07-06 20:00:00,21.161469,12.244202,100535.58,939.2178,0.040008545,2.7040615,0.0,56.730774
2017-07-06 21:00:00,22.446869,10.74707,100496.66,889.7778,0.019989014,3.0388057,0.0,47.497307
2017-07-06 22:00:00,22.929901,11.494446,100446.625,823.25336,0.09753418,3.5815473,0.0,48.469856
2017-07-06 23:00:00,22.82608,11.768524,100417.92,792.9067,0.014984131,3.4761224,0.0,49.667683
2017-07-07 00:00:00,22.331757,12.300934,100397.336,639.3422,0.0,3.2983367,0.0,53.009865
2017-07-07 01:00:00,21.578583,12.383881,100353.42,503.7511,0.0,2.9736266,0.0,55.808094
2017-07-07 02:00:00,21.126404,12.777435,100378.55,296.10666,0.0,2.826843,0.0,58.87853
2017-07-07 03:00:00,18.750488,13.671661,100392.78,126.54222,0.014984131,2.6295352,0.0,72.32424
2017-07-07 04:00:00,17.444855,13.328369,100435.36,9.191112,0.007507324,2.2679117,0.0,76.77557
2017-07-07 05:00:00,17.108673,13.253937,100483.516,0.0,0.014984131,1.9025102,0.0,78.046135
2017-07-07 06:00:00,17.044891,13.748993,100483.69,0.0,0.007507324,1.4578884,0.0,80.93052
2017-07-07 07:00:00,16.128082,12.997162,100493.09,0.0,0.0,1.4116582,0.0,81.68584
2017-07-07 08:00:00,15.578461,12.365906,100450.64,0.0,0.0,1.4625033,0.0,81.17869
2017-07-07 09:00:00,15.458771,12.871521,100435.37,0.0,0.0,1.2536714,0.0,84.562706
2017-07-07 10:00:00,13.757141,11.878571,100384.89,0.0,0.0,1.0631284,0.0,88.423706
2017-07-07 11:00:00,13.57077,11.704132,100373.49,0.0,0.007507324,1.0281469,0.0,88.477585
2017-07-07 12:00:00,13.470367,11.547211,100366.97,0.0,0.014984131,0.63295746,0.0,88.13908
2017-07-07 13:00:00,14.01059,11.893127,100371.79,0.0,0.007507324,0.7985712,0.0,87.06364
2017-07-07 14:00:00,13.90686,11.236481,100404.14,54.56,0.007507324,0.98748326,4.7683716e-07,83.92678
2017-07-07 15:00:00,15.8072815,10.191071,100403.72,188.12445,0.02999878,1.177977,9.536743e-07,69.25795
2017-07-07 16:00:00,17.52066,11.104004,100399.36,361.6,0.026245117,1.3649919,9.536743e-07,66.00523
2017-07-07 17:00:00,20.064178,11.709564,100374.625,596.8711,0.014984131,1.3842659,0.0,58.60121
2017-07-07 18:00:00,21.584625,11.705536,100357.81,739.91113,0.0,1.7683698,0.0,53.348972
2017-07-07 19:00:00,23.454132,12.304199,100333.05,871.32446,0.022491455,2.3618784,0.0,49.53317
2017-07-07 20:00:00,25.417755,13.003723,100311.516,927.91113,0.014984131,2.8597827,0.0,46.100494
2017-07-07 21:00:00,25.931488,10.674011,100255.45,986.64886,0.0,3.275218,0.0,38.34282
2017-07-07 22:00:00,26.23471,9.810699,100185.47,944.6578,0.0,4.4019127,0.0,35.54939
2017-07-07 23:00:00,25.938751,11.454132,100145.17,847.5022,0.0,4.2596364,0.0,40.363815
2017-07-08 00:00:00,25.551178,11.832153,100103.67,700.4622,0.0,3.7661006,0.0,42.34805
2017-07-08 01:00:00,24.49762,12.378632,100041.12,519.04,0.0,3.3524902,0.0,46.748367
2017-07-08 02:00:00,23.987335,11.279694,100007.31,319.80444,0.0,2.871928,0.0,44.83003
2017-07-08 03:00:00,21.776031,12.629974,100026.59,128.99556,0.0,2.496459,0.0,56.035957
2017-07-08 04:00:00,19.259888,11.816681,100029.11,9.706667,0.0,2.1671765,0.0,62.04114
2017-07-08 05:00:00,18.737793,12.0529785,100077.36,0.0,0.014984131,1.9553909,0.0,65.10368
2017-07-08 06:00:00,18.957153,13.008911,100079.445,0.0,0.0,1.5120898,0.0,68.3754
2017-07-08 07:00:00,18.103485,12.723663,100069.45,0.0,0.0,1.00598,0.0,70.7983
2017-07-08 08:00:00,17.216278,12.154785,100026.94,0.0,0.007507324,0.9690755,0.0,72.12768
2017-07-08 09:00:00,16.09903,11.482208,99991.41,0.0,0.0,1.4628913,0.0,74.07444
2017-07-08 10:00:00,15.312744,11.497528,99992.2,0.0,0.0,0.7156014,0.0,77.97884
2017-07-08 11:00:00,15.186279,11.357574,99963.734,0.0,0.0,0.8357392,0.0,77.89009
2017-07-08 12:00:00,15.058868,11.212982,99971.22,0.0,0.0,0.9706643,0.0,77.78208
2017-07-08 13:00:00,15.4496155,11.473633,99981.26,0.0,0.007507324,1.0808102,0.0,77.174484
2017-07-08 14:00:00,16.447449,12.405273,100003.28,56.764446,0.0,1.1875476,0.0,76.99356
2017-07-08 15:00:00,18.640656,9.06131,100043.09,226.88,0.05999756,1.1232343,0.0,53.657764
2017-07-08 16:00:00,20.614227,9.598175,100059.625,425.2978,0.02999878,1.2461529,0.0,49.21084
2017-07-08 17:00:00,22.377838,8.95755,100074.75,616.81775,0.007507324,1.6538332,0.0,42.305443
2017-07-08 18:00:00,23.585419,8.400909,100082.61,772.6578,0.007507324,2.163157,0.0,37.86727
2017-07-08 19:00:00,25.06607,9.431793,100087.56,906.50665,0.007507324,2.632358,0.0,37.147198
2017-07-08 20:00:00,25.504639,9.812286,100078.5,966.11554,0.022491455,2.899225,0.0,37.12613
2017-07-08 21:00:00,25.736969,8.223358,100089.664,986.29333,0.0,3.0704303,0.0,32.894413
2017-07-08 22:00:00,26.445831,10.591766,100056.875,908.9778,0.1362915,4.0644593,0.0,36.990482
2017-07-08 23:00:00,24.795929,9.897858,100078.125,844.16,0.13378906,3.70002,0.0,38.95111
2017-07-09 00:00:00,22.647247,9.251556,100055.61,697.76,0.105041504,3.4258654,0.0,42.451393
2017-07-09 01:00:00,21.08078,9.20694,100019.81,510.3289,0.052520752,3.380213,0.0,46.575207
2017-07-09 02:00:00,20.189087,9.932526,100002.88,317.38666,0.007507324,2.993844,0.0,51.666374
2017-07-09 03:00:00,17.965607,11.579376,100006.414,127.30666,0.0,2.3884075,0.0,66.232864
2017-07-09 04:00:00,16.645172,12.300995,100017.266,9.404445,0.0,1.7776735,0.0,75.511696
2017-07-09 05:00:00,16.48056,13.122925,100053.07,0.0,0.0,1.3334835,0.0,80.530266
2017-07-09 06:00:00,16.598907,13.807373,100071.82,0.0,0.0,1.3218287,0.0,83.57144
2017-07-09 07:00:00,15.907196,13.595154,100067.8,0.0,0.0,1.4400413,0.0,86.143036
2017-07-09 08:00:00,15.106781,13.13504,100037.27,0.0,0.022491455,1.7220378,0.0,88.00038
2017-07-09 09:00:00,14.112793,12.440887,100040.97,0.0,0.393219,1.8710496,0.0,89.66372
2017-07-09 10:00:00,12.728546,12.033295,100012.28,0.0,0.75894165,1.4741185,0.0,95.53399
2017-07-09 11:00:00,12.994598,12.161194,99997.56,0.0,0.78952026,1.6226615,0.0,94.678566
2017-07-09 12:00:00,13.111908,12.333038,100016.51,0.0,0.80200195,1.6590167,0.0,95.023445
2017-07-09 13:00:00,13.271332,12.260345,100070.266,0.0,0.81637573,1.6850038,0.0,93.5909
2017-07-09 14:00:00,13.056305,11.813843,100092.41,42.737778,0.81573486,1.5755796,0.0,92.16281
2017-07-09 15:00:00,14.303986,10.160065,100117.17,183.98222,0.7838745,1.4842925,0.0,76.13594
2017-07-09 16:00:00,15.488037,10.214264,100128.49,371.18222,0.5506897,1.6383318,0.0,70.79878
2017-07-09 17:00:00,17.374603,10.737274,100120.16,571.4667,0.0,1.9551965,0.0,65.01293
2017-07-09 18:00:00,18.647186,10.599091,100096.32,781.63556,0.0093688965,2.1153548,0.0,59.46081
2017-07-09 19:00:00,19.766815,11.000641,100088.66,880.67554,0.014984131,2.041951,0.0,56.95332
2017-07-09 20:00:00,20.94571,11.636597,100075.516,953.7778,0.0,2.2065213,0.0,55.230465
2017-07-09 21:00:00,22.185883,10.56131,100021.42,973.92,0.0,2.5692132,0.0,47.664745
2017-07-09 22:00:00,22.671478,10.842743,99970.22,954.0089,0.007507324,3.08445,0.0,47.152466
2017-07-09 23:00:00,22.6716,11.55246,99950.81,853.3333,0.0,3.1459117,0.0,49.424786
2017-07-10 00:00:00,21.708221,11.7152405,99907.41,699.18225,0.0,3.1283484,0.0,52.980896
2017-07-10 01:00:00,20.741669,12.100983,99875.42,523.07556,0.0,2.8656855,0.0,57.668884
2017-07-10 02:00:00,19.748047,11.987213,99869.95,322.45334,0.0,2.5739806,0.0,60.866398
2017-07-10 03:00:00,18.058868,13.48764,99890.28,127.68,0.0,2.065897,0.0,74.63143
2017-07-10 04:00:00,17.177887,13.677948,99894.984,9.404445,0.0,1.6762332,0.0,79.88158
2017-07-10 05:00:00,16.770447,14.201355,99940.45,0.0,0.0,1.6931391,0.0,84.80579
2017-07-10 06:00:00,16.477142,14.314606,99941.26,0.0,0.0,1.8363796,0.0,87.03837
2017-07-10 07:00:00,16.233978,14.326691,99945.89,0.0,0.0,1.9152532,0.0,88.46663
2017-07-10 08:00:00,15.658234,13.731659,99942.75,0.0,0.015625,1.9337683,0.0,88.30741
2017-07-10 09:00:00,15.028839,13.872101,99942.33,0.0,0.106292725,2.04688,0.0,92.79294
2017-07-10 10:00:00,13.469788,12.71463,99928.97,0.0,0.75268555,2.0029933,0.0,95.18479
2017-07-10 11:00:00,13.536346,12.696442,99904.8,0.0,0.75582886,1.6329578,0.0,94.66007
2017-07-10 12:00:00,13.622925,12.770386,99902.19,0.0,0.75079346,1.4089097,0.0,94.58524
2017-07-10 13:00:00,13.609161,12.64389,99937.02,0.0,0.75891113,1.4330559,0.0,93.88833
2017-07-10 14:00:00,13.76535,12.365204,99951.53,46.168888,0.76452637,1.5417131,0.0,91.2543
2017-07-10 15:00:00,15.044037,10.371033,99998.484,191.71556,0.7620239,1.7197729,0.0,73.614655
2017-07-10 16:00:00,16.638397,11.218903,100029.125,344.90668,0.7651367,1.8561505,0.0,70.33451
2017-07-10 17:00:00,17.927551,11.466949,100037.39,518.88,0.44381714,1.9833425,0.0,65.89973
2017-07-10 18:00:00,19.710114,12.105743,100066.95,753.24445,0.017486572,2.15505,9.536743e-07,61.488266
2017-07-10 19:00:00,20.536163,12.418335,100058.44,826.11554,0.015625,2.4938822,0.0,59.636356
2017-07-10 20:00:00,21.592194,13.095245,100044.516,910.36444,0.045013428,2.8453684,0.0,58.42254
2017-07-10 21:00:00,21.696869,12.254974,100029.1,895.36,0.06124878,3.4860249,0.0,54.937943
2017-07-10 22:00:00,21.6503,12.826813,100007.37,901.5289,0.21066284,3.4358985,0.0,57.201756
2017-07-10 23:00:00,21.32022,12.6302185,100007.984,842.6667,0.2631836,3.5530498,0.0,57.62329
2017-07-11 00:00:00,20.594482,12.410461,99948.8,671.1289,0.21755981,3.4635503,0.0,59.391403
2017-07-11 01:00:00,19.584137,12.188141,99940.44,500.53333,0.058135986,3.288643,0.0,62.308544
2017-07-11 02:00:00,18.573578,12.122833,99913.82,304.92444,0.037506104,2.8731353,0.0,66.07979
2017-07-11 03:00:00,16.766388,13.19223,99914.54,122.115555,0.01687622,2.310263,0.0,79.43861
2017-07-11 04:00:00,15.964447,13.34314,99919.86,8.96,0.018737793,1.8082396,0.0,84.4305
2017-07-11 05:00:00,15.658295,13.182098,99921.62,0.0,0.01687622,1.6877222,0.0,85.20057
2017-07-11 06:00:00,15.649078,13.353302,99946.86,0.0,0.014984131,1.7575785,0.0,86.20874
2017-07-11 07:00:00,15.251007,12.9548645,99935.42,0.0,0.19943237,1.9299604,0.0,86.167114
2017-07-11 08:00:00,15.239655,12.972687,99957.97,0.0,0.40878296,2.0940661,0.0,86.33059
2017-07-11 09:00:00,14.733246,13.224884,99940.266,0.0,0.7819824,2.1774726,0.0,90.6744
2017-07-11 10:00:00,13.029236,11.80777,99916.96,0.0,0.76394653,2.264686,0.0,92.289055
2017-07-11 11:00:00,13.157593,12.100494,99921.81,0.0,0.77893066,2.2958314,0.0,93.301674
2017-07-11 12:00:00,13.590912,12.330475,99906.09,0.0,0.9442444,2.2080555,0.0,92.08529
2017-07-11 13:00:00,13.645599,12.152588,99953.05,0.0,0.9573059,2.0598114,0.0,90.690575
2017-07-11 14:00:00,13.564178,11.538116,99946.59,40.177776,0.952301,2.0102541,0.0,87.54947
2017-07-11 15:00:00,15.200867,10.188995,99994.17,187.50223,0.7807617,2.1114154,0.0,71.99481
2017-07-11 16:00:00,16.914886,11.071991,100018.84,370.4178,0.76763916,2.2315664,0.0,68.439735
2017-07-11 17:00:00,18.247772,11.413025,100009.11,537.12,0.17254639,2.2690835,0.0,64.355965
2017-07-11 18:00:00,19.723358,11.630524,100002.12,766.9867,0.0,2.6563013,0.0,59.541256
2017-07-11 19:00:00,21.052979,11.875336,99978.53,872.7111,0.014984131,3.0083768,0.0,55.739155
2017-07-11 20:00:00,21.79306,12.26535,99989.67,967.91113,0.007507324,3.315349,0.0,54.652992
2017-07-11 21:00:00,22.300415,11.938568,100005.05,950.4533,0.0,3.6137614,0.0,51.85883
2017-07-11 22:00:00,22.44992,11.282135,99973.34,953.35114,0.11251831,3.139604,0.0,49.20658
2017-07-11 23:00:00,21.88382,11.750824,99999.64,852.2489,0.014984131,3.419212,0.0,52.538532
2017-07-12 00:00:00,21.289948,12.262207,99987.234,700.8356,0.0,3.313863,0.0,56.351734
2017-07-12 01:00:00,20.12149,12.167725,99979.17,509.12,0.0,2.9820027,0.0,60.184708
2017-07-12 02:00:00,19.105621,11.952301,99967.43,302.7911,0.0,2.7234535,0.0,63.203773
2017-07-12 03:00:00,17.220795,13.106628,99990.72,125.706665,0.0,2.5233872,0.0,76.75204
2017-07-12 04:00:00,16.292511,13.1267395,99996.48,8.693334,0.045013428,2.1210232,0.0,81.52108
2017-07-12 05:00:00,16.10617,13.429108,100043.21,0.0,0.039367676,1.9080411,0.0,84.13989
2017-07-12 06:00:00,15.715668,13.279266,100072.3,0.0,0.48449707,1.9483703,0.0,85.428215
2017-07-12 07:00:00,14.862152,12.776093,100063.5,0.0,0.76950073,2.0089698,0.0,87.32285
2017-07-12 08:00:00,14.818268,12.871399,100062.79,0.0,0.79141235,2.0354457,0.0,88.11851
2017-07-12 09:00:00,14.294952,12.852051,100027.91,0.0,0.79016113,2.0322466,0.0,91.03354
2017-07-12 10:00:00,12.911285,12.092621,100003.85,0.0,0.7583313,1.672496,0.0,94.767166
2017-07-12 11:00:00,13.684662,12.582947,100022.625,0.0,0.8008423,1.866028,0.0,93.05546
2017-07-12 12:00:00,13.963226,12.639008,100048.42,0.0,0.90808105,1.7274172,0.0,91.7229
2017-07-12 13:00:00,14.210419,12.862213,100090.55,0.0,0.9623413,1.5611094,0.0,91.59421
2017-07-12 14:00:00,13.789368,12.18277,100081.266,35.982224,0.8824158,1.5531547,0.0,90.02527
2017-07-12 15:00:00,15.428436,11.069519,100103.49,150.77333,0.7576599,1.743236,0.0,75.236786
2017-07-12 16:00:00,16.941345,11.607086,100118.28,312.28445,0.19314575,1.7197164,0.0,70.79063
2017-07-12 17:00:00,18.198029,11.644196,100125.14,551.0222,0.0843811,1.7459192,0.0,65.55223
2017-07-12 18:00:00,19.780487,12.006531,100157.445,731.5911,0.037506104,1.9152658,0.0,60.82134
2017-07-12 19:00:00,20.932465,12.446259,100138.85,685.7244,0.030639648,2.1091473,0.0,58.304398
2017-07-12 20:00:00,21.613922,12.582092,100133.625,809.9911,0.0987854,2.3427744,0.0,56.416985
2017-07-12 21:00:00,22.379425,11.6666565,100126.016,931.9289,0.06750488,2.7220132,0.0,50.691875
2017-07-12 22:00:00,21.664093,12.362701,100087.31,838.4533,0.1425476,2.552834,0.0,55.43952
2017-07-12 23:00:00,21.17157,12.528473,100091.06,734.9511,0.09753418,2.498714,0.0,57.764603
2017-07-13 00:00:00,20.749847,12.711029,100057.24,670.20447,0.21755981,2.4349067,0.0,59.996998
2017-07-13 01:00:00,20.023651,12.5616455,100033.26,508.60443,0.21005249,2.2304537,0.0,62.138596
2017-07-13 02:00:00,19.05606,12.170319,100005.51,312.0711,0.07501221,2.028129,0.0,64.3167
2017-07-13 03:00:00,17.380768,13.877258,100030.92,123.69778,0.037506104,2.0309594,0.0,79.891136
2017-07-13 04:00:00,16.795624,14.136993,100061.734,8.195556,0.0,1.8593993,0.0,84.31788
2017-07-13 05:00:00,16.376373,14.300995,100136.13,0.0,0.0,1.755174,0.0,87.52155
2017-07-13 06:00:00,16.166656,14.33963,100168.67,0.0,0.038116455,1.7661886,0.0,88.92184
2017-07-13 07:00:00,15.374176,13.795959,100175.67,0.0,0.41635132,1.7178942,0.0,90.307625
2017-07-13 08:00:00,14.947968,13.357758,100174.71,0.0,0.64767456,1.7682843,0.0,90.20656
2017-07-13 09:00:00,15.029144,13.877655,100160.42,0.0,0.62265015,1.6774387,0.0,92.82459
2017-07-13 10:00:00,13.162201,12.633118,100137.516,0.0,0.7658386,1.6046765,0.0,96.59644
2017-07-13 11:00:00,13.401672,12.801239,100149.96,0.0,0.76272583,1.633605,0.0,96.15239
2017-07-13 12:00:00,13.712677,13.16861,100176.53,0.0,0.7758179,1.5439996,0.0,96.51625
2017-07-13 13:00:00,14.006256,13.359589,100221.12,0.0,0.9098816,1.5434825,0.0,95.88064
2017-07-13 14:00:00,13.79007,12.729034,100232.7,34.15111,0.903595,1.6021302,0.0,93.30942
2017-07-13 15:00:00,15.044769,11.3272705,100293.375,165.79556,0.75457764,1.7175888,0.0,78.44477
2017-07-13 16:00:00,16.07843,11.540497,100306.42,308.03555,0.7158203,1.7632887,9.536743e-07,74.458534
2017-07-13 17:00:00,17.37564,11.651672,100331.305,519.7156,0.09503174,1.7726833,0.0,69.07349
2017-07-13 18:00:00,18.984955,12.035065,100332.76,701.44,0.031280518,1.8675493,0.0,64.02997
2017-07-13 19:00:00,20.346771,12.644379,100328.22,805.20886,0.1144104,2.1451397,0.0,61.239937
2017-07-13 20:00:00,21.172089,13.008301,100332.234,915.25336,0.02999878,2.4656487,0.0,59.607452
2017-07-13 21:00:00,21.611603,11.1736145,100321.266,892.1067,0.09753418,2.8929965,0.0,51.41806
2017-07-13 22:00:00,21.853699,12.470551,100261.56,910.2756,0.045013428,3.061037,0.0,55.190113
2017-07-13 23:00:00,21.634338,12.72168,100281.35,833.6711,0.045013428,3.3591864,0.0,56.864662
2017-07-14 00:00:00,20.75998,12.6901245,100265.95,655.3778,0.0,3.1699889,0.0,59.877457
2017-07-14 01:00:00,19.784424,12.355316,100258.17,487.32443,0.0,2.8102646,0.0,62.218494
2017-07-14 02:00:00,19.028168,12.081879,100237.14,308.1422,0.0,2.3802235,0.0,64.054695
2017-07-14 03:00:00,17.522064,13.712494,100244.36,123.92889,0.0,1.9914674,0.0,78.337654
2017-07-14 04:00:00,16.653961,14.198578,100256.09,7.911111,0.0,1.6429219,0.0,85.4205
2017-07-14 05:00:00,15.973053,14.310242,100310.41,0.0,0.0,1.6116124,0.0,89.85696
2017-07-14 06:00:00,15.757782,14.404022,100325.19,0.0,0.0,1.6629797,0.0,91.65729
2017-07-14 07:00:00,15.510712,14.145233,100315.31,0.0,0.014984131,1.7033004,0.0,91.57244
2017-07-14 08:00:00,14.718048,13.383331,100294.41,0.0,0.33258057,1.7066492,0.0,91.706505
2017-07-14 09:00:00,14.774139,13.616547,100292.16,0.0,0.76208496,1.688975,0.0,92.77404
2017-07-14 10:00:00,13.614838,13.192993,100237.16,0.0,0.7677002,1.3652,0.0,97.28739
2017-07-14 11:00:00,13.605255,13.121918,100251.75,0.0,0.8942566,1.5176736,0.0,96.89719
2017-07-14 12:00:00,13.686523,13.1185,100259.945,0.0,0.9510498,1.5472773,0.0,96.364624
2017-07-14 13:00:00,14.02002,13.1683655,100295.305,0.0,0.9736328,1.519187,0.0,94.60697
2017-07-14 14:00:00,13.857147,12.640167,100317.54,37.706665,0.91482544,1.5174923,0.0,92.36392
2017-07-14 15:00:00,14.59671,10.599182,100357.69,139.05779,0.7614136,1.514498,0.0,76.93068
2017-07-14 16:00:00,16.36142,11.244507,100370.875,349.6,0.28881836,1.5108856,0.0,71.707085
2017-07-14 17:00:00,17.912384,11.593903,100381.28,512.7289,0.07003784,1.4877529,1.9073486e-06,66.519005
2017-07-14 18:00:00,19.586365,12.277405,100394.64,666.4889,0.025024414,1.5845274,0.0,62.66686
2017-07-14 19:00:00,20.708221,12.390839,100396.58,819.5378,0.22189331,1.8567847,4.7683716e-07,58.900337
2017-07-14 20:00:00,21.929413,12.912567,100400.914,885.74225,0.32815552,2.346208,0.0,56.55054
2017-07-14 21:00:00,23.13321,11.292328,100398.42,904.96,0.49871826,2.699496,0.0,47.240097
2017-07-14 22:00:00,23.407562,12.990448,100354.42,863.36,0.69418335,3.034043,0.0,51.959118
2017-07-14 23:00:00,22.882538,12.996613,100372.25,718.1511,0.46313477,2.8927903,0.0,53.65812
2017-07-15 00:00:00,22.141876,13.246796,100321.11,594.4889,0.18688965,2.8707662,0.0,57.054897
2017-07-15 01:00:00,21.321808,13.221222,100317.016,501.01334,0.052490234,2.8441036,0.0,59.88954
2017-07-15 02:00:00,19.8284,12.636658,100304.17,299.71555,0.03375244,2.4592648,0.0,63.205723
2017-07-15 03:00:00,17.700409,13.914825,100318.6,120.46222,0.0,2.0888672,0.0,78.48612
2017-07-15 04:00:00,16.571014,14.023651,100352.61,7.7155557,0.0,1.6887922,0.0,84.903885
2017-07-15 05:00:00,16.30246,14.780365,100387.28,0.0,0.0,1.446004,0.0,90.7013
2017-07-15 06:00:00,16.29654,14.9131775,100406.99,0.0,0.007507324,1.4054861,0.0,91.51577
2017-07-15 07:00:00,15.507843,14.257751,100406.38,0.0,0.0,1.3828013,0.0,92.259384
2017-07-15 08:00:00,14.999298,13.729095,100360.7,0.0,0.0,1.4271672,0.0,92.10952
2017-07-15 09:00:00,14.618347,13.519775,100338.766,0.0,0.007507324,1.4714397,0.0,93.123024
2017-07-15 10:00:00,12.977051,12.44693,100299.67,0.0,0.51760864,1.3854094,0.0,96.58502
2017-07-15 11:00:00,13.54599,12.860962,100304.07,0.0,0.80133057,1.4200889,0.0,95.62575
2017-07-15 12:00:00,13.696991,13.036652,100291.266,0.0,0.9103699,1.2180266,0.0,95.785255
2017-07-15 13:00:00,13.876801,13.097076,100327.55,0.0,0.75268555,1.135148,0.0,95.04696
2017-07-15 14:00:00,13.611542,12.520111,100334.83,40.124443,0.7501831,1.0381378,0.0,93.11449
2017-07-15 15:00:00,15.583374,11.158508,100364.195,190.7911,0.7514343,0.9107812,0.0,74.9341
2017-07-15 16:00:00,17.09256,11.863007,100379.62,348.99554,0.00064086914,0.9851572,0.0,71.310455
2017-07-15 17:00:00,18.835297,11.716278,100372.94,576.08887,0.008148193,1.2337614,0.0,63.286423
2017-07-15 18:00:00,20.722626,12.132477,100357.85,777.2978,0.0625,1.4200562,0.0,57.856457
2017-07-15 19:00:00,22.675293,12.9036255,100320.36,897.5111,0.04437256,1.5176971,0.0,54.007645
2017-07-15 20:00:00,24.53955,13.747345,100334.58,920.7111,0.15377808,1.8389609,0.0,50.99537
2017-07-15 21:00:00,26.35965,12.515778,100299.34,976.05334,0.21374512,2.4722583,0.0,42.224854
2017-07-15 22:00:00,28.10196,13.8784485,100238.08,927.76886,0.16445923,3.0355105,0.0,41.666958
2017-07-15 23:00:00,27.159515,13.754303,100211.4,843.66223,0.4600525,3.3793392,0.0,43.676155
2017-07-16 00:00:00,25.980865,13.85611,100165.03,689.8311,0.5411682,3.2423975,0.0,47.13181
2017-07-16 01:00:00,24.118378,13.197296,100109.09,506.36444,0.38424683,2.8687243,0.0,50.45884
2017-07-16 02:00:00,23.014679,13.0104065,100082.79,299.28888,0.23739624,2.4615865,0.0,53.278156
2017-07-16 03:00:00,20.659912,14.082306,100081.39,112.08889,0.1317749,1.6821213,0.0,65.97264
2017-07-16 04:00:00,19.212769,13.991913,100066.44,7.306667,0.07620239,1.1302434,0.0,71.74355
2017-07-16 05:00:00,18.737976,14.140228,100101.18,0.0,0.031219482,1.2996888,0.0,74.61713
2017-07-16 06:00:00,18.711456,14.451874,100122.77,0.0,0.00064086914,1.2504479,0.0,76.264366
2017-07-16 07:00:00,18.57138,14.643158,100116.016,0.0,0.018127441,1.2007298,0.0,77.893
2017-07-16 08:00:00,17.831085,13.912323,100100.31,0.0,0.0,1.2299902,0.0,77.829636
2017-07-16 09:00:00,16.730896,13.337616,100072.195,0.0,0.0,1.164203,0.0,80.376945
2017-07-16 10:00:00,15.318756,12.727051,100041.0,0.0,0.34317017,1.3846158,0.0,84.52258
2017-07-16 11:00:00,15.613434,13.107025,100037.89,0.0,0.18057251,0.9084142,0.0,85.02782
2017-07-16 12:00:00,15.812653,13.204224,100016.125,0.0,0.029968262,0.5899342,0.0,84.48467
2017-07-16 13:00:00,15.508575,12.618805,100039.766,0.0,0.0,0.6033564,0.0,82.90857
2017-07-16 14:00:00,16.424896,12.98172,100040.875,47.413334,0.0,0.45132396,0.0,80.07362
2017-07-16 15:00:00,18.845367,12.00058,100070.42,215.82222,0.0,0.79583037,0.0,64.44424
2017-07-16 16:00:00,20.492096,11.750458,100097.81,416.74667,0.0,1.0569365,0.0,57.225212
2017-07-16 17:00:00,22.164948,12.069061,100088.3,610.7022,0.0,1.4520979,0.0,52.74032
2017-07-16 18:00:00,23.719208,12.46817,100055.85,777.5467,0.0,2.0592954,0.0,49.27559
2017-07-16 19:00:00,25.901093,13.745697,100035.64,906.4533,0.0,2.6026692,0.0,47.01657
2017-07-16 20:00:00,26.730469,13.970551,99990.32,980.64,0.0,2.9508994,0.0,45.42622
2017-07-16 21:00:00,27.586395,12.123077,99980.06,995.1289,0.0,3.234663,0.0,38.284283
2017-07-16 22:00:00,28.575043,9.274933,99937.26,951.30664,0.0,3.7724018,0.0,29.895575
2017-07-16 23:00:00,28.351715,9.802582,99914.375,851.0933,0.0,3.9905438,0.0,31.379652
2017-07-17 00:00:00,27.224396,10.213806,99824.125,702.8089,0.0,3.6617944,0.0,34.453022
2017-07-17 01:00:00,25.533325,11.001923,99793.08,519.2178,0.0,3.233642,0.0,40.125507
2017-07-17 02:00:00,23.881927,10.468292,99777.64,317.10223,0.0,2.87175,0.0,42.745544
2017-07-17 03:00:00,20.860474,10.966705,99784.58,123.23556,0.0,2.1978884,0.0,53.11001
2017-07-17 04:00:00,19.41745,11.916718,99795.34,7.36,0.0,1.7316191,0.0,61.842133
2017-07-17 05:00:00,19.024933,12.843597,99831.61,0.0,0.0,1.5114019,0.0,67.35404
2017-07-17 06:00:00,18.634796,13.622894,99829.83,0.0,0.0,1.3751323,0.0,72.61903
2017-07-17 07:00:00,18.206207,13.252686,99827.18,0.0,0.0,1.3909535,0.0,72.81918
2017-07-17 08:00:00,17.388123,12.495331,99802.28,0.0,0.0,1.4254646,0.0,72.96325
2017-07-17 09:00:00,16.612946,12.864899,99812.89,0.0,0.0,1.4362534,0.0,78.51854
2017-07-17 10:00:00,14.475647,11.309479,99772.21,0.0,0.21066284,1.5329311,0.0,81.28239
2017-07-17 11:00:00,14.448517,11.371124,99765.08,0.0,0.053741455,1.7135586,0.0,81.75834
2017-07-17 12:00:00,15.120697,11.867828,99777.54,0.0,0.014984131,1.7673824,0.0,80.90292
2017-07-17 13:00:00,14.847656,11.528656,99846.66,0.0,0.007507324,1.8079345,0.0,80.51353
2017-07-17 14:00:00,15.117554,11.154816,99882.19,45.76,0.045013428,1.7627853,0.0,77.19052
2017-07-17 15:00:00,16.793121,9.687378,99928.625,212.78223,0.037506104,1.5847452,0.0,62.88157
2017-07-17 16:00:00,18.23764,9.765808,99943.02,413.86667,0.007507324,1.8670107,0.0,57.701756
2017-07-17 17:00:00,19.4841,9.792816,99966.55,608.6578,0.02999878,2.1291103,0.0,53.473404
2017-07-17 18:00:00,20.856049,9.697235,99973.48,770.6667,0.0,2.3315315,0.0,48.80647
2017-07-17 19:00:00,21.624786,9.890289,99988.03,864.4978,0.0,2.5402014,0.0,47.16334
2017-07-17 20:00:00,22.342133,10.286743,99989.984,975.5911,0.0,2.7982833,0.0,46.35603
2017-07-17 21:00:00,23.047089,9.382538,99978.18,983.32446,0.0,3.153016,0.0,41.801243
2017-07-17 22:00:00,23.130249,10.812225,99978.64,951.73334,0.17004395,4.016728,0.0,45.76605
2017-07-17 23:00:00,23.218323,10.919891,99952.19,851.07556,0.0,3.7879803,0.0,45.84993
2017-07-18 00:00:00,22.695282,11.404572,99946.17,702.50665,0.0,3.6221836,0.0,48.873074
2017-07-18 01:00:00,21.788696,11.735443,99930.3,518.50665,0.0,3.4278018,0.0,52.7912
2017-07-18 02:00:00,20.472015,11.774628,99909.47,316.3911,0.0,3.140248,0.0,57.38773
2017-07-18 03:00:00,18.212372,12.112946,99944.84,122.54222,0.007507324,2.671789,0.0,67.5502
2017-07-18 04:00:00,17.235626,13.041504,99984.92,7.0755553,0.0,2.1609514,0.0,76.35432
2017-07-18 05:00:00,16.75119,13.220306,100021.56,0.0,0.007507324,1.8423573,0.0,79.66124
2017-07-18 06:00:00,16.186096,13.1128235,100081.59,0.0,0.014984131,1.6896713,0.0,82.001625
2017-07-18 07:00:00,15.775848,13.033325,100046.586,0.0,0.1425476,1.6359677,0.0,83.74357
2017-07-18 08:00:00,15.501953,13.015106,100057.4,0.0,0.3413086,1.8797991,0.0,85.12471
2017-07-18 09:00:00,14.625336,12.943268,100073.64,0.0,0.76763916,2.055793,0.0,89.643036
2017-07-18 10:00:00,12.683563,11.11322,100093.66,0.0,0.7963867,2.1120584,0.0,90.15991
2017-07-18 11:00:00,13.091339,11.686676,100096.055,0.0,0.8382263,2.4136019,0.0,91.183044
2017-07-18 12:00:00,13.049622,11.565338,100149.54,0.0,0.85510254,2.7861154,2.3841858e-06,90.70158
2017-07-18 13:00:00,13.139618,11.691467,100217.41,0.0,0.89193726,2.6151013,1.4305115e-06,90.92464
2017-07-18 14:00:00,12.783844,11.160675,100263.3,30.897778,0.8569641,2.0866911,9.536743e-07,89.851845
2017-07-18 15:00:00,13.480377,9.405121,100308.33,159.39555,0.8556824,1.9520651,4.7683716e-07,76.353645
2017-07-18 16:00:00,14.220093,9.726776,100382.34,302.4711,0.8194275,2.2826962,0.0,74.36084
2017-07-18 17:00:00,15.333466,9.870941,100420.76,477.44,0.77948,2.6620407,0.0,69.880295
2017-07-18 18:00:00,16.154358,9.816223,100419.09,608.67554,0.7595215,2.9505916,0.0,66.05988
2017-07-18 19:00:00,16.941925,9.959473,100436.25,779.00446,0.32629395,3.248443,0.0,63.4373
2017-07-18 20:00:00,17.910156,10.021637,100422.16,888.2133,0.16879272,3.5636835,0.0,59.92085
2017-07-18 21:00:00,18.771576,9.453827,100410.06,982.89777,0.17440796,3.8583515,0.0,54.645565
2017-07-18 22:00:00,19.185852,10.708557,100396.25,946.7733,0.25506592,3.584798,0.0,57.913597
2017-07-18 23:00:00,19.098297,10.98053,100375.19,829.79553,0.16567993,3.597817,0.0,59.293667
2017-07-19 00:00:00,19.025146,11.495544,100339.58,689.7244,0.11376953,3.2447135,0.0,61.63416
2017-07-19 01:00:00,18.295685,11.518646,100312.58,504.33777,0.05999756,2.9066465,0.0,64.61277
2017-07-19 02:00:00,17.697327,11.5399475,100294.67,319.69778,0.23254395,2.4429774,0.0,67.186424
2017-07-19 03:00:00,15.791534,12.655792,100287.14,121.742226,0.48950195,2.2702901,0.0,81.61686
2017-07-19 04:00:00,14.83078,12.629578,100312.16,6.8444443,0.73638916,1.990351,0.0,86.663315
2017-07-19 05:00:00,14.587677,13.002258,100319.055,0.0,0.76760864,1.8735969,0.0,90.208755
2017-07-19 06:00:00,14.858917,13.444061,100333.05,0.0,0.78826904,1.8309242,0.0,91.23755
2017-07-19 07:00:00,14.667786,13.329529,100328.9,0.0,0.81762695,1.8451514,0.0,91.68222
2017-07-19 08:00:00,14.06192,12.782684,100293.23,0.0,0.82699585,1.8701988,0.0,91.99973
2017-07-19 09:00:00,14.120453,12.719513,100299.195,0.0,0.8519287,2.01962,0.0,91.27262
2017-07-19 10:00:00,12.76886,12.338287,100243.97,0.0,0.81207275,1.7483822,9.536743e-07,97.213875
2017-07-19 11:00:00,12.638031,12.019196,100247.0,0.0,0.9074707,1.7922819,0.0,96.01334
2017-07-19 12:00:00,13.126312,12.359161,100264.16,0.0,0.9579468,1.6674092,0.0,95.0972
2017-07-19 13:00:00,13.042328,12.104034,100303.89,0.0,0.9673767,1.547049,0.0,94.029
2017-07-19 14:00:00,12.942474,11.377899,100316.445,36.177776,0.95858765,1.5183856,0.0,90.21328
2017-07-19 15:00:00,14.45108,10.315247,100392.375,186.84445,0.8618469,1.6467744,0.0,76.200935
2017-07-19 16:00:00,15.757538,10.412506,100388.76,412.94223,0.78948975,1.7714605,0.0,70.514084
2017-07-19 17:00:00,17.399384,10.14505,100405.66,617.9022,0.2475586,2.0030487,0.0,62.39625
2017-07-19 18:00:00,18.648407,10.265533,100384.7,793.0489,0.007507324,2.168889,0.0,58.14756
2017-07-19 19:00:00,19.586243,10.368744,100386.555,899.91113,0.007507324,2.5618868,0.0,55.22241
2017-07-19 20:00:00,20.621338,10.7977295,100376.67,967.76886,0.0,3.1602805,0.0,53.29626
2017-07-19 21:00:00,21.389435,9.188446,100358.72,1001.17334,0.0,3.5183682,0.0,45.64405
2017-07-19 22:00:00,21.801788,11.667969,100335.03,966.54224,0.17504883,4.187345,0.0,52.51434
2017-07-19 23:00:00,21.529755,11.710846,100312.984,863.2178,0.045013428,4.9367237,0.0,53.54733
2017-07-20 00:00:00,20.613861,12.120941,100264.2,712.7822,0.090026855,4.4935513,0.0,58.201515
2017-07-20 01:00:00,19.617584,12.076263,100260.92,524.99554,0.045013428,3.7433527,0.0,61.72279
2017-07-20 02:00:00,18.712982,11.951263,100243.125,318.9689,0.037506104,3.46022,0.0,64.769165
2017-07-20 03:00:00,16.676178,12.71991,100266.97,121.795555,0.09939575,3.0705354,0.0,77.46432
2017-07-20 04:00:00,15.596619,13.197662,100297.35,6.4355555,0.24438477,2.4338608,0.0,85.62494
2017-07-20 05:00:00,14.980743,13.131866,100337.875,0.0,0.4225769,2.1831849,0.0,88.69883
2017-07-20 06:00:00,14.936859,13.187683,100378.5,0.0,0.7763977,1.9867725,0.0,89.27477
2017-07-20 07:00:00,14.364441,12.624542,100363.93,0.0,0.82888794,2.0999808,4.7683716e-07,89.28392
2017-07-20 08:00:00,14.255524,12.434784,100377.53,0.0,0.8439026,2.2445455,4.7683716e-07,88.80265
2017-07-20 09:00:00,14.173065,12.625885,100378.305,0.0,0.88516235,2.437643,4.7683716e-07,90.405235
2017-07-20 10:00:00,13.739655,12.814667,100333.1,0.0,0.84954834,1.9786326,4.7683716e-07,94.14242
2017-07-20 11:00:00,13.68454,12.727692,100339.48,0.0,0.87887573,2.212659,4.7683716e-07,93.94364
2017-07-20 12:00:00,13.9496765,12.72995,100375.59,0.0,0.97613525,2.161939,0.0,92.352585
2017-07-20 13:00:00,13.833862,12.647675,100440.445,0.0,0.97180176,1.9706131,0.0,92.5493
2017-07-20 14:00:00,13.972504,12.082184,100460.766,34.31111,0.9692383,2.1413505,0.0,88.37355
2017-07-20 15:00:00,15.075775,10.924042,100498.92,149.97333,0.93118286,2.2250626,0.0,76.22119
2017-07-20 16:00:00,16.336273,11.504181,100508.44,374.8089,0.8213196,2.2288675,9.536743e-07,73.06807
2017-07-20 17:00:00,17.171722,11.628571,100536.0,536.9067,0.7501831,2.4802828,9.536743e-07,69.86369
2017-07-20 18:00:00,17.847351,11.51474,100542.75,719.4133,0.34320068,2.8185172,9.536743e-07,66.443214
2017-07-20 19:00:00,18.841827,11.699585,100530.71,826.3822,0.05999756,3.176341,3.33786e-06,63.190857
2017-07-20 20:00:00,19.177643,11.565277,100500.59,942.57776,0.007507324,3.4217632,0.0,61.332775
2017-07-20 21:00:00,19.941498,11.245728,100477.164,988.1067,0.0,3.7106354,0.0,57.26332
2017-07-20 22:00:00,20.549744,12.735718,100452.766,949.12,0.18753052,4.732674,0.0,60.84027
2017-07-20 23:00:00,20.299896,12.700958,100424.445,850.04443,0.16940308,4.38909,0.0,61.6459
2017-07-21 00:00:00,20.160156,13.035187,100362.09,701.2978,0.19506836,3.2167108,0.0,63.556644
2017-07-21 01:00:00,19.594147,12.999542,100346.19,516.64,0.06750488,2.916054,0.0,65.67435
2017-07-21 02:00:00,18.737091,12.654999,100312.3,313.2978,0.014984131,2.650577,0.0,67.73443
2017-07-21 03:00:00,16.803833,13.388702,100320.016,118.791115,0.035614014,2.451863,0.0,80.27242
2017-07-21 04:00:00,14.977081,12.499725,100336.086,6.0088887,0.15753174,2.104868,0.0,85.12175
2017-07-21 05:00:00,14.927032,12.732452,100359.72,0.0,0.21755981,2.011617,0.0,86.71021
2017-07-21 06:00:00,14.822723,12.58255,100365.78,0.0,0.16253662,1.9317471,0.0,86.44126
2017-07-21 07:00:00,14.481934,12.080109,100353.445,0.0,0.10812378,1.9509352,0.0,85.49322
2017-07-21 08:00:00,14.433868,11.842987,100318.94,0.0,0.23260498,2.0583558,0.0,84.42904
2017-07-21 09:00:00,13.951752,11.871307,100328.2,0.0,0.45825195,2.1669319,0.0,87.27102
2017-07-21 10:00:00,13.041779,11.981812,100253.266,0.0,0.533905,1.8462495,0.0,93.27817
2017-07-21 11:00:00,12.888153,11.465088,100261.56,0.0,0.8127136,1.8355851,0.0,91.05869
2017-07-21 12:00:00,12.794189,11.179749,100280.945,0.0,0.8925476,1.6392486,0.0,89.90467
2017-07-21 13:00:00,12.88031,11.085327,100307.33,0.0,0.9187622,1.6309233,0.0,88.8407
2017-07-21 14:00:00,13.13205,11.217743,100338.375,32.23111,0.8817444,1.7626195,0.0,88.16132
2017-07-21 15:00:00,14.233063,9.748077,100341.74,183.62666,0.5430908,2.0406818,0.0,74.404655
2017-07-21 16:00:00,15.867645,10.848175,100347.01,355.04,0.036865234,2.2395086,0.0,72.081154
2017-07-21 17:00:00,16.881683,11.025421,100364.02,570.25775,0.0043640137,2.3179696,0.0,68.372314
2017-07-21 18:00:00,18.396637,11.658051,100334.19,768.1778,0.0,2.2972338,0.0,64.79929
2017-07-21 19:00:00,19.30481,11.7595825,100331.8,916.23114,0.0,2.5753272,0.0,61.634956
2017-07-21 20:00:00,20.095917,11.9487915,100286.266,991.7867,0.0,2.9555764,0.0,59.416874
2017-07-21 21:00:00,21.082367,10.953217,100266.58,1006.5244,0.0,3.4339733,0.0,52.343067
2017-07-21 22:00:00,21.444397,11.749359,100228.17,960.81775,0.16503906,3.7143948,0.0,53.965237
2017-07-21 23:00:00,21.176178,11.877563,100201.29,858.88,0.1425476,3.8025436,0.0,55.32691
2017-07-22 00:00:00,20.39331,11.763397,100172.7,708.3555,0.06750488,3.3395844,0.0,57.624634
2017-07-22 01:00:00,19.527863,11.743317,100156.516,521.56445,0.0,3.158346,0.0,60.71987
2017-07-22 02:00:00,18.489227,11.573456,100138.47,315.94666,0.0,2.7341173,0.0,64.06486
2017-07-22 03:00:00,16.295288,12.463715,100134.484,119.075554,0.014984131,2.1851711,0.0,78.04262
2017-07-22 04:00:00,15.165588,12.676056,100128.45,5.7066665,0.007507324,1.8331668,0.0,85.07388
2017-07-22 05:00:00,15.183716,12.878326,100152.42,0.0,0.015625,1.6931692,0.0,86.10825
2017-07-22 06:00:00,15.213715,13.272858,100138.41,0.0,0.024383545,1.6510844,0.0,88.18731
2017-07-22 07:00:00,15.153748,13.206757,100125.08,0.0,0.05126953,1.7133112,0.0,88.14683
2017-07-22 08:00:00,15.023712,13.032227,100106.45,0.0,0.23007202,1.8183104,0.0,87.87961
2017-07-22 09:00:00,14.567535,13.135529,100081.08,0.0,0.5314331,1.8681188,0.0,91.11648
2017-07-22 10:00:00,13.578888,12.981659,100034.03,0.0,0.8151245,1.4411156,0.0,96.17776
2017-07-22 11:00:00,13.06134,12.405945,100017.57,0.0,0.95480347,1.6835016,0.0,95.79589
2017-07-22 12:00:00,13.59137,12.756989,100018.375,0.0,0.9579468,1.6222876,0.0,94.696556
2017-07-22 13:00:00,13.658051,12.676666,100033.31,0.0,0.9573059,1.3937802,0.0,93.79144
2017-07-22 14:00:00,13.522308,12.439545,100051.016,31.626667,0.80636597,1.460419,0.0,93.16287
2017-07-22 15:00:00,15.284241,11.18045,100097.08,166.80888,0.7583008,1.7449375,0.0,76.49776
2017-07-22 16:00:00,16.656158,11.649292,100105.016,293.54666,0.3319397,1.805321,0.0,72.28573
2017-07-22 17:00:00,18.509247,11.959198,100084.125,553.70667,0.014984131,1.5514476,0.0,65.63521
2017-07-22 18:00:00,20.504944,12.181061,100054.516,785.8489,0.0,1.4034451,0.0,58.826374
2017-07-22 19:00:00,22.512299,12.843262,100022.7,909.70667,0.0,1.401042,0.0,54.3301
2017-07-22 20:00:00,24.317474,13.652008,99981.84,986.4178,0.0,1.7471615,0.0,51.359222
2017-07-22 21:00:00,26.482788,12.558655,99952.81,1002.79114,0.0,2.1848965,0.0,42.037056
2017-07-22 22:00:00,27.67807,13.101959,99820.375,957.7244,0.037506104,2.2225187,0.0,40.60472
2017-07-22 23:00:00,27.478241,13.542755,99799.14,842.88,0.090026855,2.5467548,0.0,42.28106
2017-07-23 00:00:00,27.046417,14.034149,99766.375,702.2756,0.02999878,2.8652353,0.0,44.773746
2017-07-23 01:00:00,25.92215,14.291565,99760.2,484.76443,0.007507324,2.7838817,0.0,48.65081
2017-07-23 02:00:00,24.405304,14.077972,99742.5,288.37332,0.0,2.170559,0.0,52.52281
2017-07-23 03:00:00,20.883514,15.098907,99762.0,111.80444,0.0,1.5604526,0.0,69.486404
2017-07-23 04:00:00,19.516632,15.662811,99780.78,4.4266667,0.022491455,1.0032097,0.0,78.40674
2017-07-23 05:00:00,18.323761,15.214081,99817.06,0.0,0.010009766,0.8757912,0.0,82.07596
2017-07-23 06:00:00,18.107147,15.723663,99842.7,0.0,0.043151855,1.2002351,0.0,85.96542
2017-07-23 07:00:00,17.479645,15.634979,99831.42,0.0,0.20501709,1.3292481,0.0,88.92649
2017-07-23 08:00:00,17.102264,15.521179,99804.87,0.0,0.4624939,1.2350733,0.0,90.41313
2017-07-23 09:00:00,15.9086,14.798859,99777.96,0.0,0.5081177,1.112136,0.0,93.12191
2017-07-23 10:00:00,14.958649,14.317352,99696.125,0.0,0.6788025,1.3243433,0.0,95.943695
2017-07-23 11:00:00,14.638641,13.882843,99725.68,0.0,0.830719,1.2101576,0.0,95.223335
2017-07-23 12:00:00,14.853088,14.00943,99729.664,0.0,0.779541,0.90768015,4.7683716e-07,94.68992
2017-07-23 13:00:00,15.340607,14.360321,99756.22,0.0,0.76956177,1.0723987,0.0,93.87619
2017-07-23 14:00:00,15.006744,13.849091,99785.81,25.848888,0.74832153,1.1451842,0.0,92.78621
2017-07-23 15:00:00,16.825623,12.249939,99800.19,156.62222,0.72891235,1.110445,0.0,74.40067
2017-07-23 16:00:00,18.0997,12.407135,99825.39,336.40887,0.105041504,1.1693026,0.0,69.35946
2017-07-23 17:00:00,19.83316,12.7439575,99814.87,484.17776,0.045013428,1.3549551,0.0,63.633076
2017-07-23 18:00:00,21.8096,13.20694,99788.555,629.38666,0.015625,1.6398255,0.0,58.072807
2017-07-23 19:00:00,23.11618,13.244965,99779.914,778.20447,0.007507324,1.8853561,0.0,53.769394
2017-07-23 20:00:00,24.23114,13.419983,99764.875,880.1067,0.02999878,2.3047194,0.0,50.851746
2017-07-23 21:00:00,25.592316,11.7343445,99743.75,909.79553,0.031280518,2.7658052,0.0,41.972725
2017-07-23 22:00:00,24.91269,13.116058,99683.64,876.7289,0.1425476,2.8292325,0.0,47.859695
2017-07-23 23:00:00,23.36142,13.092743,99687.47,675.91113,0.09753418,2.8172438,0.0,52.453773
2017-07-24 00:00:00,22.333984,13.308868,99624.29,577.9733,0.105041504,2.6413653,0.0,56.61984
2017-07-24 01:00:00,21.571625,13.754913,99603.62,452.2311,0.08251953,2.3817472,0.0,61.06625
2017-07-24 02:00:00,20.49582,13.456268,99600.75,235.75111,0.07501221,1.9293065,4.2915344e-06,63.986195
2017-07-24 03:00:00,18.855255,14.704498,99603.55,90.54222,0.06750488,1.7671494,5.722046e-06,76.82511
2017-07-24 04:00:00,17.898834,14.39801,99644.984,3.5377777,0.05999756,1.706741,4.7683716e-07,79.97657
2017-07-24 05:00:00,17.705048,14.5850525,99705.805,0.0,0.24005127,1.7230614,9.536743e-07,81.944016
2017-07-24 06:00:00,17.46521,14.33847,99708.625,0.0,0.37509155,1.8837132,4.7683716e-07,81.87809
2017-07-24 07:00:00,16.74878,13.916779,99699.22,0.0,0.5701294,2.1893485,0.0,83.3695
2017-07-24 08:00:00,15.875122,13.018341,99713.47,0.0,0.68392944,2.265748,1.4305115e-06,83.131874
2017-07-24 09:00:00,15.380402,13.610168,99699.75,0.0,0.7583008,2.341974,0.0,89.18727
2017-07-24 10:00:00,14.179657,12.614349,99697.2,0.0,0.7602234,2.2164667,0.0,90.29826
2017-07-24 11:00:00,14.005005,12.191956,99712.81,0.0,0.77337646,2.2710843,0.0,88.82702
2017-07-24 12:00:00,14.195465,12.301666,99734.45,0.0,0.79397583,2.0393775,0.0,88.3723
2017-07-24 13:00:00,14.459991,12.364349,99743.01,0.0,0.782074,1.720634,4.7683716e-07,87.23083
2017-07-24 14:00:00,14.440369,12.000824,99759.49,27.52,0.7645874,1.7537088,9.536743e-07,85.27666
2017-07-24 15:00:00,16.044373,11.291199,99801.15,150.13333,0.7052002,2.1000247,9.536743e-07,73.39903
2017-07-24 16:00:00,16.860748,11.247345,99805.65,298.38223,0.05441284,2.2967467,0.0,69.47891
2017-07-24 17:00:00,18.492462,11.832733,99833.945,487.6089,0.035003662,2.9298503,0.0,65.15846
2017-07-24 18:00:00,19.675415,12.342987,99811.94,615.2889,0.021270752,3.5700426,0.0,62.59034
2017-07-24 19:00:00,20.811676,13.249908,99814.04,809.9733,0.043151855,3.8885243,0.0,61.913147
2017-07-24 20:00:00,21.63498,13.628876,99808.08,838.61334,0.01687622,4.183167,0.0,60.333187
2017-07-24 21:00:00,22.53595,12.323853,99812.47,876.5867,0.058807373,4.57254,0.0,52.434345
2017-07-24 22:00:00,22.2966,12.07193,99734.55,851.68,0.008148193,3.5180469,0.0,52.328815
2017-07-24 23:00:00,22.184235,12.272614,99708.95,732.9422,0.008758545,4.165918,0.0,53.388897
2017-07-25 00:00:00,22.205536,12.874603,99700.66,636.8,0.009399414,4.09259,0.0,55.467896
2017-07-25 01:00:00,21.430267,13.00705,99693.67,455.87555,0.03314209,3.746783,0.0,58.665787
2017-07-25 02:00:00,20.517517,13.147858,99716.19,253.74222,0.024383545,3.1608913,0.0,62.627605
2017-07-25 03:00:00,18.554657,15.292511,99767.11,84.746666,0.06124878,2.2827735,0.0,81.30487
2017-07-25 04:00:00,17.853912,15.015045,99827.58,3.3244445,0.12878418,1.7274374,4.7683716e-07,83.46138
2017-07-25 05:00:00,17.509369,14.797455,99853.516,0.0,0.07312012,1.3289849,0.0,84.10744
2017-07-25 06:00:00,17.25882,14.455383,99878.61,0.0,0.0987854,1.2939818,0.0,83.58335
2017-07-25 07:00:00,17.209167,14.116608,99882.3,0.0,0.00064086914,1.5694435,0.0,82.02732
2017-07-25 08:00:00,16.648254,13.383331,99896.95,0.0,0.09063721,1.7355865,0.0,81.04147
2017-07-25 09:00:00,16.34201,13.703217,99894.22,0.0,0.5126343,1.892146,0.0,84.376175
2017-07-25 10:00:00,15.380829,13.296234,99937.234,0.0,0.60769653,1.5534744,0.0,87.3788
2017-07-25 11:00:00,15.253876,13.128815,99913.11,0.0,0.47579956,1.6586462,0.0,87.13656
2017-07-25 12:00:00,15.333405,13.19931,99954.91,0.0,0.7946167,1.4650444,0.0,87.09257
2017-07-25 13:00:00,15.730682,13.497314,99997.016,0.0,0.8302002,1.297081,0.0,86.568146
2017-07-25 14:00:00,15.5998535,13.177246,100050.66,27.502222,0.8227234,1.0438224,0.0,85.49312
2017-07-25 15:00:00,17.145294,11.946808,100096.22,153.33333,0.8032837,1.3379791,0.0,71.46659
2017-07-25 16:00:00,17.885345,11.924438,100120.016,318.93332,0.64575195,1.6545316,0.0,68.10274
2017-07-25 17:00:00,19.211945,11.9105835,100154.72,550.5956,0.05001831,1.8633947,0.0,62.613556
2017-07-25 18:00:00,20.66684,12.528046,100140.45,677.6711,0.028778076,2.0503385,0.0,59.5853
2017-07-25 19:00:00,21.35727,12.636139,100157.66,867.30664,0.00064086914,2.3236535,0.0,57.51479
2017-07-25 20:00:00,22.213654,13.312775,100096.06,960.33777,0.0,2.9435675,0.0,57.05091
2017-07-25 21:00:00,23.22934,12.264191,100122.84,970.3111,0.0,3.7707944,0.0,50.078655
2017-07-25 22:00:00,23.047516,11.927307,100110.19,915.7867,0.105041504,2.8462198,0.0,49.521706
2017-07-25 23:00:00,22.872314,11.787964,100099.66,834.7733,0.15005493,3.1206098,0.0,49.592205
2017-07-26 00:00:00,22.385345,12.139801,100083.77,689.9911,0.1425476,3.031542,0.0,52.280006
2017-07-26 01:00:00,21.84665,12.395508,100076.32,505.74222,0.13504028,3.0175555,0.0,54.94238
2017-07-26 02:00:00,20.792755,12.079956,100097.17,285.6889,0.1425476,2.6523464,0.0,57.4081
2017-07-26 03:00:00,18.796051,14.005463,100125.63,107.57333,0.11251831,2.3661876,0.0,73.69959
2017-07-26 04:00:00,17.190338,13.179108,100186.42,3.8577778,0.11251831,1.7633262,0.0,77.26511
2017-07-26 05:00:00,17.408722,13.825989,100229.945,0.0,0.16503906,0.9805668,0.0,79.4849
2017-07-26 06:00:00,16.493744,13.860504,100263.43,0.0,0.105041504,0.7561049,0.0,84.42346
2017-07-26 07:00:00,16.426392,13.455353,100273.51,0.0,0.046875,0.9157572,0.0,82.58045
2017-07-26 08:00:00,16.128357,13.09021,100258.09,0.0,0.037506104,1.0004524,0.0,82.18282
2017-07-26 09:00:00,15.38501,13.128204,100274.2,0.0,0.014984131,1.2079527,0.0,86.402245
2017-07-26 10:00:00,14.374176,13.344299,100249.484,0.0,0.54763794,1.4398144,0.0,93.52863
2017-07-26 11:00:00,14.349335,13.532227,100260.34,0.0,0.6156006,1.8909804,0.0,94.83354
2017-07-26 12:00:00,14.595978,13.688995,100308.734,0.0,0.9229126,1.9535359,0.0,94.29051
2017-07-26 13:00:00,14.720367,13.785126,100365.195,0.0,0.94854736,1.6873732,0.0,94.12283
2017-07-26 14:00:00,14.562714,13.484467,100408.42,26.133333,0.959198,1.2949433,4.7683716e-07,93.243546
2017-07-26 15:00:00,15.408783,12.282043,100459.45,142.82666,0.95040894,1.0241996,0.0,81.61584
2017-07-26 16:00:00,15.877319,11.988129,100485.23,293.77777,0.9378662,1.2368227,0.0,77.68424
2017-07-26 17:00:00,17.324402,11.907745,100479.29,539.94666,0.9222717,1.609668,0.0,70.47923
2017-07-26 18:00:00,18.249298,11.947174,100460.11,601.38666,0.10876465,1.7722805,0.0,66.661545
2017-07-26 19:00:00,19.573395,12.082275,100445.17,767.14667,0.02810669,1.6822096,0.0,61.917076
2017-07-26 20:00:00,21.384735,11.897858,100395.234,957.1911,0.0,1.7606019,0.0,54.696445
2017-07-26 21:00:00,22.784515,10.040497,100344.89,983.3778,0.007507324,2.152881,0.0,44.389233
2017-07-26 22:00:00,23.370941,12.172211,100310.11,937.9733,0.037506104,2.8066154,0.0,49.352257
2017-07-26 23:00:00,23.119965,12.233551,100272.05,834.68445,0.090026855,2.97124,0.0,50.30964
2017-07-27 00:00:00,22.856415,12.731049,100227.0,676.16,0.120025635,2.9922945,0.0,52.81691
2017-07-27 01:00:00,21.35379,12.569794,100201.56,482.91556,0.12753296,2.9018152,0.0,57.277245
2017-07-27 02:00:00,19.991333,12.546936,100178.5,283.59113,0.12753296,2.5586927,0.0,62.203094
2017-07-27 03:00:00,17.80655,14.267426,100213.64,88.835556,0.07501221,2.0652568,0.0,79.76582
2017-07-27 04:00:00,16.883087,14.129761,100221.984,2.9155555,0.014984131,1.4956614,4.7683716e-07,83.811714
2017-07-27 05:00:00,16.154053,14.215607,100252.95,0.0,0.041229248,1.3018436,0.0,88.28157
2017-07-27 06:00:00,15.96463,14.556427,100286.26,0.0,0.046875,1.3294683,0.0,91.34823
2017-07-27 07:00:00,15.9039,14.3211975,100290.69,0.0,0.20440674,1.3269218,0.0,90.31908
2017-07-27 08:00:00,15.260345,13.945099,100277.71,0.0,0.6676636,1.3136175,0.0,91.855896
2017-07-27 09:00:00,14.878387,13.372467,100266.11,0.0,0.5688782,1.2983775,0.0,90.69884
2017-07-27 10:00:00,14.195221,13.023529,100236.91,0.0,0.81066895,1.4625638,0.0,92.65723
2017-07-27 11:00:00,13.869232,12.783966,100222.234,0.0,0.77957153,1.7119814,0.0,93.16543
2017-07-27 12:00:00,14.185822,12.95578,100224.38,0.0,0.87557983,1.5110723,0.0,92.30378
2017-07-27 13:00:00,14.399261,12.937592,100257.3,0.0,0.94351196,1.1690632,0.0,90.92874
2017-07-27 14:00:00,14.288361,12.707001,100255.57,22.453333,0.94351196,0.89398736,0.0,90.21109
2017-07-27 15:00:00,15.347809,11.40097,100285.14,132.32,0.77575684,0.9155787,0.0,77.307724
2017-07-27 16:00:00,16.585052,11.555298,100310.89,285.1911,0.45941162,1.0871462,0.0,72.163445
2017-07-27 17:00:00,18.237396,11.635345,100302.984,512.30225,0.09753418,1.2344549,0.0,65.35207
2017-07-27 18:00:00,20.009918,12.0224,100270.76,655.0578,0.07501221,1.3732044,0.0,60.024788
2017-07-27 19:00:00,21.578766,12.571014,100242.586,780.0711,0.045013428,1.5841906,0.0,56.497475
2017-07-27 20:00:00,23.090546,13.209747,100180.91,840.23114,0.022491455,1.8356011,0.0,53.729237
2017-07-27 21:00:00,24.593872,11.697266,100141.36,958.7733,0.037506104,2.2397025,0.0,44.439083
2017-07-27 22:00:00,25.025116,13.238251,100088.09,914.25775,0.05999756,3.1261277,0.0,47.920433
2017-07-27 23:00:00,24.651978,13.372009,100052.625,816.8356,0.15753174,3.1744494,0.0,49.43038
2017-07-28 00:00:00,23.699707,13.671356,100016.44,637.31555,0.13565063,2.9811525,0.0,53.369904
2017-07-28 01:00:00,22.70993,13.891571,99968.45,479.07556,0.007507324,2.7311096,0.0,57.47969
2017-07-28 02:00:00,21.70166,14.089813,99925.85,277.40445,0.0,2.3207872,0.0,61.913937
2017-07-28 03:00:00,19.15924,15.177185,99954.95,87.64445,0.0,1.8464823,0.0,77.711334
2017-07-28 04:00:00,18.171906,15.358429,99964.414,2.56,0.014984131,1.4581982,0.0,83.63449
2017-07-28 05:00:00,17.7612,15.879486,99996.625,0.0,0.007507324,1.3112402,0.0,88.738594
2017-07-28 06:00:00,17.539398,15.5372925,100014.17,0.0,0.0,1.2871549,0.0,88.038536
2017-07-28 07:00:00,16.727325,14.914795,100008.95,0.0,0.0,1.4015839,0.0,89.05007
2017-07-28 08:00:00,16.038727,14.218384,99992.016,0.0,0.055664062,1.519588,0.0,88.950005
2017-07-28 09:00:00,15.161072,13.988983,99974.75,0.0,0.59954834,1.5210359,0.0,92.70765
2017-07-28 10:00:00,14.194519,13.671661,99929.5,0.0,0.75268555,1.5266532,0.0,96.66235
2017-07-28 11:00:00,13.896149,13.185638,99924.42,0.0,0.75268555,1.7392514,0.0,95.47838
2017-07-28 12:00:00,14.058136,13.477081,99959.68,0.0,0.8437805,1.9066617,0.0,96.29314
2017-07-28 13:00:00,14.058746,13.474762,100004.67,0.0,0.9411316,1.7583057,9.536743e-07,96.27477
2017-07-28 14:00:00,13.569855,12.879822,100031.05,23.893333,0.95983887,1.6035972,9.536743e-07,95.595215
2017-07-28 15:00:00,13.960419,11.568298,100080.734,136.72888,0.9479065,1.7217836,0.0,85.4935
2017-07-28 16:00:00,15.149384,11.721191,100083.734,312.71112,0.7813721,1.9692742,0.0,79.9758
2017-07-28 17:00:00,16.70755,11.66983,100113.125,461.31555,0.7651367,2.1365511,0.0,72.14785
2017-07-28 18:00:00,18.06784,11.314148,100096.17,691.4667,0.11251831,2.1940072,0.0,64.66291
2017-07-28 19:00:00,19.27591,11.277679,100094.84,846.20447,0.09188843,2.2840226,0.0,59.80848
2017-07-28 20:00:00,19.99707,11.371246,100035.33,949.4756,0.06750488,2.607337,0.0,57.543068
2017-07-28 21:00:00,20.230927,10.687836,100055.984,934.3467,0.09753418,3.0634544,0.0,54.19921
2017-07-28 22:00:00,21.34079,12.060974,100028.35,923.1289,0.20254517,3.5750604,0.0,55.436977
2017-07-28 23:00:00,20.87091,12.036194,100060.125,818.64886,0.18252563,3.2266295,0.0,56.96798
2017-07-29 00:00:00,20.596619,12.17569,100008.47,673.38666,0.09063721,2.9893365,0.0,58.47383
2017-07-29 01:00:00,19.773193,12.1492,99979.72,506.56,0.022491455,3.0493052,0.0,61.423416
2017-07-29 02:00:00,18.870514,12.254211,99974.86,286.25778,0.05999756,2.6245022,0.0,65.42659
2017-07-29 03:00:00,16.945892,13.101593,99974.64,97.83111,0.07815552,2.058588,0.0,78.07499
2017-07-29 04:00:00,16.026398,13.120514,100013.11,2.9333334,0.28134155,1.7626997,0.0,82.88359
2017-07-29 05:00:00,15.731018,13.263336,100059.46,0.0,0.5745239,1.8793714,0.0,85.25562
2017-07-29 06:00:00,15.901581,14.009857,100076.17,0.0,0.76394653,2.0364041,0.0,88.52808
2017-07-29 07:00:00,15.585968,13.814911,100084.7,0.0,0.7814331,2.1351624,0.0,89.19874
2017-07-29 08:00:00,15.189178,13.455536,100081.57,0.0,0.7926941,2.1567023,0.0,89.38502
2017-07-29 09:00:00,14.67337,13.616516,100059.55,0.0,0.81954956,2.0814016,0.0,93.37908
2017-07-29 10:00:00,13.843597,12.984924,100043.81,0.0,0.7965088,1.6631107,0.0,94.55636
2017-07-29 11:00:00,13.466705,12.566925,100048.99,0.0,0.96798706,2.0819874,0.0,94.28618
2017-07-29 12:00:00,13.481049,12.4704895,100084.34,0.0,0.9623413,2.083626,0.0,93.60366
2017-07-29 13:00:00,13.631683,12.23233,100095.83,0.0,0.9573059,1.9061688,0.0,91.25035
2017-07-29 14:00:00,13.401245,11.945679,100160.38,20.355556,0.96170044,1.9238182,9.536743e-07,90.89785
2017-07-29 15:00:00,14.543549,11.106049,100230.41,127.342224,0.883667,1.8182076,1.9073486e-06,79.84195
2017-07-29 16:00:00,15.260223,11.297577,100262.15,274.4178,0.78948975,1.8051509,2.861023e-06,77.2132
2017-07-29 17:00:00,16.755707,11.769501,100307.08,448.60443,0.7944641,1.9192433,9.536743e-07,72.40255
2017-07-29 18:00:00,17.780548,11.778046,100287.53,598.79114,0.27005005,2.2470238,0.0,67.894806
2017-07-29 19:00:00,19.268707,12.086975,100292.18,856.5689,0.090026855,2.4884598,1.9073486e-06,63.12205
2017-07-29 20:00:00,20.322723,12.703522,100288.22,935.07556,0.037506104,2.886068,0.0,61.56932
2017-07-29 21:00:00,20.928833,11.013763,100289.55,920.5867,0.09753418,3.2682817,0.0,53.052612
2017-07-29 22:00:00,21.342468,12.8637085,100262.375,937.3333,0.105041504,2.6098619,0.0,58.431873
2017-07-29 23:00:00,20.807251,12.889923,100232.56,793.45776,0.120025635,2.5041995,0.0,60.489853
2017-07-30 00:00:00,20.390778,12.851105,100194.71,674.93335,0.105041504,2.1608925,0.0,61.906548
2017-07-30 01:00:00,19.781616,12.597015,100172.84,491.25333,0.105041504,2.1173563,0.0,63.224873
2017-07-30 02:00:00,19.188202,12.33905,100172.25,294.75555,0.090026855,1.9569933,0.0,64.50062
2017-07-30 03:00:00,17.2164,13.1770935,100215.69,102.16889,0.06750488,1.8311003,0.0,77.1276
2017-07-30 04:00:00,16.142212,13.710266,100239.13,2.6133332,0.022491455,1.5296226,0.0,85.4974
2017-07-30 05:00:00,15.841888,14.092987,100309.47,0.0,0.022491455,1.4041101,0.0,89.3472
2017-07-30 06:00:00,15.850861,14.309479,100337.84,0.0,0.08251953,1.5284374,0.0,90.557236
2017-07-30 07:00:00,15.410431,14.00769,100330.37,0.0,0.02999878,1.6782416,0.0,91.34507
2017-07-30 08:00:00,14.86734,13.606445,100329.625,0.0,0.023132324,1.7572069,0.0,92.15757
2017-07-30 09:00:00,14.311279,13.356354,100307.7,0.0,0.13504028,1.7087305,0.0,93.983986
2017-07-30 10:00:00,13.41037,12.151276,100329.09,0.0,0.9673767,1.5229006,0.0,92.0827
2017-07-30 11:00:00,13.463623,12.77829,100318.3,0.0,0.95547485,1.967176,0.0,95.621086
2017-07-30 12:00:00,13.74588,12.811737,100326.45,0.0,0.9436035,2.018563,0.0,94.08626
2017-07-30 13:00:00,13.966461,12.038086,100377.02,0.0,0.7983093,1.8141928,0.0,88.15176
2017-07-30 14:00:00,13.696899,11.639008,100427.66,25.102222,0.78704834,1.6550684,0.0,87.377525
2017-07-30 15:00:00,14.783386,9.686066,100486.31,152.39111,0.16064453,1.6255387,0.0,71.5064
2017-07-30 16:00:00,15.907867,9.674316,100515.06,330.6489,0.03564453,1.5253863,0.0,66.47239
2017-07-30 17:00:00,16.968597,9.863983,100552.78,440.85333,0.019378662,1.44793,0.0,62.926197
2017-07-30 18:00:00,18.47345,9.936066,100531.91,720.60443,0.030639648,1.7035788,0.0,57.506805
2017-07-30 19:00:00,20.539825,10.916443,100511.125,874.0978,0.010650635,1.9654201,0.0,53.989532
2017-07-30 20:00:00,22.257416,12.115265,100471.09,873.44,0.0012512207,2.1552486,0.0,52.603783
2017-07-30 21:00:00,23.469177,8.723785,100446.74,971.68,0.0,2.1721807,0.0,38.976807
2017-07-30 22:00:00,23.706055,12.31723,100407.19,933.5289,0.105041504,2.0965319,0.0,48.827995
2017-07-30 23:00:00,24.01056,13.162109,100360.0,832.74664,0.07501221,2.3349938,0.0,50.6703
2017-07-31 00:00:00,23.505371,13.244476,100298.0,682.6311,0.05999756,2.522073,0.0,52.517677
2017-07-31 01:00:00,22.457733,13.138367,100312.45,497.28,0.02999878,2.4123151,0.0,55.573
2017-07-31 02:00:00,21.162415,13.070587,100304.14,292.85333,0.022491455,2.2406843,0.0,59.886246
2017-07-31 03:00:00,18.748077,14.304169,100319.83,99.111115,0.022491455,1.9136987,0.0,75.36612
2017-07-31 04:00:00,17.61206,15.266846,100377.984,2.2577777,0.052520752,1.770287,0.0,86.127426
2017-07-31 05:00:00,17.06372,15.333374,100435.41,0.0,0.05999756,1.7954884,0.0,89.54837
2017-07-31 06:00:00,17.02768,15.631073,100459.44,0.0,0.02999878,1.6785091,0.0,91.48369
2017-07-31 07:00:00,16.912567,15.5347595,100457.055,0.0,0.20880127,1.3857684,0.0,91.58681
2017-07-31 08:00:00,15.939667,14.441742,100474.16,0.0,0.36636353,1.3339919,0.0,90.81834
2017-07-31 09:00:00,14.899933,13.609711,100452.06,0.0,0.5520325,1.4443243,0.0,91.983734
2017-07-31 10:00:00,13.578033,12.996613,100412.41,0.0,0.9466553,2.0367658,0.0,96.27722
2017-07-31 11:00:00,13.834625,13.079742,100394.96,0.0,0.9560547,2.0977795,0.0,95.19983
2017-07-31 12:00:00,13.814606,12.928558,100436.72,0.0,0.959198,1.4887805,0.0,94.38596
2017-07-31 13:00:00,13.623077,12.60141,100451.1,0.0,0.9604492,0.73514456,0.0,93.54231
2017-07-31 14:00:00,13.635468,12.643097,100440.66,23.626667,0.95858765,0.58297795,0.0,93.72284
2017-07-31 15:00:00,14.812897,11.26712,100460.36,165.10222,0.94351196,0.5283455,0.0,79.30861
2017-07-31 16:00:00,16.120026,11.802643,100481.64,319.07556,0.20028687,0.90867716,0.0,75.558655
2017-07-31 17:00:00,17.821655,11.4244995,100464.84,572.5867,0.018737793,1.4398379,0.0,66.15456
2017-07-31 18:00:00,19.514343,11.701874,100447.61,738.18665,0.04562378,1.7558801,0.0,60.604828
2017-07-31 19:00:00,20.665619,11.84964,100415.484,826.3822,0.0,1.8620759,0.0,56.98773
2017-07-31 20:00:00,21.73108,12.384308,100346.086,968.4267,0.0,2.007122,0.0,55.291245
2017-07-31 21:00:00,23.2164,10.476776,100306.91,999.07556,0.0012512207,2.1777444,0.0,44.522026
2017-07-31 22:00:00,23.5383,10.646942,100250.266,951.4489,0.05999756,2.8143542,0.0,44.162724
2017-07-31 23:00:00,23.167145,10.680756,100208.73,837.2267,0.052520752,2.9834914,0.0,45.266125
2017-08-01 00:00:00,22.539246,11.184113,100181.17,689.9733,0.12753296,2.9307947,0.0,48.622963
2017-08-01 01:00:00,21.643158,11.419464,100154.91,499.34222,0.12753296,2.6440647,0.0,52.161865
2017-08-01 02:00:00,19.990143,11.15094,100150.78,291.2,0.06750488,2.1636503,0.0,56.733128
2017-08-01 03:00:00,17.625092,12.532318,100163.84,93.72444,0.037506104,1.7732012,0.0,72.05411
2017-08-01 04:00:00,16.544891,13.406769,100175.664,1.6711111,0.014984131,1.3968757,0.0,81.700745
2017-08-01 05:00:00,15.778717,13.764832,100188.55,0.0,0.007507324,1.1373262,0.0,87.81797
2017-08-01 06:00:00,15.9218445,13.848358,100175.11,0.0,0.0,1.2950805,0.0,87.49125
2017-08-01 07:00:00,15.268311,13.516144,100163.9,0.0,0.21755981,1.441271,0.0,89.28341
2017-08-01 08:00:00,14.842743,13.101654,100172.555,0.0,0.45199585,1.5705824,0.0,89.31452
2017-08-01 09:00:00,14.358856,12.938049,100140.484,0.0,0.75579834,1.6203747,0.0,91.169495
2017-08-01 10:00:00,12.691254,12.3437805,100095.94,0.0,0.86499023,1.235303,0.0,97.74487
2017-08-01 11:00:00,12.766937,12.30191,100061.94,0.0,0.95858765,1.157785,0.0,96.99389
2017-08-01 12:00:00,13.402191,13.051361,100086.016,0.0,0.96987915,0.99280685,9.536743e-07,97.73574
2017-08-01 13:00:00,13.455933,12.764435,100078.45,0.0,0.9755249,0.678898,9.536743e-07,95.582214
2017-08-01 14:00:00,13.534912,12.698822,100076.94,20.675556,0.9472656,0.2659244,0.0,94.68368
2017-08-01 15:00:00,14.820404,10.603058,100082.88,135.14667,0.47384644,0.35406542,0.0,75.847664
2017-08-01 16:00:00,16.250519,10.39035,100036.805,315.05777,0.26254272,0.53591067,0.0,68.22671
2017-08-01 17:00:00,18.783295,11.381714,100007.98,535.3422,0.0,1.1228374,0.0,62.102936
2017-08-01 18:00:00,20.943634,12.059692,99983.47,715.8933,0.0,1.5252813,0.0,56.801476
2017-08-01 19:00:00,22.80481,12.812225,99982.266,871.0578,0.007507324,1.6999942,0.0,53.265022
2017-08-01 20:00:00,24.46402,13.830536,99934.16,920.26666,0.022491455,1.9743003,0.0,51.504368
2017-08-01 21:00:00,25.78299,12.067291,99902.914,943.2178,0.02999878,2.2961693,0.0,42.421703
2017-08-01 22:00:00,25.190826,13.139862,99868.695,862.7733,0.17254639,3.0110736,0.0,47.145332
2017-08-01 23:00:00,24.642181,13.409882,99832.016,794.7733,0.13504028,3.2888973,0.0,49.581646
2017-08-02 00:00:00,23.477356,13.439911,99773.98,634.56,0.1687622,2.6770158,0.0,53.28141
2017-08-02 01:00:00,22.64206,13.258575,99814.55,484.05334,0.06375122,1.8334422,0.0,55.386845
2017-08-02 02:00:00,21.4245,12.394012,99808.3,273.74222,0.0949707,1.7623633,0.0,56.37496
2017-08-02 03:00:00,19.362885,14.127899,99821.97,86.986664,0.058746338,1.5203702,0.0,71.70534
2017-08-02 04:00:00,18.342102,14.377533,99850.89,1.4222223,0.045013428,1.2113795,0.0,77.67581
2017-08-02 05:00:00,17.627228,14.682739,99887.66,0.0,0.041229248,1.1718011,0.0,82.86835
2017-08-02 06:00:00,17.685211,15.268311,99866.234,0.0,0.023773193,1.0676813,0.0,85.73892
2017-08-02 07:00:00,17.118988,14.712891,99864.95,0.0,0.04751587,0.855909,0.0,85.741066
2017-08-02 08:00:00,16.805878,14.331024,99871.04,0.0,0.030639648,0.70759416,9.536743e-07,85.32869
2017-08-02 09:00:00,16.228424,13.909332,99879.03,0.0,0.052520752,0.69679594,0.0,86.13553
2017-08-02 10:00:00,14.839752,13.650116,99835.77,0.0,0.850708,0.016999373,0.0,92.58437
2017-08-02 11:00:00,14.870789,13.618866,99817.31,0.0,0.5630493,0.54693913,0.0,92.2116
2017-08-02 12:00:00,15.541412,14.323029,99862.83,0.0,0.69924927,0.95892936,0.0,92.45088
2017-08-02 13:00:00,15.549286,14.079315,99915.22,0.0,0.82437134,1.0657003,0.0,90.95662
2017-08-02 14:00:00,15.611786,13.611298,99956.29,21.404444,0.8414917,0.94960415,0.0,87.87981
2017-08-02 15:00:00,17.026642,11.342316,99970.28,150.56,0.5588074,0.99423546,0.0,69.18574
2017-08-02 16:00:00,19.017883,11.791321,99978.69,326.72,0.60873413,0.7878608,0.0,62.879436
2017-08-02 17:00:00,20.962189,11.343048,100003.42,546.7022,0.7174072,0.8574851,0.0,54.113045
2017-08-02 18:00:00,23.401337,11.641266,99994.8,739.23553,0.67251587,1.0039264,0.0,47.566425
2017-08-02 19:00:00,25.81845,12.167267,100000.63,675.8578,0.7626343,1.3001443,4.7683716e-07,42.612156
2017-08-02 20:00:00,27.77301,12.762848,100005.17,853.9733,0.8749695,2.1194646,0.0,39.493755
2017-08-02 21:00:00,28.354523,7.968689,99964.67,923.7867,0.95687866,2.1480594,0.0,27.719063
2017-08-02 22:00:00,28.156952,12.979279,99905.625,853.5467,0.6336975,2.4104903,0.0,39.169327
2017-08-02 23:00:00,28.51944,13.506073,99829.14,765.86664,0.29937744,2.2297978,0.0,39.692963
2017-08-03 00:00:00,28.536713,12.744293,99870.14,647.00446,0.38812256,1.879904,0.0,37.727886
2017-08-03 01:00:00,26.782349,12.28067,99904.32,425.24445,0.56869507,1.6839378,0.0,40.55367
2017-08-03 02:00:00,25.123352,12.463806,99904.06,255.00444,0.55685425,2.0174227,0.0,45.28503
2017-08-03 03:00:00,22.333496,15.818878,99927.31,60.444443,0.933136,1.6919881,0.0,66.59022
2017-08-03 04:00:00,20.979523,15.923981,99936.96,1.12,0.98501587,1.2135911,0.0,72.83086
2017-08-03 05:00:00,19.989532,15.688934,99965.0,0.0,1.0,0.9166215,0.0,76.26569
2017-08-03 06:00:00,20.269073,16.36615,99992.016,0.0,1.0,0.25679556,0.0,78.27108
2017-08-03 07:00:00,19.696075,16.300507,100000.92,0.0,1.0,0.13625763,0.0,80.76207
2017-08-03 08:00:00,19.34616,16.077545,99995.64,0.0,1.0,0.7031386,0.0,81.37315
2017-08-03 09:00:00,19.738678,17.04715,99976.875,0.0,0.99935913,1.5146129,0.0,84.463646
2017-08-03 10:00:00,18.748596,14.565277,99973.02,0.0,0.95062256,1.3505757,0.0,76.6471
2017-08-03 11:00:00,18.596527,14.545288,99971.31,0.0,0.99624634,2.2985075,0.0,77.28032
2017-08-03 12:00:00,18.576202,14.451691,99985.48,0.0,0.99749756,2.1731336,0.0,76.91204
2017-08-03 13:00:00,18.631744,14.538879,100042.05,0.0,0.9668579,1.6971657,0.0,77.07817
2017-08-03 14:00:00,18.814667,14.166199,100076.86,10.524445,0.80874634,0.12761924,0.0,74.38515
2017-08-03 15:00:00,19.62677,12.458038,100070.984,90.50667,0.9324951,0.62982446,0.0,63.256184
2017-08-03 16:00:00,21.245148,13.123657,100101.76,157.33333,0.9206543,1.086025,0.0,59.789764
2017-08-03 17:00:00,23.094696,12.67392,100142.19,289.4222,0.9456482,0.9473199,0.0,51.865215
2017-08-03 18:00:00,24.456085,11.792908,100118.8,392.30222,0.9143677,0.76004547,0.0,45.091255
2017-08-03 19:00:00,24.74228,11.859467,100124.37,761.95557,1.0,1.2423033,0.0,44.52049
2017-08-03 20:00:00,25.772919,11.335663,100103.984,609.2622,1.0,1.8883908,0.0,40.444183
2017-08-03 21:00:00,25.999908,8.51767,100144.07,537.6889,0.98999023,2.2036145,0.0,33.03845
2017-08-03 22:00:00,24.934235,11.469238,100114.81,343.73334,0.99124146,2.221481,0.0,42.89226
2017-08-03 23:00:00,25.037811,11.753479,100116.734,455.89334,0.99935913,3.2467473,0.00019836426,43.436523
2017-08-04 00:00:00,24.358795,12.700623,100098.484,205.52888,0.9668884,1.6214061,0.0,48.145767
2017-08-04 01:00:00,23.849335,12.998138,100095.055,171.37778,0.9299927,1.2300423,0.0,50.618782
2017-08-04 02:00:00,23.11731,13.361481,100089.31,92.30222,0.99624634,1.2180951,0.0,54.176006
2017-08-04 03:00:00,21.881622,15.032745,100087.31,39.324444,1.0,1.1664257,0.0,65.08311
2017-08-04 04:00:00,21.223297,15.360748,100085.35,0.4977778,0.99935913,1.416654,0.0,69.20491
2017-08-04 05:00:00,20.742523,15.391083,100144.0,0.0,0.98999023,0.7693497,0.0,71.420975
2017-08-04 06:00:00,20.698761,16.033783,100098.96,0.0,0.988739,0.8096217,0.0,74.622696
2017-08-04 07:00:00,20.682892,16.362457,100096.92,0.0,1.0,0.64031017,1.4305115e-06,76.27853
2017-08-04 08:00:00,20.84674,16.599304,100059.67,0.0,1.0,1.337617,0.0,76.65951
2017-08-04 09:00:00,20.726898,17.350586,100129.516,0.0,1.0,1.0930179,0.0,80.99601
2017-08-04 10:00:00,19.730682,15.851044,100071.8,0.0,0.99624634,1.1829684,0.0,78.30856
2017-08-04 11:00:00,19.625763,15.790009,99996.47,0.0,0.95809937,1.2995336,0.0,78.51342
2017-08-04 12:00:00,19.63089,16.002716,100030.5,0.0,0.9118347,1.4151975,0.0,79.56326
2017-08-04 13:00:00,19.92862,16.386322,100008.89,0.0,0.8374634,1.6099585,0.0,80.0415
2017-08-04 14:00:00,19.761932,16.112946,100038.91,8.071111,0.97750854,1.47946,0.0,79.47585
2017-08-04 15:00:00,20.488892,14.577118,100108.39,74.22222,0.99313354,2.1699946,0.0,68.8423
2017-08-04 16:00:00,21.220581,13.187286,100130.25,241.92,0.894989,1.792569,1.4305115e-06,60.129402
2017-08-04 17:00:00,21.67218,12.014435,100158.016,292.40887,0.8449402,1.2386982,0.0,54.156467
2017-08-04 18:00:00,22.563385,11.4201355,100154.64,454.02667,0.9481201,0.9349045,0.0,49.31706
2017-08-04 19:00:00,22.846405,11.144684,100187.914,322.9689,0.9593506,2.36556,9.393692e-05,47.599796
2017-08-04 20:00:00,23.594025,11.514954,100198.44,330.9689,0.9350281,2.6431692,1.859665e-05,46.625355
2017-08-04 21:00:00,23.594482,9.476044,100176.09,603.91113,0.94692993,2.010689,0.0,40.696114
2017-08-04 22:00:00,23.92862,12.947052,100110.516,751.2,0.59799194,2.2903864,0.0,50.209778
2017-08-04 23:00:00,23.69455,11.746643,100080.64,666.6667,0.62109375,2.6852343,0.0,47.05884
2017-08-05 00:00:00,24.168,11.283905,100024.0,630.04443,0.4466858,3.2326417,0.0,44.358322
2017-08-05 01:00:00,23.717041,10.939423,100005.39,455.73334,0.12738037,2.3289375,0.0,44.547863
2017-08-05 02:00:00,22.375183,10.811737,99950.17,259.82224,0.15127563,1.4151506,0.0,47.910675
2017-08-05 03:00:00,20.339142,13.529266,99944.81,78.89778,0.04623413,1.6712719,0.0,64.91647
2017-08-05 04:00:00,19.323822,13.906891,99966.84,0.7644445,0.03314209,1.5788796,0.0,70.85663
2017-08-05 05:00:00,18.797455,14.403839,99980.06,0.0,0.01751709,1.3096442,0.0,75.61988
2017-08-05 06:00:00,18.43277,14.730072,100016.04,0.0,0.0031433105,1.9765406,0.0,79.01473
2017-08-05 07:00:00,18.174774,14.836639,100028.016,0.0,0.0,2.1351564,0.0,80.85871
2017-08-05 08:00:00,17.365448,14.269531,100022.7,0.0,0.0,1.9216969,0.0,82.02907
2017-08-05 09:00:00,16.848022,14.374481,100029.28,0.0,0.014984131,1.7824765,0.0,85.34034
2017-08-05 10:00:00,15.816406,14.357483,100009.3,0.0,0.91882324,1.5526813,0.0,91.039505
2017-08-05 11:00:00,15.393799,13.87027,100061.61,0.0,0.84121704,2.302218,0.0,90.63047
2017-08-05 12:00:00,15.490753,13.850189,100030.64,0.0,0.691864,1.6221725,0.0,89.950935
2017-08-05 13:00:00,15.494904,14.041473,100024.64,0.0,0.5805359,1.2648976,0.0,91.05065
2017-08-05 14:00:00,15.681,13.728485,100036.84,19.235556,0.5168152,1.1437951,0.0,88.16054
2017-08-05 15:00:00,17.002228,11.984833,100082.8,147.07556,0.44921875,0.95002234,0.0,72.29846
2017-08-05 16:00:00,18.105652,11.627655,100098.94,309.01334,0.41912842,1.3845283,0.0,65.86186
2017-08-05 17:00:00,19.269867,11.589935,100122.0,466.3289,0.13555908,1.9066902,0.0,61.08072
2017-08-05 18:00:00,20.462982,11.735931,100111.26,679.55554,0.1487732,2.190143,0.0,57.273197
2017-08-05 19:00:00,21.617584,12.501984,100100.38,779.87555,0.16253662,2.562928,0.0,56.108562
2017-08-05 20:00:00,22.311554,13.214142,100085.164,862.79114,0.22879028,2.8678024,0.0,56.34779
2017-08-05 21:00:00,22.794922,11.681976,100051.75,894.1511,0.29257202,3.1415823,0.0,49.477997
2017-08-05 22:00:00,23.309418,14.287079,100028.484,818.3289,0.25378418,3.6615064,0.0,56.86973
2017-08-05 23:00:00,22.466217,14.767059,100023.375,698.25775,0.103759766,3.7733433,0.0,61.738514
2017-08-06 00:00:00,21.777618,14.815277,99993.16,571.18225,0.120025635,3.2004383,0.0,64.58683
2017-08-06 01:00:00,20.69806,14.736816,99988.5,394.43555,0.12817383,3.1369941,0.0,68.66399
2017-08-06 02:00:00,19.777496,14.377472,99959.9,227.02222,0.090026855,2.6081033,0.0,71.019264
2017-08-06 03:00:00,18.311493,15.050568,99982.41,72.76444,0.022491455,2.2452028,0.0,81.27979
2017-08-06 04:00:00,17.454681,14.674072,100016.03,0.60444444,0.05999756,1.9844484,0.0,83.72928
2017-08-06 05:00:00,17.397156,14.710846,100062.7,0.0,0.41567993,1.7252281,0.0,84.233925
2017-08-06 06:00:00,17.295074,15.021942,100055.13,0.0,0.7601929,1.3613772,0.0,86.49659
2017-08-06 07:00:00,16.903992,14.706085,100037.85,0.0,0.81073,1.50644,0.0,86.87959
2017-08-06 08:00:00,16.74173,14.617676,100017.61,0.0,0.81884766,1.722516,0.0,87.27969
2017-08-06 09:00:00,16.109589,14.558807,100001.984,0.0,0.69262695,1.9593848,0.0,90.520195
2017-08-06 10:00:00,15.244232,14.104187,99993.17,0.0,0.80023193,2.0596845,0.0,92.905014
2017-08-06 11:00:00,15.568817,14.299194,99990.59,0.0,0.9176941,2.2126944,0.0,92.1463
2017-08-06 12:00:00,15.676056,14.088654,99996.8,0.0,0.9444885,1.9241654,0.0,90.27534
2017-08-06 13:00:00,15.838928,14.08194,100068.09,0.0,0.9918518,1.847569,0.0,89.30011
2017-08-06 14:00:00,15.715546,13.777191,100088.83,16.248888,0.98931885,1.4404724,0.0,88.24471
2017-08-06 15:00:00,16.85495,11.823761,100091.56,132.08888,0.9661255,1.3743205,0.0,72.2059
2017-08-06 16:00:00,17.549896,11.598724,100095.516,338.6311,0.66625977,1.2393368,0.0,68.0785
2017-08-06 17:00:00,18.62497,11.704926,100088.44,521.8489,0.06686401,1.8028215,0.0,64.07673
2017-08-06 18:00:00,19.749573,11.882843,100060.95,710.0089,0.026245117,2.6052783,0.0,60.443195
2017-08-06 19:00:00,20.722046,12.08844,100057.42,837.6889,0.0093688965,3.052156,0.0,57.690987
2017-08-06 20:00:00,21.371857,11.962433,100078.31,929.49335,0.007507324,3.0373077,0.0,54.973274
2017-08-06 21:00:00,22.20755,9.559967,100045.62,937.7778,0.007507324,3.3180385,0.0,44.516445
2017-08-06 22:00:00,22.111725,11.863495,100038.875,892.9778,0.18753052,4.0397425,0.0,52.199497
2017-08-06 23:00:00,21.534332,12.310486,100026.15,764.48,0.18817139,4.155589,0.0,55.690224
2017-08-07 00:00:00,20.673431,12.695007,99996.19,580.6222,0.1581726,3.477726,0.0,60.216976
2017-08-07 01:00:00,19.59555,12.601959,100017.836,436.42667,0.11251831,3.630517,0.0,63.980587
2017-08-07 02:00:00,18.450348,12.443695,100027.19,217.51111,0.6170044,3.3317933,0.0,68.012245
2017-08-07 03:00:00,16.668884,13.667084,100046.516,64.71111,0.78012085,2.7230406,0.0,82.44493
2017-08-07 04:00:00,16.280762,13.768036,100083.766,0.46222222,0.8119812,2.3443546,0.0,85.064
2017-08-07 05:00:00,16.176025,13.6285095,100143.234,0.0,0.8519287,2.2019699,0.0,84.86052
2017-08-07 06:00:00,16.311127,13.895264,100136.86,0.0,0.83569336,1.9375105,0.0,85.604256
2017-08-07 07:00:00,16.279388,13.9216,100130.36,0.0,0.8819275,1.8367591,4.7683716e-07,85.92446
2017-08-07 08:00:00,16.141388,13.70343,100108.25,0.0,0.8625488,1.9433517,4.7683716e-07,85.46388
2017-08-07 09:00:00,16.046661,14.210907,100072.8,0.0,0.86572266,1.8329356,0.0,88.861885
2017-08-07 10:00:00,15.888855,14.303009,100039.195,0.0,0.8595581,2.1131802,0.0,90.299614
2017-08-07 11:00:00,15.77597,14.216522,100008.08,0.0,0.97613525,2.3735442,0.0,90.446144
2017-08-07 12:00:00,15.939972,14.164215,100051.86,0.0,0.90252686,2.4113204,0.0,89.19946
2017-08-07 13:00:00,15.847748,14.201996,100087.875,0.0,0.9505615,2.2950602,0.0,89.94701
2017-08-07 14:00:00,15.58963,13.538574,100116.8,15.164444,0.9818115,2.134655,0.0,87.58899
2017-08-07 15:00:00,16.136902,12.207275,100177.91,125.066666,0.97613525,2.023153,0.0,77.51725
2017-08-07 16:00:00,16.542511,12.135712,100207.91,253.79556,0.94921875,2.2521803,0.0,75.184235
2017-08-07 17:00:00,16.96518,11.998627,100238.29,396.40887,0.8487549,2.4486055,0.0,72.534424
2017-08-07 18:00:00,18.259369,12.362762,100225.26,623.3778,0.80630493,2.4958127,0.0,68.46717
2017-08-07 19:00:00,19.452972,12.702484,100218.19,732.96,0.37509155,2.549825,0.0,64.97738
2017-08-07 20:00:00,20.534302,13.026093,100204.08,882.8444,0.007507324,2.6388118,0.0,62.066868
2017-08-07 21:00:00,21.265533,10.798828,100156.46,948.81775,0.0,2.988634,0.0,51.22887
2017-08-07 22:00:00,21.630554,12.885468,100148.66,903.07556,0.1425476,3.7268047,0.0,57.491295
2017-08-07 23:00:00,21.317413,12.6336975,100152.516,803.36,0.13504028,3.734099,0.0,57.64637
2017-08-08 00:00:00,20.62024,12.294769,100124.91,651.23553,0.105041504,3.454729,0.0,58.847927
2017-08-08 01:00:00,19.885895,12.55484,100111.195,464.16,0.09753418,3.292855,0.0,62.643536
2017-08-08 02:00:00,18.899933,12.478516,100118.28,262.27554,0.6376648,2.9465253,0.0,66.276276
2017-08-08 03:00:00,17.019104,14.017242,100150.19,76.8,0.7614136,2.7483318,0.0,82.48764
2017-08-08 04:00:00,16.697906,14.288483,100189.98,0.35555556,0.8095093,2.2242005,0.0,85.67969
2017-08-08 05:00:00,16.309479,14.172821,100218.18,0.0,0.8357239,1.4950693,0.0,87.16876
2017-08-08 06:00:00,16.0607,14.11264,100191.81,0.0,0.82629395,1.2880615,0.0,88.21862
2017-08-08 07:00:00,15.830017,14.143219,100175.195,0.0,0.8182068,1.2718164,0.0,89.70674
2017-08-08 08:00:00,15.755981,14.021973,100130.14,0.0,0.8088379,1.3517505,0.0,89.42688
2017-08-08 09:00:00,15.52066,14.458649,100165.88,0.0,0.81137085,1.4836363,0.0,93.38981
2017-08-08 10:00:00,15.339783,14.823761,100121.016,0.0,0.95040894,1.8493841,0.0,96.733986
2017-08-08 11:00:00,15.011505,14.466034,100131.17,0.0,0.966095,1.9115734,0.0,96.54185
2017-08-08 12:00:00,14.935944,14.467743,100127.7,0.0,0.96798706,1.7932346,0.0,97.023506
2017-08-08 13:00:00,15.01593,14.473236,100145.84,0.0,0.9673767,1.6591437,9.536743e-07,96.5593
2017-08-08 14:00:00,14.848785,13.9470825,100163.38,12.817778,0.9673767,1.4733949,0.0,94.333694
2017-08-08 15:00:00,15.316742,12.011505,100200.3,109.90222,0.95166016,1.3776937,0.0,80.65029
2017-08-08 16:00:00,16.285553,12.670197,100227.97,231.09334,0.9060669,1.4547378,0.0,79.15633
2017-08-08 17:00:00,17.180359,12.737061,100226.914,408.0,0.80007935,1.5466638,0.0,75.1102
2017-08-08 18:00:00,18.475769,12.99295,100218.05,637.10223,0.31689453,1.8218995,0.0,70.39294
2017-08-08 19:00:00,19.752686,13.289703,100189.984,774.04443,0.05999756,2.1197689,0.0,66.27508
2017-08-08 20:00:00,20.375122,13.569489,100158.13,826.04443,0.014984131,2.5122082,0.0,64.942154
2017-08-08 21:00:00,21.121368,11.872955,100108.72,916.8889,0.045013428,2.8133066,0.0,55.49665
2017-08-08 22:00:00,21.723785,11.312256,100105.7,855.69775,0.120025635,3.363111,0.0,51.537884
2017-08-08 23:00:00,21.428741,12.353973,100059.34,777.70667,0.16503906,3.866806,0.0,56.212208
2017-08-09 00:00:00,20.77774,12.511932,100040.375,634.82666,0.18753052,3.8945208,0.0,59.11686
2017-08-09 01:00:00,19.370697,12.559601,100035.02,422.34668,0.11251831,3.589762,2.3841858e-06,64.70182
2017-08-09 02:00:00,18.376068,12.863983,100044.84,228.51555,0.7726135,3.3424525,9.536743e-07,70.23923
2017-08-09 03:00:00,16.434052,14.213593,100049.4,60.56889,0.80444336,2.9257376,0.0,86.70842
2017-08-09 04:00:00,16.304321,14.194611,100103.33,0.19555555,0.8562622,2.3811338,0.0,87.32065
2017-08-09 05:00:00,16.473694,14.461151,100121.41,0.0,0.8518982,1.7832979,0.0,87.88677
2017-08-09 06:00:00,16.517487,14.206818,100132.7,0.0,0.85321045,1.6531988,0.0,86.211266
2017-08-09 07:00:00,16.16861,13.866913,100112.15,0.0,0.850708,1.7293166,4.7683716e-07,86.226944
2017-08-09 08:00:00,16.181763,13.862244,100101.58,0.0,0.8482666,1.8273036,9.536743e-07,86.12848
2017-08-09 09:00:00,15.89032,14.136139,100089.74,0.0,0.83584595,1.8872689,4.7683716e-07,89.32039
2017-08-09 10:00:00,15.106537,14.367462,100082.47,0.0,0.99560547,1.939527,0.0,95.343346
2017-08-09 11:00:00,14.718475,13.84433,100060.5,0.0,0.9918518,2.2786772,9.536743e-07,94.497185
2017-08-09 12:00:00,14.92218,14.045685,100048.83,0.0,0.9849243,2.3563464,1.9073486e-06,94.49123
2017-08-09 13:00:00,14.885681,13.9565735,100077.55,0.0,0.97991943,2.3403838,1.9073486e-06,94.16764
2017-08-09 14:00:00,14.866119,13.866791,100097.68,11.946667,0.99435425,2.155597,4.7683716e-06,93.738335
2017-08-09 15:00:00,15.358002,12.294037,100131.31,93.28,0.98431396,1.9613372,9.536743e-07,81.946945
2017-08-09 16:00:00,15.931793,12.613922,100173.31,227.02222,0.95480347,1.9718617,1.4305115e-06,80.66611
2017-08-09 17:00:00,16.464142,12.572479,100206.36,381.24445,0.8362427,2.0583663,9.536743e-07,77.76081
2017-08-09 18:00:00,16.986359,12.466858,100213.58,548.5333,0.7901001,2.4146426,4.7683716e-07,74.70323
2017-08-09 19:00:00,18.002106,12.857391,100219.305,671.3422,0.65200806,2.6370866,0.0,71.87808
2017-08-09 20:00:00,18.971954,13.22995,100190.56,836.60443,0.06561279,2.8624668,0.0,69.30594
2017-08-09 21:00:00,19.817902,11.755829,100169.734,906.0267,0.120025635,3.0985305,0.0,59.684917
2017-08-09 22:00:00,19.768646,13.398895,100163.84,787.84,0.7388916,3.7753453,0.0,66.68265
2017-08-09 23:00:00,19.7229,13.323364,100124.31,767.0933,0.6338806,4.0582643,0.0,66.54374
2017-08-10 00:00:00,18.939484,13.091888,100117.414,575.94666,0.72576904,4.0354447,0.0,68.82321
2017-08-10 01:00:00,18.202942,13.268219,100127.33,364.1422,0.77700806,4.124981,1.9073486e-06,72.907974
2017-08-10 02:00:00,17.415314,13.20578,100100.05,199.55556,0.8281555,3.3572361,0.0,76.30611
2017-08-10 03:00:00,16.227264,14.142975,100136.41,55.626667,0.8855896,3.0102987,0.0,87.457596
2017-08-10 04:00:00,16.170135,14.054718,100176.234,0.10666667,0.93743896,3.007255,0.0,87.276024
2017-08-10 05:00:00,16.256195,14.239807,100210.92,0.0,0.9749756,2.6374555,0.0,87.845795
2017-08-10 06:00:00,16.337128,14.308411,100192.75,0.0,0.9737549,2.2894418,0.0,87.78284
2017-08-10 07:00:00,16.152191,14.170776,100186.97,0.0,0.98373413,2.022854,4.7683716e-07,88.03598
2017-08-10 08:00:00,15.843445,13.890564,100147.63,0.0,0.980011,2.039833,0.0,88.172424
2017-08-10 09:00:00,15.596588,14.446686,100141.26,0.0,0.9893799,2.1031253,4.7683716e-07,92.864426
2017-08-10 10:00:00,15.274689,14.366028,100115.92,0.0,1.0,2.0150807,9.536743e-07,94.30936
2017-08-10 11:00:00,15.22757,14.220917,100086.47,0.0,1.0,2.4337835,1.4305115e-06,93.710815
2017-08-10 12:00:00,15.250824,14.268402,100125.66,0.0,1.0,2.538899,2.3841858e-06,93.859085
2017-08-10 13:00:00,15.18515,14.278137,100158.125,0.0,1.0,2.423088,9.536743e-07,94.3156
2017-08-10 14:00:00,15.122162,13.939453,100177.41,9.724444,1.0,2.116878,1.9073486e-06,92.64165
2017-08-10 15:00:00,15.184662,12.031403,100193.03,100.42667,1.0,1.8664796,2.861023e-06,81.44447
2017-08-10 16:00:00,15.685272,12.390533,100212.92,204.85333,0.9899597,1.656119,0.0,80.755585
2017-08-10 17:00:00,16.338715,12.42276,100225.94,352.12445,0.93478394,1.6501864,4.7683716e-07,77.61783
2017-08-10 18:00:00,17.391602,12.571686,100208.69,614.0622,0.7869873,1.7341456,0.0,73.31371
2017-08-10 19:00:00,18.386993,12.946808,100218.29,688.60443,0.5913696,2.0067346,0.0,70.5726
2017-08-10 20:00:00,19.413177,13.715759,100178.29,801.0133,0.086242676,2.2958484,0.0,69.59369
2017-08-10 21:00:00,20.499176,12.546448,100174.47,929.5822,0.091278076,2.6510599,0.0,60.277615
2017-08-10 22:00:00,21.346893,13.690887,100131.83,878.4,0.053771973,2.826144,0.0,61.655907
2017-08-10 23:00:00,20.912018,13.449402,100100.3,793.88446,0.045013428,3.6365683,0.0,62.337658
2017-08-11 00:00:00,20.502655,13.582764,100103.86,642.3467,0.1425476,3.5619051,0.0,64.488335
2017-08-11 01:00:00,19.321625,13.398315,100075.05,439.73334,0.37319946,3.2261062,0.0,68.55966
2017-08-11 02:00:00,18.496063,13.344757,100076.914,244.87111,0.7001648,3.0122538,0.0,71.93751
2017-08-11 03:00:00,16.511688,14.201447,100081.16,64.14222,0.7826233,2.5943785,0.0,86.21306
2017-08-11 04:00:00,15.822357,14.156647,100095.84,0.053333335,0.81695557,2.0514529,0.0,89.82887
2017-08-11 05:00:00,15.792938,14.353241,100116.47,0.0,0.8400879,1.8182349,0.0,91.15128
2017-08-11 06:00:00,15.627716,14.277985,100145.86,0.0,0.84259033,1.8385355,0.0,91.67314
2017-08-11 07:00:00,15.328064,14.039459,100149.41,0.0,0.8450928,1.9131277,0.0,92.01889
2017-08-11 08:00:00,15.253326,14.259125,100149.11,0.0,0.966095,1.8907186,9.536743e-07,93.78763
2017-08-11 09:00:00,15.2170105,14.33017,100135.09,0.0,0.97802734,1.9220513,0.0,94.44018
2017-08-11 10:00:00,14.552246,13.735046,100113.586,0.0,1.0,1.6998378,0.0,94.8409
2017-08-11 11:00:00,14.653046,13.955627,100088.91,0.0,1.0,1.996964,0.0,95.5855
2017-08-11 12:00:00,14.6753235,13.917084,100103.39,0.0,0.9987488,1.8598331,0.0,95.20958
2017-08-11 13:00:00,14.809479,13.8871155,100105.64,0.0,0.98620605,1.6748701,0.0,94.20552
2017-08-11 14:00:00,14.763275,13.54538,100127.13,10.115556,0.97302246,1.6746022,0.0,92.40994
2017-08-11 15:00:00,14.8941345,11.7621155,100155.83,91.36,0.9573059,1.7378483,0.0,81.52091
2017-08-11 16:00:00,15.0156555,11.55426,100173.51,270.52444,0.9447632,1.808486,0.0,79.781815
2017-08-11 17:00:00,16.076202,11.931549,100196.375,372.37332,0.81069946,1.7032083,0.0,76.417534
2017-08-11 18:00:00,17.834076,12.631805,100173.47,597.1556,0.27374268,1.5668732,0.0,71.57661
2017-08-11 19:00:00,19.141876,13.092804,100148.36,836.6578,0.01687622,1.5671347,9.536743e-07,67.96324
2017-08-11 20:00:00,20.223541,13.849091,100094.95,816.3911,0.037506104,1.9954356,0.0,66.75662
2017-08-11 21:00:00,21.120178,12.537445,100065.8,885.5467,0.052520752,2.7645233,0.0,57.981396
2017-08-11 22:00:00,22.08023,14.208679,100027.92,863.7867,0.15005493,3.5993066,0.0,60.966415
2017-08-11 23:00:00,20.861725,13.842987,100006.2,759.2178,0.21820068,3.4807177,0.0,64.15305
2017-08-12 00:00:00,20.410004,13.984955,99979.484,623.8222,0.105651855,3.0441616,0.0,66.57628
2017-08-12 01:00:00,19.694916,13.724701,99935.805,442.77335,0.090026855,2.9605744,0.0,68.42491
2017-08-12 02:00:00,18.632843,13.209381,99912.19,244.23111,0.014984131,2.7026312,0.0,70.69638
2017-08-12 03:00:00,16.880737,14.024261,99920.45,62.06222,0.053131104,2.4074354,0.0,83.25266
2017-08-12 04:00:00,16.313568,14.085358,99962.97,0.035555556,0.15441895,2.0945272,0.0,86.65334
2017-08-12 05:00:00,16.246918,14.494659,99980.484,0.0,0.4050598,1.800814,0.0,89.35927
2017-08-12 06:00:00,16.144592,14.397308,99969.57,0.0,0.3975525,1.6516502,0.0,89.38008
2017-08-12 07:00:00,16.017456,14.204926,99973.734,0.0,0.51071167,1.811691,0.0,88.993324
2017-08-12 08:00:00,15.945282,13.964874,99971.65,0.0,0.8088684,2.0344405,0.0,88.02375
2017-08-12 09:00:00,15.667725,14.766327,99986.47,0.0,0.8351135,2.2285793,4.7683716e-07,94.37034
2017-08-12 10:00:00,14.716583,13.801239,99991.57,0.0,0.84716797,1.9272299,4.7683716e-07,94.24446
2017-08-12 11:00:00,14.419525,13.279266,99969.34,0.0,0.9899597,2.2185462,1.9073486e-06,92.859825
2017-08-12 12:00:00,14.519379,13.2500305,99999.12,0.0,0.977417,2.27473,4.7683716e-07,92.08639
2017-08-12 13:00:00,14.752411,13.176727,100000.16,0.0,0.966095,2.1190543,4.7683716e-07,90.27804
2017-08-12 14:00:00,14.8836975,13.072113,100056.95,11.075556,0.97991943,2.1107764,0.0,88.90727
2017-08-12 15:00:00,15.180756,11.088898,100111.8,108.69334,0.9573059,2.284848,0.0,76.54182
2017-08-12 16:00:00,15.442474,11.2066345,100158.42,245.49333,0.9067688,2.5064752,4.7683716e-07,75.856094
2017-08-12 17:00:00,15.921051,11.286682,100176.67,416.81778,0.8387451,2.428892,0.0,73.957596
2017-08-12 18:00:00,16.53891,11.452301,100164.41,543.5911,0.7869873,2.6849906,0.0,71.88403
2017-08-12 19:00:00,17.862152,12.050079,100189.02,719.76886,0.22879028,2.9765282,0.0,68.76947
2017-08-12 20:00:00,18.905487,12.426605,100130.19,860.60443,0.16503906,3.2375422,0.0,66.02777
2017-08-12 21:00:00,19.926239,11.19043,100124.46,845.7778,0.09753418,3.4759686,0.0,57.10772
2017-08-12 22:00:00,20.035614,12.370422,100093.17,861.0311,0.3338318,4.149893,0.0,61.3177
2017-08-12 23:00:00,19.610382,12.59317,100065.58,770.4711,0.19506836,4.0395913,0.0,63.884796
2017-08-13 00:00:00,19.060272,12.914032,100060.23,584.6222,0.06750488,3.5275292,0.0,67.51622
2017-08-13 01:00:00,18.586243,13.344818,100025.53,428.71112,0.24194336,3.3010705,9.536743e-07,71.53243
2017-08-13 02:00:00,17.744904,13.168701,100007.41,231.89333,0.7814026,2.8597577,0.0,74.554245
2017-08-13 03:00:00,15.709351,13.345703,100034.81,60.622223,0.7845154,2.222787,0.0,85.83401
2017-08-13 04:00:00,15.598206,13.570221,100034.11,0.0,0.80758667,1.853102,0.0,87.72145
2017-08-13 05:00:00,15.99118,13.625092,100040.96,0.0,0.82943726,1.7523712,0.0,85.848976
2017-08-13 06:00:00,15.92453,13.758759,100068.664,0.0,0.8101196,1.8679425,0.0,86.96832
2017-08-13 07:00:00,15.580994,13.488617,100051.61,0.0,0.8139038,2.0461738,0.0,87.35279
2017-08-13 08:00:00,15.376434,13.116058,100055.97,0.0,0.8401184,2.2368934,0.0,86.38127
2017-08-13 09:00:00,14.820404,13.618439,100031.42,0.0,0.88449097,2.171394,0.0,92.50905
2017-08-13 10:00:00,14.514923,12.961578,99994.91,0.0,0.88760376,1.769175,0.0,90.39299
2017-08-13 11:00:00,14.11142,12.554138,99993.3,0.0,0.97991943,2.0287242,0.0,90.340935
2017-08-13 12:00:00,14.177521,12.426666,99992.445,0.0,0.98620605,2.2507908,0.0,89.204956
2017-08-13 13:00:00,14.192108,12.304138,100032.95,0.0,0.9880676,2.098905,0.0,88.40589
2017-08-13 14:00:00,14.396149,12.316071,100071.45,11.928889,0.9937134,2.0910091,0.0,87.31421
2017-08-13 15:00:00,15.513641,11.042267,100108.94,108.53333,0.92056274,2.2262928,0.0,74.69136
2017-08-13 16:00:00,16.561981,11.832672,100142.91,301.22665,0.87249756,2.3393703,0.0,73.606026
2017-08-13 17:00:00,17.001556,11.806183,100144.54,451.36,0.75323486,2.4989364,0.0,71.454475
2017-08-13 18:00:00,18.569397,12.429077,100145.25,671.8222,0.07501221,2.7697618,0.0,67.44187
2017-08-13 19:00:00,19.653442,12.888824,100109.86,813.86664,0.15005493,3.2228227,0.0,64.96051
2017-08-13 20:00:00,20.426483,13.467377,100133.66,858.56,0.120025635,3.8194523,0.0,64.30728
2017-08-13 21:00:00,20.95871,12.574982,100104.52,900.85333,0.21191406,4.021346,0.0,58.70431
2017-08-13 22:00:00,20.783112,13.523529,100103.53,785.17334,0.7713928,4.577165,0.0,63.138584
2017-08-13 23:00:00,20.290253,14.083069,100087.32,645.0845,0.6575928,4.392408,3.8146973e-06,67.499115
2017-08-14 00:00:00,19.786957,14.651703,100046.5,490.72,0.78201294,4.336328,1.4305115e-06,72.24681
2017-08-14 01:00:00,18.759552,14.843597,100012.66,293.84888,0.77575684,4.100153,2.3841858e-06,77.98279
2017-08-14 02:00:00,18.32663,14.719147,99986.14,166.7911,0.82385254,3.6953683,3.8146973e-06,79.486595
2017-08-14 03:00:00,17.2081,15.670624,99974.25,39.84,0.8831787,3.0167773,3.8146973e-06,90.67354
2017-08-14 04:00:00,17.174347,15.85257,100005.19,0.0,0.9312439,2.5961163,1.9073486e-06,91.93199
2017-08-14 05:00:00,17.378387,16.06424,100007.57,0.0,0.9425049,2.4331496,1.9073486e-06,91.98892
2017-08-14 06:00:00,17.256134,15.73233,100022.0,0.0,0.9687805,2.2804766,1.4305115e-06,90.75621
2017-08-14 07:00:00,16.93747,15.411652,99968.55,0.0,0.97003174,2.1920893,1.9073486e-06,90.72288
2017-08-14 08:00:00,16.655304,14.960358,99962.8,0.0,0.92196655,2.4067621,9.536743e-07,89.721596
2017-08-14 09:00:00,16.33963,14.869354,99928.05,0.0,0.91763306,2.6879895,1.5735626e-05,91.00736
2017-08-14 10:00:00,15.429657,14.359772,99900.375,0.0,1.0,2.9396274,1.6212463e-05,93.33774
2017-08-14 11:00:00,15.332184,13.962433,99902.39,0.0,1.0,2.6527638,2.861023e-06,91.53587
2017-08-14 12:00:00,15.131989,13.507172,99864.34,0.0,1.0,2.076956,2.3841858e-06,90.0167
2017-08-14 13:00:00,14.982239,13.14444,99862.195,0.0,1.0,2.227525,2.3841858e-06,88.76316
2017-08-14 14:00:00,14.640289,12.704193,99911.56,7.0755553,1.0,2.7041202,4.7683716e-06,88.16531
2017-08-14 15:00:00,15.015411,11.872772,99938.17,75.28889,1.0,3.0021737,2.3841858e-06,81.479515
2017-08-14 16:00:00,15.568787,12.374878,99960.44,183.46666,1.0,3.2006376,9.536743e-07,81.27698
2017-08-14 17:00:00,16.797089,13.445404,99984.664,310.15112,1.0,3.2863348,1.9073486e-06,80.60419
2017-08-14 18:00:00,17.347443,13.695374,99962.016,456.83554,1.0,3.7202268,9.536743e-07,79.118744
2017-08-14 19:00:00,17.715057,14.009491,99997.75,597.56445,1.0,4.2375274,0.0,78.89696
2017-08-14 20:00:00,18.313812,14.304901,99976.19,676.7289,0.98812866,4.2770467,0.0,77.44894
2017-08-14 21:00:00,18.630463,12.659729,99948.38,746.24,0.95251465,4.317837,0.0,68.209175
2017-08-14 22:00:00,18.197968,13.114288,99928.734,616.33777,0.99313354,4.4504395,0.0,72.201385
2017-08-14 23:00:00,17.986298,12.955658,99893.39,564.85333,0.99435425,4.4078436,0.0,72.41381
2017-08-15 00:00:00,17.992645,12.861145,99857.72,535.4489,0.99749756,4.522951,0.0,71.93854
2017-08-15 01:00:00,17.198639,12.410919,99850.92,351.69778,1.0,4.296966,0.0,73.43488
2017-08-15 02:00:00,16.51944,12.298676,99796.7,182.6311,1.0,3.951578,0.0,76.10642
2017-08-15 03:00:00,15.646759,13.950897,99822.82,55.235554,1.0,3.7230203,0.0,89.64015
2017-08-15 04:00:00,15.31778,13.572052,99829.586,0.0,1.0,3.3066506,0.0,89.324715
2017-08-15 05:00:00,15.389252,13.621368,99870.8,0.0,1.0,2.9444115,0.0,89.2016
2017-08-15 06:00:00,15.4982605,13.478119,99858.56,0.0,1.0,3.0185156,0.0,87.75737
2017-08-15 07:00:00,15.501556,13.214264,99833.99,0.0,1.0,3.2656438,0.0,86.241844
2017-08-15 08:00:00,15.2274475,12.694305,99830.7,0.0,1.0,3.16427,0.0,84.83765
2017-08-15 09:00:00,15.24295,12.837067,99819.9,0.0,1.0,3.0622473,0.0,85.549614
2017-08-15 10:00:00,15.138123,12.293335,99780.73,0.0,0.97125244,3.0447683,0.0,83.109314
2017-08-15 11:00:00,15.077484,12.179108,99747.97,0.0,0.9650574,2.9123864,0.0,82.80952
2017-08-15 12:00:00,15.116821,12.37616,99743.97,0.0,0.9682007,2.8375633,0.0,83.67761
2017-08-15 13:00:00,15.285034,12.498047,99767.9,0.0,0.99624634,2.8267438,0.0,83.44298
2017-08-15 14:00:00,15.140717,12.320465,99824.6,10.844444,0.99624634,2.88992,0.0,83.24381
2017-08-15 15:00:00,15.597687,12.487793,99881.89,101.28,0.99624634,2.7422996,9.536743e-07,81.7305
2017-08-15 16:00:00,16.202362,12.8289795,99918.47,215.37778,0.9831543,2.9726183,0.0,80.40968
2017-08-15 17:00:00,16.90036,12.857666,99943.516,355.52,0.9083252,3.158111,0.0,77.06149
2017-08-15 18:00:00,18.001434,13.102722,99944.95,497.24445,0.79525757,3.2129478,0.0,73.043846
2017-08-15 19:00:00,18.356262,13.135162,99963.96,718.9689,0.50823975,3.2434988,0.0,71.58489
2017-08-15 20:00:00,19.302704,13.270233,99937.586,853.2267,0.05999756,3.4281573,0.0,68.06946
2017-08-15 21:00:00,19.77481,12.022308,99962.19,896.37335,0.037506104,3.718785,0.0,60.90607
2017-08-15 22:00:00,19.888947,12.50589,99929.74,799.91113,0.26257324,3.5915692,0.0,62.430767
2017-08-15 23:00:00,19.674622,12.530304,99944.79,727.9289,0.74954224,3.5986335,0.0,63.368336
2017-08-16 00:00:00,18.74466,12.134766,99933.56,543.7156,0.7583008,3.5864217,0.0,65.42721
2017-08-16 01:00:00,18.181671,11.932159,99944.08,394.24,0.7501831,3.3160927,0.0,66.87909
2017-08-16 02:00:00,17.219818,11.33847,99914.75,221.65334,0.759552,3.094902,0.0,68.326866
2017-08-16 03:00:00,15.595917,13.399048,99939.58,54.648888,0.775177,2.9029822,0.0,86.761314
2017-08-16 04:00:00,15.284149,13.493286,99981.984,0.0,0.8625488,2.5662725,0.0,89.059875
2017-08-16 05:00:00,15.179962,13.2951355,100025.83,0.0,0.89001465,2.3227851,0.0,88.50744
2017-08-16 06:00:00,15.396851,13.576019,100033.91,0.0,0.91064453,2.0785375,0.0,88.8953
2017-08-16 07:00:00,15.0997925,13.093903,100033.3,0.0,0.917511,1.8935125,0.0,87.803635
2017-08-16 08:00:00,14.892578,12.939728,100024.64,0.0,0.886322,2.0063236,0.0,88.09048
2017-08-16 09:00:00,15.108429,13.116669,100042.72,0.0,0.8694153,2.073652,0.0,87.885506
2017-08-16 10:00:00,14.850525,13.321686,100025.94,0.0,0.8951721,1.9624975,0.0,90.56143
2017-08-16 11:00:00,14.678131,13.01123,99987.195,0.0,0.8932495,2.37233,0.0,89.73603
2017-08-16 12:00:00,14.958557,13.105255,100016.61,0.0,0.9805298,2.3799036,0.0,88.671326
2017-08-16 13:00:00,15.11319,13.143524,100068.75,0.0,0.98931885,1.7831639,0.0,88.012886
2017-08-16 14:00:00,15.089935,12.820465,100098.92,9.048889,0.98620605,1.8472933,0.0,86.301674
2017-08-16 15:00:00,16.545258,11.588226,100155.53,95.27111,0.9818115,2.3227909,0.0,72.50409
2017-08-16 16:00:00,16.927765,11.880615,100160.42,249.19112,0.8251343,2.5128222,0.0,72.143166
2017-08-16 17:00:00,17.63095,12.010651,100185.086,452.35556,0.77267456,2.411873,0.0,69.59809
2017-08-16 18:00:00,18.812439,12.385315,100192.32,650.11554,0.075042725,2.3001068,0.0,66.23301
2017-08-16 19:00:00,20.451996,13.359192,100171.09,773.3689,0.022491455,2.3458173,0.0,63.75483
2017-08-16 20:00:00,21.137115,13.584808,100148.11,886.3111,0.0031433105,2.4332364,0.0,62.025414
2017-08-16 21:00:00,22.511444,11.965759,100112.71,935.52,0.00064086914,2.594908,0.0,51.28901
2017-08-16 22:00:00,23.151154,13.76889,100083.516,883.48444,0.09753418,2.1989193,0.0,55.51851
2017-08-16 23:00:00,22.972809,13.74588,100069.98,775.14667,0.1800232,2.326564,0.0,56.037426
2017-08-17 00:00:00,22.494873,13.752258,100050.94,620.23114,0.120025635,2.393944,0.0,57.710922
2017-08-17 01:00:00,21.511932,13.534882,100014.0,432.40887,0.105041504,2.3794608,0.0,60.418663
2017-08-17 02:00:00,20.502594,13.335236,100031.69,229.24445,0.12753296,2.0809577,0.0,63.456734
2017-08-17 03:00:00,18.58548,14.9888,100080.34,52.32,0.120025635,1.9745102,0.0,79.57823
2017-08-17 04:00:00,18.022491,15.02652,100107.664,0.0,0.13128662,1.7418591,0.0,82.64138
2017-08-17 05:00:00,17.391815,14.762451,100158.7,0.0,0.13568115,1.4233102,0.0,84.54339
2017-08-17 06:00:00,17.321198,14.583649,100190.875,0.0,0.19195557,1.2685555,0.0,83.947205
2017-08-17 07:00:00,17.088715,14.3090515,100187.375,0.0,0.4282837,1.5173004,0.0,83.69239
2017-08-17 08:00:00,16.81845,14.30661,100176.516,0.0,0.7595825,1.7681012,0.0,85.12598
2017-08-17 09:00:00,16.210358,14.12912,100203.44,0.0,0.7601929,1.6989313,0.0,87.47336
2017-08-17 10:00:00,15.312042,14.555084,100168.82,0.0,0.82003784,1.2147495,0.0,95.24047
2017-08-17 11:00:00,15.390076,14.585541,100176.42,0.0,0.9447632,1.1179806,0.0,94.95108
2017-08-17 12:00:00,15.875275,14.790802,100181.72,0.0,0.952301,0.8677915,0.0,93.27209
2017-08-17 13:00:00,15.778168,14.707245,100200.47,0.0,0.9479065,1.1089265,0.0,93.348816
2017-08-17 14:00:00,16.134735,14.699524,100239.78,9.582222,0.94415283,1.296447,0.0,91.199974
2017-08-17 15:00:00,16.846344,12.662079,100268.016,111.96445,0.8555908,1.0546981,0.0,76.34152
2017-08-17 16:00:00,17.893158,12.9010315,100322.91,307.53778,0.42752075,0.94683266,0.0,72.57973
2017-08-17 17:00:00,19.151459,13.063049,100371.69,520.3911,0.054382324,1.3421828,0.0,67.79067
2017-08-17 18:00:00,20.420319,13.4357605,100384.52,660.74664,0.04623413,1.6879717,0.0,64.19936
2017-08-17 19:00:00,21.60608,13.719788,100379.25,791.0933,0.01687622,1.87825,0.0,60.79854
2017-08-17 20:00:00,22.739777,14.350494,100314.8,909.0133,0.0,2.1041353,0.0,59.108326
2017-08-17 21:00:00,23.526703,11.931122,100282.61,918.50665,0.0,2.3666098,0.0,48.119873
2017-08-17 22:00:00,23.926147,13.48587,100230.77,865.76,0.090026855,2.8131154,0.0,52.015224
2017-08-17 23:00:00,23.913727,13.744171,100209.734,764.8889,0.12503052,2.9709053,0.0,52.93662
2017-08-18 00:00:00,23.360138,13.989471,100173.69,613.5822,0.052520752,2.949548,0.0,55.612453
2017-08-18 01:00:00,22.15445,14.032257,100125.25,423.02222,0.045013428,2.6838527,0.0,60.000893
2017-08-18 02:00:00,20.538055,13.571686,100116.97,223.4311,0.09753418,2.3908508,0.0,64.3012
2017-08-18 03:00:00,19.13211,14.457428,100195.484,49.404446,0.052520752,1.8790921,0.0,74.31276
2017-08-18 04:00:00,18.63385,15.193695,100214.734,0.0,0.02999878,1.4571863,0.0,80.39041
2017-08-18 05:00:00,18.062683,15.168518,100257.59,0.0,0.02999878,1.3604052,0.0,83.18931
2017-08-18 06:00:00,18.111725,15.553986,100270.85,0.0,0.07501221,1.448284,0.0,85.01144
2017-08-18 07:00:00,17.775055,15.227539,100301.195,0.0,0.38259888,1.4176948,0.0,85.031525
2017-08-18 08:00:00,17.23581,14.81015,100263.55,0.0,0.4631958,1.3992877,0.0,85.64483
2017-08-18 09:00:00,16.402893,14.976501,100277.42,0.0,0.65075684,1.2715808,0.0,91.2692
2017-08-18 10:00:00,15.304596,13.778534,100202.04,0.0,0.7764282,1.7072304,0.0,90.609375
2017-08-18 11:00:00,15.306213,13.82959,100192.03,0.0,0.7982788,1.7364062,0.0,90.901085
2017-08-18 12:00:00,15.520447,13.921722,100238.625,0.0,0.7994995,1.5769871,0.0,90.19787
2017-08-18 13:00:00,15.587158,13.830902,100252.47,0.0,0.9479065,1.220588,0.0,89.28465
2017-08-18 14:00:00,15.621216,13.748138,100303.2,8.622222,0.9604492,0.93624353,0.0,88.61204
2017-08-18 15:00:00,16.309692,12.079742,100310.66,110.524445,0.9686279,0.8055159,0.0,76.02657
2017-08-18 16:00:00,17.467285,12.563202,100310.81,256.60443,0.6123657,0.76472056,0.0,72.92327
2017-08-18 17:00:00,18.678436,12.402863,100299.984,442.08,0.081848145,0.9734681,0.0,66.867676
2017-08-18 18:00:00,19.85794,12.155579,100274.7,616.1778,0.05621338,1.2891843,0.0,61.1269
2017-08-18 19:00:00,21.445099,12.56012,100251.36,770.7733,0.080596924,1.8179077,0.0,56.921326
2017-08-18 20:00:00,22.46817,13.226959,100198.72,828.1778,0.033081055,2.1765242,0.0,55.85997
2017-08-18 21:00:00,23.211182,11.823151,100193.81,877.88446,0.008148193,2.4010735,0.0,48.697803
2017-08-18 22:00:00,23.25531,13.273224,100133.766,833.3333,0.20941162,2.5183132,0.0,53.417156
2017-08-18 23:00:00,23.083832,13.570038,100088.266,743.39557,0.15054321,2.578935,0.0,55.02867
2017-08-19 00:00:00,22.15036,13.394928,100080.67,593.7778,0.20129395,2.287244,0.0,57.579117
2017-08-19 01:00:00,21.525421,13.561798,100071.59,370.50665,0.1643982,2.1228325,0.0,60.474655
2017-08-19 02:00:00,20.482513,13.104736,100046.2,187.07556,0.05810547,1.9728506,0.0,62.586514
2017-08-19 03:00:00,18.710571,14.561127,100073.1,37.475555,0.10501099,1.7142118,0.0,76.80908
2017-08-19 04:00:00,17.852325,14.565643,100102.46,0.0,0.06188965,1.7033131,0.0,81.08516
2017-08-19 05:00:00,17.789154,14.686554,100105.95,0.0,0.09188843,1.5965459,0.0,82.04667
2017-08-19 06:00:00,17.54538,14.932251,100091.23,0.0,0.090026855,1.6335905,0.0,84.648674
2017-08-19 07:00:00,17.094696,14.976227,100085.81,0.0,0.3569641,1.6605418,0.0,87.34338
2017-08-19 08:00:00,16.750275,14.582611,100040.83,0.0,0.76016235,1.6204631,9.536743e-07,87.03499
2017-08-19 09:00:00,16.449493,14.950958,100044.84,0.0,0.7545471,1.5871415,0.0,90.84915
2017-08-19 10:00:00,15.429047,14.207611,99989.47,0.0,0.9887085,2.0260372,9.536743e-07,92.426315
2017-08-19 11:00:00,15.365173,14.26889,99982.53,0.0,0.9717407,2.0085971,1.9073486e-06,93.17512
2017-08-19 12:00:00,15.758209,14.302887,99962.17,0.0,0.96987915,1.8247695,0.0,91.056854
2017-08-19 13:00:00,15.870422,14.478668,99982.516,0.0,0.9742737,1.4677585,0.0,91.43938
2017-08-19 14:00:00,15.81485,14.117035,99973.09,8.16,0.9686279,1.5163153,9.536743e-07,89.641556
2017-08-19 15:00:00,16.158539,12.304474,100016.47,107.00445,0.86380005,1.6794543,0.0,77.90679
2017-08-19 16:00:00,17.04422,12.464081,100026.85,264.72888,0.7689209,1.6865739,0.0,74.41614
2017-08-19 17:00:00,17.717499,12.437378,100043.016,418.29333,0.75704956,1.827462,0.0,71.190155
2017-08-19 18:00:00,18.554901,12.732269,100043.25,546.5244,0.012542725,1.8360426,0.0,68.85942
2017-08-19 19:00:00,19.941498,13.526642,100035.3,772.05334,0.012512207,2.1809084,0.0,66.52287
2017-08-19 20:00:00,20.891968,13.956207,99966.95,776.64,0.0018920898,2.68094,0.0,64.506294
2017-08-19 21:00:00,22.48816,12.076508,99952.69,824.9778,0.02999878,3.1926029,0.0,51.73791
2017-08-19 22:00:00,22.363495,13.695953,99868.58,813.31555,0.11251831,2.5755472,0.0,57.96146
2017-08-19 23:00:00,22.010223,13.823944,99856.63,644.7111,0.11376953,3.0997422,0.0,59.717926
2017-08-20 00:00:00,21.444061,13.654205,99839.484,551.36,0.12878418,3.086518,0.0,61.14356
2017-08-20 01:00:00,20.491425,13.359009,99832.53,350.08,0.16067505,2.463828,9.536743e-07,63.599033
2017-08-20 02:00:00,19.62439,13.094757,99805.64,182.47112,0.15130615,2.1806545,2.3841858e-06,65.96032
2017-08-20 03:00:00,17.599884,14.335114,99843.71,40.96,0.14505005,2.0717537,1.4305115e-06,81.1671
2017-08-20 04:00:00,17.38034,14.325195,99849.04,0.0,0.69329834,2.1022797,0.0,82.247734
2017-08-20 05:00:00,17.502716,14.50119,99871.945,0.0,0.74642944,2.311165,9.536743e-07,82.54857
2017-08-20 06:00:00,17.513092,14.499481,99860.92,0.0,0.7845154,2.4996223,9.536743e-07,82.48538
2017-08-20 07:00:00,17.208893,14.168518,99840.87,0.0,0.7739258,2.6454575,1.9073486e-06,82.305214
2017-08-20 08:00:00,17.041962,14.062958,99840.53,0.0,0.8045044,2.7639663,9.536743e-07,82.6128
2017-08-20 09:00:00,16.777008,14.294403,99858.16,0.0,0.795166,2.8643155,9.536743e-07,85.28288
2017-08-20 10:00:00,16.00998,14.034027,99809.95,0.0,0.82696533,2.639155,0.0,88.05484
2017-08-20 11:00:00,15.938019,13.735199,99807.84,0.0,0.8638916,2.8210628,9.536743e-07,86.760376
2017-08-20 12:00:00,16.09964,13.654388,99810.06,0.0,0.88012695,2.3340676,4.2915344e-06,85.41898
2017-08-20 13:00:00,16.05365,13.495026,99855.34,0.0,0.8602295,2.1271427,3.8146973e-06,84.78596
2017-08-20 14:00:00,15.954773,13.305786,99885.79,6.791111,0.8558655,2.4415796,4.7683716e-06,84.2771
2017-08-20 15:00:00,16.592377,11.942352,99925.5,90.72,0.8670654,2.7872832,1.9073486e-06,73.99733
2017-08-20 16:00:00,17.133942,12.01535,99947.75,242.24,0.69958496,2.8909764,9.536743e-07,71.841866
2017-08-20 17:00:00,18.115143,12.553375,99956.09,401.0489,0.15252686,2.7463117,0.0,69.96075
2017-08-20 18:00:00,19.054474,12.677887,99949.13,637.9022,0.091308594,2.556884,0.0,66.503975
2017-08-20 19:00:00,20.003052,13.128937,99940.59,792.7822,0.018188477,2.500089,0.0,64.57247
2017-08-20 20:00:00,21.714325,14.021881,99914.03,809.0489,0.010009766,2.816047,0.0,61.593983
2017-08-20 21:00:00,22.85965,11.7778015,99896.516,905.0489,0.0,3.1432683,0.0,49.59703
2017-08-20 22:00:00,23.295471,13.498077,99854.86,874.5244,0.4336548,2.4183593,0.0,54.074604
2017-08-20 23:00:00,23.139252,13.514587,99840.23,766.4711,0.18634033,2.6613655,0.0,54.646694
2017-08-21 00:00:00,22.75113,13.623901,99829.46,609.10223,0.17184448,2.5648093,0.0,56.346996
2017-08-21 01:00:00,21.886688,13.548431,99831.875,418.15112,0.120025635,2.5857573,0.0,59.101345
2017-08-21 02:00:00,20.69107,13.263824,99858.36,212.01778,0.039367676,1.9989051,0.0,62.431637
2017-08-21 03:00:00,18.491241,14.975922,99893.56,41.511112,0.027496338,1.9466734,0.0,79.98317
2017-08-21 04:00:00,17.918915,15.115509,99938.65,0.0,0.08248901,1.7024417,0.0,83.65957
2017-08-21 05:00:00,17.761993,15.410706,99959.59,0.0,0.14376831,1.2554148,0.0,86.10868
2017-08-21 06:00:00,17.464447,15.232727,100015.734,0.0,0.046875,0.98696905,0.0,86.74355
2017-08-21 07:00:00,17.132843,14.910797,100034.625,0.0,0.0056152344,0.91536933,0.0,86.766075
2017-08-21 08:00:00,16.673004,14.51947,100039.625,0.0,0.00064086914,1.1964747,0.0,87.10727
2017-08-21 09:00:00,16.344727,14.683746,100055.84,0.0,0.013092041,1.2363544,0.0,89.89514
2017-08-21 10:00:00,15.96347,14.9479065,100043.44,0.0,0.98620605,1.5743091,0.0,93.69159
2017-08-21 11:00:00,16.079376,14.951813,100079.16,0.0,0.9836731,2.5926948,0.0,93.02381
2017-08-21 12:00:00,16.397125,15.104584,100072.516,0.0,0.97802734,2.3926363,0.0,92.05859
2017-08-21 13:00:00,16.650665,15.123444,100125.516,0.0,0.9717407,1.4657171,0.0,90.69516
2017-08-21 14:00:00,16.915558,15.246368,100209.56,8.16,0.98620605,1.5694947,0.0,89.889755
2017-08-21 15:00:00,17.489105,14.286224,100251.55,118.00889,1.0,1.9404932,0.0,81.47856
2017-08-21 16:00:00,17.917572,14.140381,100278.72,293.15555,0.97802734,2.340482,0.0,78.56068
2017-08-21 17:00:00,18.449432,13.793091,100338.34,501.95557,0.92800903,2.5974796,0.0,74.28519
2017-08-21 18:00:00,18.546417,12.965729,100367.91,653.79553,0.85809326,2.5789742,0.0,69.95725
2017-08-21 19:00:00,19.852203,13.776764,100351.984,703.80444,0.3506775,2.4997125,0.0,67.98984
2017-08-21 20:00:00,21.140839,14.69986,100356.11,866.61334,0.015014648,2.5515606,0.0,66.659134
2017-08-21 21:00:00,22.081238,12.656189,100306.336,850.9155,0.12185669,2.884263,0.0,55.09579
2017-08-21 22:00:00,22.387543,13.646271,100292.1,859.4667,0.5805969,2.4351728,0.0,57.68992
2017-08-21 23:00:00,22.285034,13.561859,100242.55,749.5467,0.46429443,2.7067766,0.0,57.733025
2017-08-22 00:00:00,21.9393,13.548004,100279.16,585.28,0.6792908,2.3028762,0.0,58.910095
2017-08-22 01:00:00,20.915863,13.26123,100254.17,388.81778,0.9312439,2.7328482,0.0,61.56275
2017-08-22 02:00:00,19.897858,13.362335,100244.26,182.57777,0.9737854,2.8432817,0.0,65.992676
2017-08-22 03:00:00,18.152496,15.049896,100259.13,35.964443,0.83374023,2.514406,0.0,82.09201
2017-08-22 04:00:00,17.554077,14.942932,100282.19,0.0,0.8961792,2.0923676,0.0,84.66043
2017-08-22 05:00:00,17.221283,15.134613,100319.31,0.0,0.7932434,1.6154003,0.0,87.53379
2017-08-22 06:00:00,16.83731,14.888824,100329.89,0.0,0.7819824,1.203349,0.0,88.28234
2017-08-22 07:00:00,16.09433,14.2222595,100341.2,0.0,0.94229126,1.207983,0.0,88.65696
2017-08-22 08:00:00,15.475494,13.677887,100320.77,0.0,0.7887268,1.0945368,0.0,89.036095
2017-08-22 09:00:00,15.402374,13.927643,100302.08,0.0,0.2168274,0.88588303,0.0,90.91871
2017-08-22 10:00:00,14.994446,13.828491,100279.2,0.0,0.8366699,1.5553448,0.0,92.73553
2017-08-22 11:00:00,15.403961,13.966888,100297.195,0.0,0.8685913,1.6323065,0.0,91.141365
2017-08-22 12:00:00,15.646515,14.154755,100304.17,0.0,0.9610901,1.5310138,0.0,90.834755
2017-08-22 13:00:00,15.54245,14.2404175,100355.55,0.0,0.9704895,1.420979,0.0,91.951584
2017-08-22 14:00:00,15.598755,14.004913,100392.19,7.271111,0.95617676,1.303407,0.0,90.2321
2017-08-22 15:00:00,16.42038,11.925934,100434.38,116.81778,0.89056396,1.2979548,0.0,74.73085
2017-08-22 16:00:00,17.036072,12.599152,100450.7,282.11557,0.819458,1.3304837,0.0,75.11759
2017-08-22 17:00:00,19.017365,13.5372925,100477.25,472.21335,0.14749146,1.1214827,0.0,70.508575
2017-08-22 18:00:00,20.398712,13.592438,100483.69,693.24445,0.09375,1.1913118,0.0,64.94452
2017-08-22 19:00:00,21.913116,13.764069,100451.78,737.86664,0.13562012,1.5806683,0.0,59.83973
2017-08-22 20:00:00,22.640839,13.938934,100403.66,826.68445,0.1481018,1.982891,0.0,57.899174
2017-08-22 21:00:00,23.221344,12.188049,100341.06,847.0578,0.15185547,2.259756,0.0,49.852505
2017-08-22 22:00:00,23.794281,13.783783,100339.31,805.5289,0.23751831,3.921357,0.0,53.456085
2017-08-22 23:00:00,23.575684,14.295593,100302.75,735.94666,0.19754028,3.675998,0.0,55.993584
2017-08-23 00:00:00,22.447235,14.534027,100257.8,578.18665,0.1456604,3.248133,0.0,60.88685
2017-08-23 01:00:00,20.863922,14.058319,100228.69,378.4178,0.10003662,2.9001489,0.0,65.04731
2017-08-23 02:00:00,19.683197,13.94162,100224.55,161.31555,0.023132324,2.7308786,0.0,69.44666
2017-08-23 03:00:00,17.509125,15.115509,100275.914,34.293335,0.4194641,2.5403104,0.0,85.84957
2017-08-23 04:00:00,17.060455,15.260834,100313.16,0.0,0.77575684,2.2592494,0.0,89.15048
2017-08-23 05:00:00,16.882477,15.078949,100289.64,0.0,0.7713928,1.6496766,0.0,89.11405
2017-08-23 06:00:00,17.071686,15.342865,100288.09,0.0,0.63949585,1.2795327,0.0,89.55777
2017-08-23 07:00:00,15.818451,14.215363,100265.19,0.0,0.7201538,0.9800674,0.0,90.19381
2017-08-23 08:00:00,15.524017,13.550812,100244.01,0.0,0.76953125,1.0122825,0.0,88.02834
2017-08-23 09:00:00,15.313171,14.30368,100253.55,0.0,0.77075195,1.4636941,0.0,93.69764
2017-08-23 10:00:00,14.772034,13.958527,100195.984,0.0,0.75268555,1.752754,2.861023e-06,94.8722
2017-08-23 11:00:00,14.812653,13.973846,100199.65,0.0,0.7814331,1.862005,0.0,94.71811
2017-08-23 12:00:00,14.892609,14.075775,100199.97,0.0,0.8875122,1.823615,0.0,94.85638
2017-08-23 13:00:00,15.018219,14.089325,100212.32,0.0,0.9654846,1.6368487,0.0,94.17475
2017-08-23 14:00:00,14.970551,14.019104,100239.22,5.4933333,0.96673584,1.645556,0.0,94.03498
2017-08-23 15:00:00,15.422607,12.333282,100269.44,85.08444,0.95166016,1.5862541,0.0,81.81862
2017-08-23 16:00:00,15.47348,12.235992,100259.914,217.81334,0.8836365,1.6477978,0.0,81.031876
2017-08-23 17:00:00,16.474823,12.539093,100259.8,368.28445,0.81692505,1.7666546,0.0,77.53789
2017-08-23 18:00:00,17.651001,13.127563,100257.266,536.51556,0.5888672,1.6528336,0.0,74.79581
2017-08-23 19:00:00,18.615295,13.663666,100221.92,732.08887,0.03375244,1.9228309,0.0,72.90092
2017-08-23 20:00:00,20.025787,14.621002,100162.74,841.7244,0.09753418,2.6344807,0.0,71.0437
2017-08-23 21:00:00,21.030182,13.250275,100147.31,797.56445,0.15753174,3.142757,0.0,61.08766
2017-08-23 22:00:00,20.984406,13.642914,100072.875,709.8489,0.15005493,3.4704392,0.0,62.847652
2017-08-23 23:00:00,20.621307,14.328949,100046.87,556.19556,0.15255737,3.5511372,4.7683716e-07,67.19508
2017-08-24 00:00:00,20.576263,14.622986,100001.05,526.79114,0.11251831,3.1518,3.8146973e-06,68.67523
2017-08-24 01:00:00,19.892792,14.25119,99956.31,373.0311,0.011260986,2.8856826,9.536743e-07,69.93897
2017-08-24 02:00:00,18.614838,13.357239,99961.78,167.71556,0.048736572,2.610018,1.4305115e-06,71.46229
2017-08-24 03:00:00,17.009888,14.442474,99990.95,29.617777,0.46697998,2.2717407,9.536743e-07,84.84082
2017-08-24 04:00:00,16.254486,13.9888,100057.516,0.0,0.79953,2.0204966,0.0,86.43723
2017-08-24 05:00:00,16.511536,14.364838,100072.47,0.0,0.8045349,1.9772081,0.0,87.13081
2017-08-24 06:00:00,16.431793,14.47757,100077.16,0.0,0.83825684,2.0574763,0.0,88.21514
2017-08-24 07:00:00,16.013153,14.15036,100055.24,0.0,0.8663635,2.2192714,4.7683716e-07,88.70359
2017-08-24 08:00:00,16.058228,13.990875,100055.39,0.0,0.8694763,2.2965286,0.0,87.53844
2017-08-24 09:00:00,15.61792,14.3316345,100037.69,0.0,0.8882446,2.223055,0.0,92.049866
2017-08-24 10:00:00,14.949249,13.466888,100006.97,0.0,0.83203125,1.9927151,9.536743e-07,90.84306
2017-08-24 11:00:00,14.800629,13.259766,99967.984,0.0,0.8544922,2.1339936,1.1444092e-05,90.48693
2017-08-24 12:00:00,14.881805,13.262909,99970.64,0.0,0.9567871,2.3086042,9.536743e-07,90.03308
2017-08-24 13:00:00,14.8685,13.161957,99999.14,0.0,0.97488403,2.3643434,0.0,89.51836
2017-08-24 14:00:00,14.888458,12.898346,99994.68,5.0666666,0.97991943,2.4659693,0.0,87.87557
2017-08-24 15:00:00,15.064362,11.441956,100035.016,85.83111,0.94244385,2.617299,0.0,78.94324
2017-08-24 16:00:00,15.681549,12.080597,100074.63,231.37778,0.8182068,3.0184057,0.0,79.14451
2017-08-24 17:00:00,16.246307,12.431732,100096.61,378.16888,0.78637695,3.0721118,0.0,78.12246
2017-08-24 18:00:00,17.21048,12.959625,100083.55,542.6667,0.43756104,3.1439152,0.0,76.06754
2017-08-24 19:00:00,18.123627,13.471771,100061.53,702.08,0.18127441,3.4120934,4.7683716e-07,74.25137
2017-08-24 20:00:00,19.022003,14.038361,100024.266,782.13336,0.10562134,3.5352015,1.4305115e-06,72.82161
2017-08-24 21:00:00,19.649933,12.784515,99972.04,803.00446,0.02999878,3.5214627,9.536743e-07,64.5324
2017-08-24 22:00:00,19.711731,13.492889,99961.97,714.82666,0.16687012,4.1259084,0.0,67.32992
2017-08-24 23:00:00,19.713348,13.567047,99906.29,701.8311,0.120025635,3.7572856,0.0,67.64908
2017-08-25 00:00:00,19.520111,13.7966,99854.28,590.57776,0.09753418,3.5242674,0.0,69.49648
2017-08-25 01:00:00,18.492828,13.59314,99788.78,390.02667,0.052520752,3.350154,0.0,73.12607
2017-08-25 02:00:00,17.52884,13.157196,99762.625,205.68889,0.6069946,2.773529,0.0,75.520805
2017-08-25 03:00:00,15.961731,14.052948,99739.05,34.15111,0.7232666,2.2943063,0.0,88.43521
2017-08-25 04:00:00,15.782166,13.933411,99756.61,0.0,0.7944946,1.9169303,0.0,88.76543
2017-08-25 05:00:00,15.870239,14.032837,99789.81,0.0,0.7025757,1.7373893,0.0,88.83807
2017-08-25 06:00:00,16.022766,14.011261,99770.14,0.0,0.5619507,1.6995131,0.0,87.85307
2017-08-25 07:00:00,15.564606,13.588837,99787.984,0.0,0.63571167,1.697868,0.0,88.01719
2017-08-25 08:00:00,15.262909,13.121063,99754.516,0.0,0.7876282,1.7174712,0.0,87.041885
2017-08-25 09:00:00,14.796509,13.608185,99779.11,0.0,0.9436035,1.5224022,0.0,92.589874
2017-08-25 10:00:00,13.9253845,13.037689,99751.766,0.0,0.9130554,1.7794508,0.0,94.38049
2017-08-25 11:00:00,13.974762,12.923492,99745.62,0.0,0.95858765,1.7164023,0.0,93.37835
2017-08-25 12:00:00,14.122467,13.198395,99726.05,0.0,0.9623413,1.517933,0.0,94.16496
2017-08-25 13:00:00,14.119812,13.100616,99752.66,0.0,0.9604492,1.2763352,0.0,93.58155
2017-08-25 14:00:00,13.884888,12.817596,99794.01,5.5288887,0.959198,1.3158239,0.0,93.27597
2017-08-25 15:00:00,14.397247,11.442474,99832.49,101.653336,0.94854736,1.3534663,0.0,82.418365
2017-08-25 16:00:00,14.886841,11.335541,99863.625,226.06223,0.7782593,1.220707,9.536743e-07,79.29019
2017-08-25 17:00:00,16.587982,11.833221,99882.94,434.02667,0.7545471,1.264686,0.0,73.48705
2017-08-25 18:00:00,18.38565,12.210022,99870.26,617.2978,0.22943115,1.528141,0.0,67.24774
2017-08-25 19:00:00,19.894592,12.390839,99849.625,802.61334,0.01687622,1.687298,0.0,61.9391
2017-08-25 20:00:00,20.906708,12.856293,99788.164,903.1289,0.00064086914,1.7993245,0.0,59.988373
2017-08-25 21:00:00,22.310272,11.537506,99798.8,925.6889,0.0,1.9873121,0.0,50.4729
2017-08-25 22:00:00,23.44986,11.326324,99772.234,888.16,0.09753418,2.5542643,0.0,46.448986
2017-08-25 23:00:00,22.9122,12.491516,99743.55,777.0845,0.090026855,2.6761756,0.0,51.817924
2017-08-26 00:00:00,22.207764,12.824921,99724.78,613.4756,0.08251953,2.593244,0.0,55.280243
2017-08-26 01:00:00,21.144745,12.969208,99727.766,415.82224,0.105041504,2.267211,0.0,59.555183
2017-08-26 02:00:00,19.55014,12.465088,99724.766,189.90222,0.090026855,1.882697,0.0,63.587643
2017-08-26 03:00:00,17.143158,14.176575,99751.16,30.56,0.0,1.5387348,0.0,82.69167
2017-08-26 04:00:00,16.118225,14.49118,99780.31,0.0,0.0,1.0931078,0.0,90.07578
2017-08-26 05:00:00,15.808502,14.128967,99824.37,0.0,0.007507324,0.7954935,0.0,89.747375
2017-08-26 06:00:00,15.661224,13.959015,99839.984,0.0,0.014984131,0.8334225,0.0,89.604324
2017-08-26 07:00:00,15.812714,13.829132,99885.84,0.0,0.02999878,0.9617464,0.0,87.99408
2017-08-26 08:00:00,14.992462,13.016693,99870.16,0.0,0.037506104,0.86000586,0.0,87.967224
2017-08-26 09:00:00,13.900421,12.782684,99913.805,0.0,0.022491455,0.7524772,0.0,92.96909
2017-08-26 10:00:00,14.330322,13.118774,99902.36,0.0,0.7501831,0.63587296,0.0,92.4237
2017-08-26 11:00:00,14.359772,13.045258,99879.805,0.0,0.6526489,0.5571713,0.0,91.80554
2017-08-26 12:00:00,14.823059,13.489685,99890.09,0.0,0.69018555,0.64060605,0.0,91.72099
2017-08-26 13:00:00,14.8923645,13.594849,99952.19,0.0,0.7426758,0.5529449,0.0,91.939644
2017-08-26 14:00:00,14.041382,12.884796,99983.29,6.0088887,0.7501831,0.51453334,0.0,92.740425
2017-08-26 15:00:00,16.023895,11.965729,100035.84,116.07111,0.34506226,0.5278822,0.0,76.84627
2017-08-26 16:00:00,17.714874,12.687958,100070.984,307.48444,0.11251831,0.67387044,0.0,72.382416
2017-08-26 17:00:00,19.677887,12.591431,100085.14,512.0356,0.07501221,0.95569295,0.0,63.61013
2017-08-26 18:00:00,22.01413,12.742249,100102.44,690.29333,0.037506104,1.3059882,0.0,55.63482
2017-08-26 19:00:00,24.654694,13.410675,100097.42,834.93335,0.014984131,1.5886217,0.0,49.547096
2017-08-26 20:00:00,26.672638,14.175842,100054.21,892.81775,0.007507324,2.0423,0.0,46.192215
2017-08-26 21:00:00,28.486938,11.619354,100047.945,905.86664,0.0,2.5098073,0.0,35.136974
2017-08-26 22:00:00,28.582184,13.601166,99980.125,846.75555,0.05999756,2.941089,0.0,39.794083
2017-08-26 23:00:00,28.172668,13.703522,99954.8,735.07556,0.02999878,2.8953931,0.0,41.02639
2017-08-27 00:00:00,27.138336,14.067017,99932.75,550.0622,0.11251831,2.7696404,0.0,44.627605
2017-08-27 01:00:00,25.738892,14.089569,99935.86,385.01334,0.014984131,2.496116,0.0,48.543007
2017-08-27 02:00:00,24.059967,14.683929,99931.39,164.72888,0.0,1.7981727,0.0,55.766956
2017-08-27 03:00:00,21.366852,16.985321,99958.66,25.617777,0.0,1.2750982,0.0,76.090706
2017-08-27 04:00:00,19.577515,16.480865,100015.89,0.0,0.0,1.0793066,0.0,82.29942
2017-08-27 05:00:00,19.328552,16.701904,100069.84,0.0,0.0,1.1476496,0.0,84.767746
2017-08-27 06:00:00,18.605988,15.953705,100117.65,0.0,0.014984131,1.1955391,0.0,84.55144
2017-08-27 07:00:00,18.136444,15.495575,100147.13,0.0,0.0,1.2833296,0.0,84.5621
2017-08-27 08:00:00,17.91098,15.320831,100112.86,0.0,0.0,1.1887038,0.0,84.8134
2017-08-27 09:00:00,17.307098,15.363678,100120.36,0.0,0.0,1.0102085,0.0,88.35084
2017-08-27 10:00:00,16.43454,14.563599,100077.336,0.0,0.59265137,0.56604695,0.0,88.69146
2017-08-27 11:00:00,16.611786,14.643066,100071.33,0.0,0.5626221,0.49781537,0.0,88.14797
2017-08-27 12:00:00,16.479218,14.645538,100090.17,0.0,0.5726013,0.81682694,0.0,88.908806
2017-08-27 13:00:00,16.186676,14.575348,100136.84,0.0,0.5776367,1.0064802,0.0,90.172264
2017-08-27 14:00:00,15.505127,14.023621,100187.99,5.368889,0.21566772,0.77274305,0.0,90.885635
2017-08-27 15:00:00,17.605072,13.303925,100196.77,121.013336,0.15939331,0.59374624,0.0,75.88159
2017-08-27 16:00:00,19.673615,12.618774,100209.22,322.61334,0.007507324,0.5162058,0.0,63.741238
2017-08-27 17:00:00,21.660065,12.367706,100216.32,516.7289,0.0,0.77882236,0.0,55.47144
2017-08-27 18:00:00,24.167511,12.85257,100184.39,688.3911,0.0,1.3200132,0.0,49.18883
2017-08-27 19:00:00,26.072662,13.090729,100149.92,816.9422,0.037506104,1.9154788,0.0,44.595875
2017-08-27 20:00:00,27.47995,13.551239,100062.734,871.80444,0.014984131,2.0719748,0.0,42.300198
2017-08-27 21:00:00,28.48471,10.712189,100036.08,870.9155,0.022491455,2.2947621,0.0,33.08895
2017-08-27 22:00:00,29.483765,14.291168,99906.11,854.0267,0.041229248,3.3545303,0.0,39.499325
2017-08-27 23:00:00,28.455963,14.319916,99892.8,738.72,0.0,3.2124028,0.0,42.00179
2017-08-28 00:00:00,26.700745,14.653778,99860.22,583.4311,0.0,3.2055376,0.0,47.56364
2017-08-28 01:00:00,24.892853,15.418518,99843.68,353.74222,0.0,2.984025,0.0,55.620914
2017-08-28 02:00:00,22.79721,15.209625,99821.89,168.78223,0.0,2.340814,0.0,62.258766
2017-08-28 03:00:00,20.171234,16.581818,99853.59,23.626667,0.0,2.1153321,0.0,79.83489
2017-08-28 04:00:00,19.653473,16.829865,99909.19,0.0,0.0,1.6672571,0.0,83.74948
2017-08-28 05:00:00,18.890045,16.85962,99946.25,0.0,0.007507324,1.1785339,0.0,87.99592
2017-08-28 06:00:00,19.018799,17.170746,99967.68,0.0,0.0,0.84822124,0.0,89.02993
2017-08-28 07:00:00,18.009247,15.866119,99967.94,0.0,0.0012512207,0.6528913,0.0,87.28851
2017-08-28 08:00:00,18.014221,15.569489,99951.125,0.0,0.04562378,0.65381986,0.0,85.61939
2017-08-28 09:00:00,17.341034,15.777863,99963.11,0.0,0.007507324,0.6009283,0.0,90.53361
2017-08-28 10:00:00,14.98941,13.763519,99911.39,0.0,0.755188,0.6567449,0.0,92.37471
2017-08-28 11:00:00,14.518707,13.308197,99892.66,0.0,0.75894165,0.9877897,0.0,92.4406
2017-08-28 12:00:00,14.856903,13.666901,99880.11,0.0,0.7626953,1.1794116,0.0,92.583115
2017-08-28 13:00:00,15.222137,14.060699,99881.96,0.0,0.76394653,0.97819954,0.0,92.77504
2017-08-28 14:00:00,15.156464,14.155701,99890.83,4.8533335,0.7689514,0.86737216,0.0,93.74324
2017-08-28 15:00:00,16.342194,12.773224,99901.875,114.13333,0.7677002,1.1047343,0.0,79.40544
2017-08-28 16:00:00,17.760284,12.553589,99946.25,303.71555,0.763916,1.1951225,0.0,71.54216
2017-08-28 17:00:00,19.859253,13.058258,99940.28,516.6578,0.51571655,1.3369001,0.0,64.85053
2017-08-28 18:00:00,21.091064,12.833405,99873.7,683.62665,0.106903076,1.8173969,0.0,59.223236
2017-08-28 19:00:00,22.668915,13.396332,99846.61,794.8444,0.014984131,2.254664,0.0,55.795708
2017-08-28 20:00:00,24.194855,14.216827,99788.984,865.79553,0.014984131,2.4454029,0.0,53.671036
2017-08-28 21:00:00,25.497406,13.085541,99783.76,906.36444,0.02999878,2.6804912,0.0,46.12869
2017-08-28 22:00:00,26.002014,14.846405,99704.33,835.9644,0.15005493,3.0728738,0.0,50.188255
2017-08-28 23:00:00,24.900177,15.775299,99671.08,687.39557,0.15005493,3.2430253,0.0,56.88257
2017-08-29 00:00:00,23.687775,15.652466,99653.84,554.88,0.15753174,3.1240587,0.0,60.695217
2017-08-29 01:00:00,22.298187,15.236542,99666.18,358.61334,0.16503906,2.7699163,0.0,64.28743
2017-08-29 02:00:00,20.55835,14.33609,99678.44,151.14667,0.052520752,2.3162978,0.0,67.48775
2017-08-29 03:00:00,18.470032,15.182373,99710.16,20.604445,0.07501221,1.9764899,0.0,81.16069
2017-08-29 04:00:00,17.963806,15.434357,99763.93,0.0,0.120025635,1.7104745,0.0,85.150185
2017-08-29 05:00:00,17.703644,15.280121,99781.445,0.0,0.06436157,1.5159845,0.0,85.704315
2017-08-29 06:00:00,17.479614,15.548798,99791.234,0.0,0.06814575,1.5774413,0.0,88.43679
2017-08-29 07:00:00,17.228668,15.479645,99806.31,0.0,0.03250122,1.7073784,0.0,89.4537
2017-08-29 08:00:00,16.971039,15.206116,99812.58,0.0,0.019378662,1.7570477,0.0,89.34253
2017-08-29 09:00:00,16.193024,14.890961,99839.36,0.0,0.18255615,1.833657,0.0,91.99012
2017-08-29 10:00:00,14.630341,14.006744,99818.05,0.0,0.7614441,1.8674484,0.0,96.043816
2017-08-29 11:00:00,14.322296,13.796814,99832.86,0.0,0.7958069,2.2070918,0.0,96.649124
2017-08-29 12:00:00,14.324921,13.80603,99853.125,0.0,0.9012146,2.3501005,0.0,96.690605
2017-08-29 13:00:00,14.605377,14.06955,99894.06,0.0,0.9686279,2.2693372,0.0,96.59151
2017-08-29 14:00:00,14.457062,13.541412,99931.38,3.2533333,0.97613525,2.0833976,0.0,94.23134
2017-08-29 15:00:00,14.792572,11.678864,99971.51,72.39111,0.95480347,2.0909262,0.0,81.606415
2017-08-29 16:00:00,15.732025,12.089874,99993.734,225.6,0.94415283,2.1633048,0.0,78.937294
2017-08-29 17:00:00,16.843079,12.402679,100040.25,376.2489,0.74505615,2.14066,0.0,75.0683
2017-08-29 18:00:00,17.985443,12.426727,100023.91,614.18665,0.09805298,2.19523,0.0,69.94971
2017-08-29 19:00:00,18.764557,12.321564,99985.484,783.14667,0.024353027,2.4025316,0.0,66.15387
2017-08-29 20:00:00,19.969421,12.744507,99935.055,853.86664,0.06436157,2.670743,0.0,63.099907
2017-08-29 21:00:00,20.804047,11.157593,99908.875,858.9689,0.0874939,3.0548127,0.0,53.97465
2017-08-29 22:00:00,20.937286,13.045044,99930.39,832.9067,0.16503906,3.4879072,0.0,60.61956
2017-08-29 23:00:00,20.525421,13.248627,99898.2,715.04,0.15066528,3.5445428,0.0,63.010296
2017-08-30 00:00:00,19.957123,13.237274,99858.195,563.00446,0.121276855,3.3266518,0.0,65.21631
2017-08-30 01:00:00,19.309082,13.2690735,99828.53,363.30667,0.05999756,3.1192684,0.0,68.03727
2017-08-30 02:00:00,18.28775,12.726929,99836.66,179.25333,0.022491455,2.7794642,0.0,69.9984
2017-08-30 03:00:00,16.502502,13.490112,99861.016,22.115555,0.24255371,2.2356892,0.0,82.36759
2017-08-30 04:00:00,16.453217,13.984772,99917.89,0.0,0.27752686,1.9458754,0.0,85.327255
2017-08-30 05:00:00,16.257843,14.167053,99937.58,0.0,0.19689941,1.8479989,0.0,87.423515
2017-08-30 06:00:00,16.240082,14.325226,99932.53,0.0,0.19125366,1.7364329,0.0,88.42381
2017-08-30 07:00:00,15.833282,13.897797,99950.53,0.0,0.41067505,1.8594122,0.0,88.2712
2017-08-30 08:00:00,15.497589,13.512909,99896.47,0.0,0.78512573,2.0838935,0.0,87.96028
2017-08-30 09:00:00,15.267181,13.957977,99916.5,0.0,0.8188782,2.26843,0.0,91.892334
2017-08-30 10:00:00,13.601349,13.134064,99902.625,0.0,0.76516724,1.5594633,0.0,96.99878
2017-08-30 11:00:00,13.257843,12.70752,99879.484,0.0,0.8001404,2.282679,0.0,96.46455
2017-08-30 12:00:00,13.397003,12.761719,99871.3,0.0,0.84573364,2.4766583,0.0,95.932976
2017-08-30 13:00:00,13.384064,12.620453,99921.016,0.0,0.93429565,2.476502,0.0,95.1289
2017-08-30 14:00:00,13.330292,12.406677,99985.47,3.4133334,0.9818115,2.2235017,0.0,94.13275
2017-08-30 15:00:00,13.708923,10.153687,100018.03,89.86667,0.96673584,2.148763,0.0,79.09943
2017-08-30 16:00:00,14.328461,10.5466,100048.125,211.41333,0.8500061,2.176652,0.0,78.00278
2017-08-30 17:00:00,15.512421,10.901245,100058.08,398.66666,0.78131104,2.1722436,0.0,74.000565
2017-08-30 18:00:00,17.00705,11.346283,100056.32,582.0089,0.048095703,2.1835542,0.0,69.289925
2017-08-30 19:00:00,18.765137,11.972992,100023.016,802.68445,0.107543945,2.5712953,0.0,64.65071
2017-08-30 20:00:00,19.86319,12.322784,99981.0,876.67554,0.0,3.1008983,0.0,61.78287
2017-08-30 21:00:00,21.022491,10.986847,99949.47,850.6311,0.014984131,3.2195141,0.0,52.653606
2017-08-30 22:00:00,21.309357,13.340881,99914.86,793.1911,0.17254639,3.6229618,0.0,60.405136
2017-08-30 23:00:00,21.645233,13.436066,99847.984,721.5289,0.0987854,3.1549144,0.0,59.54294
2017-08-31 00:00:00,21.327484,13.477722,99818.84,591.84,0.007507324,3.0274646,0.0,60.878643
2017-08-31 01:00:00,20.278717,13.258179,99804.44,394.7022,0.007507324,2.767786,0.0,64.01792
2017-08-31 02:00:00,19.051666,12.586578,99779.766,183.05779,0.003753662,2.308994,0.0,66.11849
2017-08-31 03:00:00,17.317108,14.075714,99791.2,22.133333,0.045013428,1.8364613,0.0,81.253235
2017-08-31 04:00:00,16.537018,14.13269,99821.59,0.0,0.016235352,1.5778087,0.0,85.69153
2017-08-31 05:00:00,16.072845,13.95343,99842.95,0.0,0.038757324,1.4879049,0.0,87.24445
2017-08-31 06:00:00,16.272247,14.275604,99840.45,0.0,0.07501221,1.379761,0.0,87.9596
2017-08-31 07:00:00,15.550018,13.571503,99827.734,0.0,0.057525635,1.3475833,0.0,88.00017
2017-08-31 08:00:00,15.344757,13.354095,99799.125,0.0,0.04812622,1.3399043,0.0,87.91262
2017-08-31 09:00:00,15.297089,14.309387,99818.55,0.0,0.026245117,1.172632,0.0,93.82916
2017-08-31 10:00:00,14.369354,13.524292,99766.375,0.0,0.7801819,1.6959348,0.0,94.66183
2017-08-31 11:00:00,12.940155,12.218048,99767.05,0.0,0.75894165,1.5075017,0.0,95.37255
2017-08-31 12:00:00,13.155731,12.017914,99752.42,0.0,0.755188,0.94040114,0.0,92.806725
2017-08-31 13:00:00,12.835205,11.299957,99768.7,0.0,0.7532959,0.4459805,0.0,90.38099
2017-08-31 14:00:00,12.855103,11.629425,99784.66,3.5022223,0.7564392,0.44696125,0.0,92.253296
2017-08-31 15:00:00,14.887939,11.327209,99808.945,85.08444,0.7595825,0.45298007,0.0,79.24082
2017-08-31 16:00:00,16.698578,12.231018,99837.36,284.85333,0.7533264,0.022223132,0.0,74.9102
2017-08-31 17:00:00,18.5914,12.358734,99827.65,500.35556,0.42010498,0.6205618,0.0,67.038414
2017-08-31 18:00:00,21.108856,12.595337,99800.74,710.9155,0.037506104,1.1588211,0.0,58.24259
2017-08-31 19:00:00,24.125336,13.516449,99765.06,840.5333,0.022491455,1.5874162,0.0,51.498554
2017-08-31 20:00:00,26.833221,14.288239,99699.766,912.74664,0.0,1.7804657,0.0,46.09164
2017-08-31 21:00:00,28.832336,10.467194,99627.59,921.0311,0.0,1.8943179,0.0,31.902313
2017-08-31 22:00:00,31.171173,10.6763,99537.69,855.73334,0.05999756,2.67982,0.0,28.278025
2017-08-31 23:00:00,30.686096,11.656708,99479.55,741.7778,0.06750488,2.8951817,0.0,31.026484
2017-09-01 00:00:00,29.802277,12.721466,99434.71,565.86664,0.0,2.745069,0.0,35.011044
2017-09-01 01:00:00,28.311737,12.282013,99440.49,372.0178,0.0,2.1991568,0.0,37.08243
2017-09-01 02:00:00,26.572388,11.9687195,99440.016,175.69778,0.007507324,1.7693968,0.0,40.223904
2017-09-01 03:00:00,23.523865,16.841248,99466.23,19.715555,0.007507324,1.8720812,0.0,66.12599
2017-09-01 04:00:00,22.26419,15.473846,99538.69,0.0,0.014984131,1.4577018,0.0,65.40984
2017-09-01 05:00:00,23.119598,15.186249,99557.87,0.0,0.022491455,0.48603132,0.0,60.962532
2017-09-01 06:00:00,23.299744,15.133453,99579.82,0.0,0.0,0.72543806,0.0,60.097477
2017-09-01 07:00:00,22.014923,15.699738,99606.15,0.0,0.0,1.5428513,0.0,67.38019
2017-09-01 08:00:00,21.206451,15.552704,99591.47,0.0,0.0,1.4925759,0.0,70.13505
2017-09-01 09:00:00,21.620605,16.124542,99604.734,0.0,0.0,0.9151952,0.0,70.92434
2017-09-01 10:00:00,20.761871,15.154572,99555.2,0.0,0.0,2.9390209,0.0,70.26002
2017-09-01 11:00:00,19.339447,14.3194275,99553.31,0.0,0.0,2.535162,0.0,72.70656
2017-09-01 12:00:00,18.871368,14.266144,99557.0,0.0,0.0,1.5760915,0.0,74.60339
2017-09-01 13:00:00,18.86856,14.494812,99616.234,0.0,0.0,0.76792765,0.0,75.72863
2017-09-01 14:00:00,18.664154,14.556122,99652.92,3.3066666,0.0,0.79359245,0.0,77.00766
2017-09-01 15:00:00,21.131622,13.193817,99726.24,111.78667,0.0,0.8809975,0.0,60.48462
2017-09-01 16:00:00,24.661469,14.703217,99733.95,310.25778,0.0,0.95800346,0.0,53.858246
2017-09-01 17:00:00,28.591278,13.16983,99773.42,509.5822,0.0,0.5460669,0.0,38.67008
2017-09-01 18:00:00,33.081512,9.4097595,99749.06,681.45776,0.0,0.32777303,0.0,23.31547
2017-09-01 19:00:00,35.476837,9.920074,99742.7,807.6445,0.0,0.43525243,0.0,21.111242
2017-09-01 20:00:00,37.58731,11.343628,99691.266,878.0267,0.0,0.77123797,0.0,20.673382
2017-09-01 21:00:00,39.14438,7.9795837,99644.3,886.75555,0.0,1.2791746,0.0,15.160157
2017-09-01 22:00:00,38.326935,10.479523,99550.33,833.35114,0.0,1.8349637,0.0,18.750736
2017-09-01 23:00:00,37.520874,11.686859,99511.03,681.70667,0.024353027,2.4696784,0.0,21.224886
2017-09-02 00:00:00,35.8089,14.208771,99507.09,534.1511,0.007507324,2.685462,0.0,27.495342
2017-09-02 01:00:00,33.60956,14.172394,99521.0,333.0311,0.003112793,2.1034217,0.0,30.997972
2017-09-02 02:00:00,30.282104,14.418701,99502.586,142.68445,0.0012512207,1.4636233,0.0,38.037647
2017-09-02 03:00:00,27.074738,20.873688,99562.516,15.057777,0.003112793,2.0636382,0.0,68.867325
2017-09-02 04:00:00,25.766205,21.081635,99631.72,0.0,0.0,1.2963256,0.0,75.358
2017-09-02 05:00:00,25.560516,18.988342,99646.89,0.0,0.033721924,0.20459393,0.0,67.00578
2017-09-02 06:00:00,25.142181,19.312317,99680.93,0.0,0.0,0.47905624,0.0,70.09752
2017-09-02 07:00:00,24.568329,18.7294,99651.42,0.0,0.010009766,0.8474395,0.0,69.950005
2017-09-02 08:00:00,23.404785,17.682617,99650.414,0.0,0.010009766,1.2150298,0.0,70.24511
2017-09-02 09:00:00,22.586884,17.094635,99635.88,0.0,0.019989014,1.1258765,0.0,71.12026
2017-09-02 10:00:00,24.251434,13.980438,99614.8,0.0,0.7625122,2.16279,0.0,52.67545
2017-09-02 11:00:00,24.793488,12.5451355,99543.78,0.0,0.5562744,0.731226,0.0,46.43294
2017-09-02 12:00:00,23.92337,11.9114685,99539.94,0.0,0.26119995,0.7826223,0.0,46.92255
2017-09-02 13:00:00,23.727936,11.919464,99609.47,0.0,0.10372925,0.98788595,0.0,47.50299
2017-09-02 14:00:00,23.475494,12.1128235,99611.34,2.9155555,0.022491455,0.9183256,0.0,48.850266
2017-09-02 15:00:00,23.829712,10.056854,99659.63,109.564445,0.0018615723,0.60592854,0.0,41.717358
2017-09-02 16:00:00,27.11737,11.029846,99682.85,309.24445,0.0,0.52255577,0.0,36.60749
2017-09-02 17:00:00,29.511688,10.532257,99703.67,511.09332,0.0,0.04752323,0.0,30.80581
2017-09-02 18:00:00,32.117035,8.939972,99712.125,684.60443,0.0,0.26222417,0.0,23.852634
2017-09-02 19:00:00,34.88498,9.730621,99676.79,808.4267,0.0,0.6042275,0.0,21.539602
2017-09-02 20:00:00,36.748566,10.064789,99631.68,880.0,0.0,0.7612976,0.0,19.875906
2017-09-02 21:00:00,38.38321,8.560699,99588.125,888.8356,0.0,1.0409771,0.0,16.43185
2017-09-02 22:00:00,38.27072,11.89267,99534.88,834.56,0.024383545,2.0480623,0.0,20.656229
2017-09-02 23:00:00,37.833282,13.033966,99493.74,703.69775,0.07312012,2.3954916,0.0,22.798874
2017-09-03 00:00:00,37.122955,14.246338,99492.16,553.10223,0.031799316,2.4501767,0.0,25.644157
2017-09-03 01:00:00,34.910248,13.901642,99506.29,352.35556,0.1593628,1.9541767,0.0,28.327087
2017-09-03 02:00:00,32.510834,14.038055,99502.25,155.59111,0.023742676,1.510875,0.0,32.68839
2017-09-03 03:00:00,27.753815,17.785248,99555.19,15.52,0.027526855,2.045791,0.0,54.59814
2017-09-03 04:00:00,26.509125,19.864288,99602.67,0.0,0.023773193,1.0997617,0.0,66.89448
2017-09-03 05:00:00,25.423096,18.980042,99618.94,0.0,0.081970215,0.4532893,0.0,67.52057
2017-09-03 06:00:00,24.850067,18.814117,99663.34,0.0,0.024383545,0.47335982,0.0,69.14658
2017-09-03 07:00:00,24.952972,18.646149,99651.47,0.0,0.0,0.96135086,0.0,68.0044
2017-09-03 08:00:00,25.012115,18.498688,99633.875,0.0,0.006866455,1.2203888,0.0,67.14164
2017-09-03 09:00:00,24.26529,18.557281,99663.125,0.0,0.236969,2.0100205,0.0,70.46872
2017-09-03 10:00:00,23.313019,16.381622,99686.586,0.0,0.56762695,2.2739415,0.0,65.04413
2017-09-03 11:00:00,22.106567,16.717682,99711.68,0.0,0.68148804,1.8207865,0.0,71.4999
2017-09-03 12:00:00,21.490082,17.041351,99735.945,0.0,0.7040405,1.8119043,0.0,75.78681
2017-09-03 13:00:00,22.10611,17.603088,99827.22,0.0,0.6790161,1.296693,0.0,75.62552
2017-09-03 14:00:00,22.558624,17.425507,99881.11,2.5777779,0.6014099,1.9036912,0.0,72.74984
2017-09-03 15:00:00,23.472198,13.725922,99976.08,105.653336,0.5675354,2.3260071,0.0,54.29969
2017-09-03 16:00:00,26.504852,13.812775,99979.516,298.4,0.56884766,1.3737488,0.0,45.56534
2017-09-03 17:00:00,28.84787,14.01236,100047.016,498.29333,0.21685791,1.2759999,0.0,40.246136
2017-09-03 18:00:00,29.869385,13.183258,100051.44,668.74664,0.060638428,1.6173575,0.0,35.945717
2017-09-03 19:00:00,31.453247,13.916901,99998.28,784.7822,0.09503174,1.1769342,0.0,34.43651
2017-09-03 20:00:00,32.238403,14.318573,99966.766,810.89777,0.059387207,1.3355784,0.0,33.80468
2017-09-03 21:00:00,32.58023,12.32077,99935.34,800.23114,0.0,2.3330548,0.0,29.106188
2017-09-03 22:00:00,32.09381,13.406342,99833.55,788.5867,0.4375,1.8819789,0.0,32.121563
2017-09-03 23:00:00,32.02722,14.355896,99778.5,705.6533,0.46255493,2.8285806,0.0,34.294155
2017-09-04 00:00:00,30.925598,14.338257,99755.36,552.8356,0.024993896,2.4427211,0.0,36.47112
2017-09-04 01:00:00,29.185944,14.886017,99770.97,358.16888,0.048095703,1.7881752,0.0,41.759304
2017-09-04 02:00:00,26.901031,14.35965,99776.56,155.73334,0.018737793,1.6008675,0.0,46.120728
2017-09-04 03:00:00,23.892303,17.557465,99798.0,13.866667,0.04623413,1.1382567,0.0,67.67396
2017-09-04 04:00:00,23.257538,18.51065,99813.67,0.0,0.33200073,1.2328111,0.0,74.66048
2017-09-04 05:00:00,23.107513,19.012604,99856.51,0.0,0.9343872,1.9831661,0.0,77.74447
2017-09-04 06:00:00,23.129547,19.405975,99861.125,0.0,0.95376587,2.3222344,0.0,79.56843
2017-09-04 07:00:00,22.80014,19.271454,99867.016,0.0,0.93811035,3.0267582,0.0,80.49544
2017-09-04 08:00:00,22.085785,18.388733,99877.41,0.0,0.9531555,3.586677,0.0,79.55658
2017-09-04 09:00:00,21.78012,18.061737,99863.14,0.0,0.9405823,2.6598456,0.0,79.40775
2017-09-04 10:00:00,20.268402,15.999512,99726.14,0.0,0.910614,1.9757192,0.0,76.46451
2017-09-04 11:00:00,19.804596,16.016388,99697.3,0.0,0.8243408,1.4159559,0.0,78.778366
2017-09-04 12:00:00,20.232697,16.358032,99681.97,0.0,0.7113037,0.97545016,0.0,78.406815
2017-09-04 13:00:00,20.492737,16.72052,99698.93,0.0,0.5413513,1.0149266,0.0,78.95716
2017-09-04 14:00:00,20.918549,16.96402,99677.98,2.0266666,0.52008057,0.7357433,0.0,78.10992
2017-09-04 15:00:00,21.615204,14.8628845,99743.68,91.68,0.8725586,2.3491397,0.0,65.432304
2017-09-04 16:00:00,23.45633,15.322205,99771.055,272.2311,0.8500366,1.7513179,0.0,60.25833
2017-09-04 17:00:00,24.523712,14.402588,99833.86,459.89334,0.7593994,1.6314533,0.0,53.259586
2017-09-04 18:00:00,24.822632,15.373627,99851.375,521.0311,0.8581238,2.130644,0.0,55.69403
2017-09-04 19:00:00,24.814209,15.633148,99879.4,439.53778,0.85375977,2.6322577,4.7683716e-06,56.657352
2017-09-04 20:00:00,23.873322,15.443787,99855.95,456.49777,0.78189087,3.176879,2.5749207e-05,59.22299
2017-09-04 21:00:00,24.359589,13.85495,99813.734,524.81775,0.8724365,3.5040681,1.5258789e-05,51.910072
2017-09-04 22:00:00,24.982086,15.941986,99804.91,353.44,0.975647,2.3937297,0.0,57.211807
2017-09-04 23:00:00,25.035889,16.43338,99788.41,231.09334,0.9230957,2.0106466,0.0,58.844673
2017-09-05 00:00:00,24.782135,16.332794,99788.21,223.57333,0.88809204,1.9410502,0.0,59.36163
2017-09-05 01:00:00,24.97293,16.604065,99772.25,180.30222,0.3824768,1.1089355,0.0,59.711258
2017-09-05 02:00:00,24.5596,16.401642,99776.86,120.28445,0.2651062,1.5387987,0.0,60.421726
2017-09-05 03:00:00,23.456573,19.370941,99775.67,11.075556,0.54196167,1.1310248,0.0,77.84099
2017-09-05 04:00:00,22.945038,19.187714,99856.28,0.0,0.68130493,1.2564822,0.0,79.37586
2017-09-05 05:00:00,22.734375,19.017303,99905.58,0.0,0.549469,1.1711386,0.0,79.546326
2017-09-05 06:00:00,22.547516,18.98407,99906.06,0.0,0.4451599,1.5472652,0.0,80.28759
2017-09-05 07:00:00,22.26056,18.798706,99909.125,0.0,0.57632446,1.5876118,0.0,80.76093
2017-09-05 08:00:00,21.927612,18.473969,99913.11,0.0,0.56359863,1.658829,0.0,80.758896
2017-09-05 09:00:00,21.531433,19.006409,99939.83,0.0,0.10437012,1.6584871,0.0,85.542404
2017-09-05 10:00:00,21.133728,19.054535,99913.016,0.0,0.20626831,1.3843955,0.0,87.91889
2017-09-05 11:00:00,21.188507,18.919495,99950.3,0.0,0.7524719,1.459114,0.0,86.88773
2017-09-05 12:00:00,21.222137,18.85028,99998.47,0.0,0.90374756,1.078486,0.0,86.33422
2017-09-05 13:00:00,21.142334,18.786835,100031.66,0.0,0.9593506,1.0042579,0.0,86.414894
2017-09-05 14:00:00,21.121887,18.72754,100083.31,1.7422222,0.8111267,1.0153866,0.0,86.20316
2017-09-05 15:00:00,21.996246,17.530151,100114.016,89.10222,0.5242615,0.8530643,0.0,75.784424
2017-09-05 16:00:00,23.089111,17.556305,100150.05,268.1422,0.37313843,0.9355516,0.0,71.03044
2017-09-05 17:00:00,23.8378,18.024292,100164.016,417.70667,0.17315674,1.0789548,0.0,69.92354
2017-09-05 18:00:00,25.163544,18.449738,100186.266,595.8578,0.09124756,0.98012275,1.4305115e-06,66.33407
2017-09-05 19:00:00,26.30307,18.775482,100150.23,745.76,0.5469971,1.1438335,0.0,63.27333
2017-09-05 20:00:00,27.599945,19.064423,100135.91,746.2222,0.49923706,0.88982886,1.8119812e-05,59.693844
2017-09-05 21:00:00,28.538666,17.445404,100069.28,812.3911,0.021850586,1.8459561,0.0,51.049244
2017-09-05 22:00:00,27.733124,19.271698,100031.734,732.74664,0.09939575,3.055652,0.0,60.001057
2017-09-05 23:00:00,26.134338,19.61148,100026.49,575.18225,0.12878418,3.0714176,0.0,67.32746
2017-09-06 00:00:00,24.690216,19.44931,100060.805,457.56445,0.22128296,3.1418808,4.7683716e-07,72.632195
2017-09-06 01:00:00,23.975922,18.79544,100090.875,254.08,0.21374512,3.0700245,4.7683716e-07,72.78141
2017-09-06 02:00:00,22.917633,17.314087,100093.05,130.25778,0.19180298,2.251885,0.0,70.68195
2017-09-06 03:00:00,20.960602,18.103424,100151.36,9.902223,0.33242798,1.2941829,0.0,83.72001
2017-09-06 04:00:00,20.768036,18.033539,100166.33,0.0,0.29556274,0.45662096,0.0,84.34689
2017-09-06 05:00:00,20.622894,18.120056,100185.125,0.0,0.121917725,0.035790212,0.0,85.56924
2017-09-06 06:00:00,19.921509,17.810333,100198.586,0.0,0.054382324,0.8126667,0.0,87.637344
2017-09-06 07:00:00,19.22702,17.091492,100158.05,0.0,0.02999878,0.9350926,0.0,87.44088
2017-09-06 08:00:00,19.07486,16.782593,100190.31,0.0,0.17782593,0.82588416,0.0,86.56177
2017-09-06 09:00:00,18.622406,16.775848,100192.74,0.0,0.1454773,1.0442523,0.0,89.00696
2017-09-06 10:00:00,17.426666,16.825928,100178.945,0.0,0.9692383,0.72738737,0.0,96.26623
2017-09-06 11:00:00,17.358551,16.719788,100150.49,0.0,0.9397583,1.048862,0.0,96.03203
2017-09-06 12:00:00,17.509491,16.840363,100150.48,0.0,0.9410095,0.9506491,0.0,95.851616
2017-09-06 13:00:00,17.763,17.111053,100159.24,0.0,0.94036865,0.6154669,0.0,95.96391
2017-09-06 14:00:00,17.523895,16.522247,100166.766,1.3155556,0.9410095,0.74857724,0.0,93.84761
2017-09-06 15:00:00,18.903748,15.355316,100177.49,69.617775,0.9116821,1.2042495,0.0,79.86972
2017-09-06 16:00:00,19.658539,15.516785,100219.0,193.40445,0.589386,1.3497713,0.0,76.994095
2017-09-06 17:00:00,21.00174,15.420776,100223.01,353.63556,0.14874268,1.1743097,0.0,70.42442
2017-09-06 18:00:00,22.092682,15.801239,100219.77,491.62668,0.15185547,1.5321027,0.0,67.498436
2017-09-06 19:00:00,23.424225,16.322174,100200.01,767.98224,0.37823486,2.2085743,0.0,64.3643
2017-09-06 20:00:00,24.231323,16.480988,100165.56,809.0845,0.6813965,2.5974352,0.0,61.934803
2017-09-06 21:00:00,24.823395,15.566193,100139.17,791.69775,0.78201294,3.31501,0.0,56.383778
2017-09-06 22:00:00,24.324799,15.656464,100085.84,723.9289,0.788147,2.4401386,0.0,58.42938
2017-09-06 23:00:00,23.850006,15.691895,100033.29,607.84,0.3324585,2.7481287,0.0,60.257
2017-09-07 00:00:00,23.496796,15.683929,99983.28,450.11557,0.13006592,2.7286963,1.4305115e-06,61.522243
2017-09-07 01:00:00,22.950104,15.822662,99974.34,281.12,0.11627197,2.7368567,9.536743e-07,64.15771
2017-09-07 02:00:00,22.014069,15.740387,100017.39,111.73333,0.08065796,2.482988,1.9073486e-06,67.55932
2017-09-07 03:00:00,20.509003,17.387238,100061.19,6.8444443,0.2050476,1.7249789,1.9073486e-06,82.28237
2017-09-07 04:00:00,20.158966,17.264008,100115.84,0.0,0.33569336,1.2380434,9.536743e-07,83.42932
2017-09-07 05:00:00,20.18216,17.072906,100130.36,0.0,0.43133545,1.2298279,2.861023e-06,82.307594
2017-09-07 06:00:00,20.010712,16.78006,100131.8,0.0,0.26696777,1.6061556,7.1525574e-06,81.654884
2017-09-07 07:00:00,19.674896,16.500275,100120.625,0.0,0.48513794,2.281183,2.193451e-05,81.904
2017-09-07 08:00:00,19.415894,15.691864,100108.27,0.0,0.8727112,2.8685756,2.193451e-05,79.04671
2017-09-07 09:00:00,19.168793,16.675415,100113.56,0.0,0.9450989,3.1982727,6.198883e-06,85.47197
2017-09-07 10:00:00,18.963043,16.768402,100090.28,0.0,0.9569702,3.2253451,9.536743e-06,87.089645
2017-09-07 11:00:00,18.965485,16.476227,100081.3,0.0,0.97750854,3.1848233,1.04904175e-05,85.473495
2017-09-07 12:00:00,19.144562,16.739288,100078.39,0.0,0.90060425,3.1918118,8.106232e-06,85.94941
2017-09-07 13:00:00,19.132874,16.724274,100108.5,0.0,0.8543091,3.1382265,5.722046e-06,85.93006
2017-09-07 14:00:00,19.154541,16.739746,100134.91,0.8,0.8918152,2.9136662,2.193451e-05,85.8984
2017-09-07 15:00:00,19.679352,16.077057,100192.7,54.773335,0.977417,3.1354947,2.4795532e-05,79.701614
2017-09-07 16:00:00,20.198944,15.858185,100214.516,209.58223,0.8780823,3.278049,2.861023e-05,76.10305
2017-09-07 17:00:00,20.801147,15.5278015,100250.55,380.17776,0.9531555,3.0933342,2.5749207e-05,71.79048
2017-09-07 18:00:00,21.259644,15.278107,100270.91,573.12,0.99560547,2.8722482,1.4305115e-05,68.68513
2017-09-07 19:00:00,21.595612,15.404297,100273.66,474.89777,0.9088745,2.6133506,1.5258789e-05,67.83245
2017-09-07 20:00:00,22.085876,15.220795,100218.7,572.6578,0.8757324,2.2527988,1.1444092e-05,65.058876
2017-09-07 21:00:00,22.421509,13.862579,100201.67,680.6578,0.8107605,2.538835,4.2915344e-06,58.386154
2017-09-07 22:00:00,22.120697,15.631439,100143.06,572.69336,0.9781189,2.6297827,0.0,66.654526
2017-09-07 23:00:00,22.025818,15.848938,100090.0,452.76443,0.9637146,3.015123,0.0,67.98151
2017-09-08 00:00:00,21.651886,15.802856,100020.32,389.22665,0.8624878,2.7956104,0.0,69.34815
2017-09-08 01:00:00,20.778717,15.483795,99998.9,319.21777,0.7431946,3.218283,0.0,71.687126
2017-09-08 02:00:00,19.649872,15.39679,99981.2,121.208885,0.49752808,3.2068312,4.7683716e-07,76.444725
2017-09-08 03:00:00,18.508118,17.392914,99967.27,7.5555553,0.2692871,2.510217,0.0,93.221115
2017-09-08 04:00:00,18.027374,16.953705,99993.36,0.0,0.39743042,2.1190546,0.0,93.44284
2017-09-08 05:00:00,17.86789,16.798248,100006.59,0.0,0.7581787,2.036666,0.0,93.45901
2017-09-08 06:00:00,17.573822,16.713867,100013.67,0.0,0.69750977,1.8626338,0.0,94.69917
2017-09-08 07:00:00,17.114746,16.178833,100005.445,0.0,0.9661255,1.8240956,9.536743e-06,94.22331
2017-09-08 08:00:00,16.545258,15.57663,99952.17,0.0,0.98306274,1.8395107,3.8146973e-06,94.001366
2017-09-08 09:00:00,16.047516,15.158417,99955.555,0.0,0.9831238,2.0042238,9.536743e-07,94.461044
2017-09-08 10:00:00,16.81842,15.883392,99950.78,0.0,1.0,0.60127455,1.4305115e-06,94.21583
2017-09-08 11:00:00,16.789276,15.943756,99918.984,0.0,1.0,1.6058689,1.4305115e-06,94.75538
2017-09-08 12:00:00,16.520355,15.705322,99922.42,0.0,1.0,2.0872462,5.722046e-06,94.92997
2017-09-08 13:00:00,16.690643,15.743561,99919.45,0.0,1.0,2.2220984,5.722046e-06,94.13765
2017-09-08 14:00:00,16.623474,15.584595,99947.03,0.74666667,1.0,2.1818697,5.722046e-06,93.58264
2017-09-08 15:00:00,17.012238,14.01123,99997.09,46.63111,1.0,2.0141332,6.67572e-06,82.49136
2017-09-08 16:00:00,17.020264,13.866974,100001.5,152.87111,0.9987488,1.8807766,4.2915344e-06,81.68083
2017-09-08 17:00:00,17.741852,14.202911,100030.59,313.5822,0.9686279,1.2768761,4.7683716e-07,79.75775
2017-09-08 18:00:00,18.894989,14.352753,100025.61,515.32446,0.9079895,0.9127848,0.0,74.912186
2017-09-08 19:00:00,20.202332,14.863434,100014.16,605.28,0.7732544,1.2335633,0.0,71.379135
2017-09-08 20:00:00,21.255219,15.490997,99957.12,695.7867,0.55700684,1.9254743,0.0,69.649216
2017-09-08 21:00:00,21.493256,13.90155,99978.88,649.76,0.42260742,3.4060886,0.0,61.947536
2017-09-08 22:00:00,22.065216,16.509552,99917.11,661.7778,0.22683716,4.12275,0.0,70.738014
2017-09-08 23:00:00,21.642609,16.711761,99875.38,547.80444,0.21307373,3.5307438,0.0,73.52799
2017-09-09 00:00:00,21.23822,16.490875,99824.984,439.34222,0.17437744,2.99991,0.0,74.321915
2017-09-09 01:00:00,20.64444,16.132385,99822.08,294.3111,0.19692993,2.99323,0.0,75.34592
2017-09-09 02:00:00,19.468964,15.30069,99858.28,100.07111,0.43759155,2.6738884,0.0,76.83385
2017-09-09 03:00:00,17.881195,16.258453,99904.81,6.2577777,0.766449,2.3636682,0.0,90.22757
2017-09-09 04:00:00,17.466858,16.084137,99958.45,0.0,0.8487549,2.1765373,0.0,91.59233
2017-09-09 05:00:00,17.513641,16.09024,100010.75,0.0,0.85006714,1.9806533,0.0,91.35765
2017-09-09 06:00:00,17.692902,16.313507,100027.25,0.0,0.89749146,1.937994,0.0,91.6257
2017-09-09 07:00:00,17.757355,16.302582,100055.66,0.0,0.9717407,1.9582561,0.0,91.19055
2017-09-09 08:00:00,17.691254,16.19815,100062.31,0.0,0.96743774,1.7686399,4.7683716e-07,90.96362
2017-09-09 09:00:00,17.180145,16.329742,100075.33,0.0,0.9774475,1.424332,0.0,94.74119
2017-09-09 10:00:00,16.69632,15.288544,100090.83,0.0,0.98062134,2.0600843,4.7683716e-07,91.397285
2017-09-09 11:00:00,16.92868,15.449493,100085.59,0.0,0.81655884,1.9608138,4.7683716e-07,90.99419
2017-09-09 12:00:00,17.353271,15.878326,100092.39,0.0,0.9150696,1.8292576,0.0,91.046906
2017-09-09 13:00:00,17.60083,15.838898,100139.305,0.0,0.96240234,1.5315772,0.0,89.40832
2017-09-09 14:00:00,17.705414,15.79892,100180.42,0.7644445,0.9742737,1.2417758,0.0,88.59345
2017-09-09 15:00:00,17.868378,13.679291,100257.22,62.648888,0.9635925,1.1900617,0.0,76.47987
2017-09-09 16:00:00,18.035065,13.908112,100287.48,210.88,0.90356445,0.9752821,0.0,76.815605
2017-09-09 17:00:00,18.41925,14.2034,100310.33,348.49777,0.72766113,0.74032456,0.0,76.43415
2017-09-09 18:00:00,20.157623,14.937317,100293.86,574.6311,0.018737793,0.5417083,2.861023e-06,71.91847
2017-09-09 19:00:00,21.738647,15.44162,100251.06,782.3111,0.00064086914,0.861117,0.0,67.40258
2017-09-09 20:00:00,23.066559,15.999664,100207.22,867.32446,0.0,2.587027,0.0,64.43177
2017-09-09 21:00:00,24.104004,13.8628235,100222.28,861.1911,0.009399414,3.8170443,0.0,52.739567
2017-09-09 22:00:00,23.885529,15.957184,100174.09,748.9778,0.16564941,3.170911,0.0,61.157597
2017-09-09 23:00:00,23.696869,16.369995,100124.5,552.0711,0.17385864,3.1968412,0.0,63.507553
2017-09-10 00:00:00,23.195587,16.36206,100127.23,430.4711,0.22634888,3.3221178,0.0,65.42604
2017-09-10 01:00:00,22.01474,15.962982,100120.58,288.40887,0.20321655,3.049715,0.0,68.52536
2017-09-10 02:00:00,21.03421,15.585693,100116.02,122.293335,0.016235352,2.1560833,0.0,71.03131
2017-09-10 03:00:00,18.923828,17.246246,100122.95,5.902222,0.015625,1.5256919,0.0,89.98865
2017-09-10 04:00:00,18.287811,17.009827,100164.336,0.0,0.014984131,1.0041012,0.0,92.25363
2017-09-10 05:00:00,18.11026,16.778412,100188.055,0.0,0.023773193,0.6689027,0.0,91.92857
2017-09-10 06:00:00,18.13504,16.818146,100204.0,0.0,0.008148193,0.7667,0.0,92.01736
2017-09-10 07:00:00,17.82248,16.520752,100190.35,0.0,0.014984131,0.8638817,0.0,92.08784
2017-09-10 08:00:00,17.332092,15.989807,100165.78,0.0,0.0,1.0119736,0.0,91.82096
2017-09-10 09:00:00,16.455292,15.480438,100155.836,0.0,0.007507324,1.1344296,0.0,93.9598
2017-09-10 10:00:00,15.876495,15.427155,100149.79,0.0,0.7501831,1.1493773,0.0,97.16229
2017-09-10 11:00:00,15.473602,15.032867,100133.45,0.0,0.75079346,1.1522382,0.0,97.20743
2017-09-10 12:00:00,15.537323,15.098602,100115.97,0.0,0.7514343,1.0807955,0.0,97.22136
2017-09-10 13:00:00,15.578461,15.01297,100151.42,0.0,0.36947632,0.8471027,0.0,96.43236
2017-09-10 14:00:00,15.730316,14.976715,100176.56,0.7822222,0.4213562,0.7484167,0.0,95.276054
2017-09-10 15:00:00,17.633575,13.869598,100207.64,80.32,0.30133057,0.8695442,0.0,78.58653
2017-09-10 16:00:00,19.56482,14.200165,100208.86,261.77777,0.11315918,0.3721962,0.0,71.14242
2017-09-10 17:00:00,22.131958,15.072601,100218.85,484.65778,0.014984131,0.17853098,0.0,64.26087
2017-09-10 18:00:00,24.579529,15.731476,100223.9,655.04,0.007507324,0.42492148,0.0,57.82133
2017-09-10 19:00:00,26.580994,16.071777,100158.234,777.9378,0.0,0.967881,0.0,52.46668
2017-09-10 20:00:00,28.533142,16.716888,100114.5,846.1511,0.0,1.5216856,0.0,48.761898
2017-09-10 21:00:00,29.840546,12.200104,100068.7,852.60443,0.0,2.0600588,0.0,33.758076
2017-09-10 22:00:00,32.45517,13.65686,99983.25,791.0222,0.0,2.2299535,0.0,31.989223
2017-09-10 23:00:00,33.168182,14.240204,99942.88,677.79553,0.028137207,2.3728123,0.0,31.915295
2017-09-11 00:00:00,32.29306,14.836273,99885.984,514.18665,0.15872192,2.7080648,0.0,34.84642
2017-09-11 01:00:00,30.316895,15.040405,99878.61,301.77777,0.28997803,2.2992592,0.0,39.515568
2017-09-11 02:00:00,28.288208,15.590881,99892.09,106.27556,0.29882812,1.9011676,0.0,46.032272
2017-09-11 03:00:00,24.523102,18.025116,99874.56,4.711111,0.98501587,2.1462898,0.0,67.10795
2017-09-11 04:00:00,23.144623,17.726532,99921.49,0.0,0.9987488,1.6815437,4.7683716e-07,71.5566
2017-09-11 05:00:00,22.89621,18.248322,99904.66,0.0,0.40734863,2.1251874,0.0,75.06618
2017-09-11 06:00:00,24.526459,16.639923,99872.586,0.0,0.97250366,2.2552974,0.0,61.466797
2017-09-11 07:00:00,25.013214,16.392456,99869.125,0.0,0.9981384,1.3684894,0.0,58.770954
2017-09-11 08:00:00,21.994476,16.500763,99815.33,0.0,1.0,1.2258351,0.0,71.004295
2017-09-11 09:00:00,20.23175,17.12439,99776.734,0.0,0.9700012,1.0880597,0.0,82.32351
2017-09-11 10:00:00,21.07486,16.648224,99901.695,0.0,1.0,1.5922692,0.0,75.8267
2017-09-11 11:00:00,20.33194,17.084625,99960.266,0.0,0.99749756,3.0305798,0.0,81.60921
2017-09-11 12:00:00,20.703552,17.262726,99983.72,0.0,0.95751953,2.240827,0.0,80.66311
2017-09-11 13:00:00,20.815613,17.746613,99960.87,0.0,0.9219055,1.7007421,0.0,82.59415
2017-09-11 14:00:00,20.827118,18.09262,99946.44,0.64,0.94000244,0.84592247,0.0,84.35337
2017-09-11 15:00:00,21.333038,16.562164,99996.67,72.12444,0.9180908,0.45059925,0.0,74.22668
2017-09-11 16:00:00,22.18753,16.193115,100062.914,218.32889,0.75061035,0.86332566,0.0,68.81077
2017-09-11 17:00:00,23.734192,16.581879,100099.445,396.33777,0.3874817,1.2323443,0.0,64.22538
2017-09-11 18:00:00,25.593842,17.124054,100043.86,582.6667,0.010009766,1.3072671,0.0,59.47437
2017-09-11 19:00:00,27.268097,17.741486,99980.484,768.12445,0.035003662,1.3678285,0.0,56.019276
2017-09-11 20:00:00,28.470795,17.743622,99919.58,843.2178,0.17562866,1.6624801,0.0,52.224926
2017-09-11 21:00:00,30.049774,14.824921,99885.16,798.9867,0.12872314,1.951065,0.0,39.5734
2017-09-11 22:00:00,30.610321,10.868744,99692.64,731.94666,0.7630615,1.9940653,0.0,29.575401
2017-09-11 23:00:00,30.559265,10.849426,99787.58,515.0933,0.9324646,1.5215652,0.0,29.623938
2017-09-12 00:00:00,29.520538,11.010986,99808.84,353.90222,0.74993896,2.8897421,4.2915344e-06,31.786814
2017-09-12 01:00:00,27.147614,10.995636,99793.78,225.92,0.4199524,2.3415415,0.0,36.45958
2017-09-12 02:00:00,24.185455,11.011017,99847.16,76.30222,0.41308594,2.5462375,0.0,43.516727
2017-09-12 03:00:00,21.440765,15.032562,99907.04,3.0222223,0.41812134,1.8869702,0.0,66.86204
2017-09-12 04:00:00,20.96585,15.769562,99918.73,0.0,0.37435913,1.6098365,0.0,72.17562
2017-09-12 05:00:00,21.18628,16.442719,99925.875,0.0,0.28881836,1.2036173,0.0,74.3311
2017-09-12 06:00:00,20.993622,17.170013,99923.26,0.0,0.3843994,0.7409078,9.536743e-06,78.77159
2017-09-12 07:00:00,20.760529,17.854614,99874.55,0.0,0.22937012,0.8987165,0.00019931793,83.44085
2017-09-12 08:00:00,20.761963,18.078827,99814.87,0.0,0.06878662,1.402797,4.7683716e-06,84.619156
2017-09-12 09:00:00,19.694427,17.079987,99843.12,0.0,0.1456604,1.5812117,0.0,84.872505
2017-09-12 10:00:00,19.88974,17.366913,99836.375,0.0,0.5144043,1.2193611,0.0,85.3866
2017-09-12 11:00:00,19.212006,17.082703,99859.484,0.0,0.5574951,1.1020054,3.2424927e-05,87.47404
2017-09-12 12:00:00,19.165405,17.31195,99872.95,0.0,0.6312561,0.9224708,0.0,89.011086
2017-09-12 13:00:00,19.288422,17.485077,99946.0,0.0,0.68759155,0.67307675,0.0,89.303116
2017-09-12 14:00:00,19.558289,17.672882,99950.49,0.46222222,0.94873047,1.0771416,0.0,88.86287
2017-09-12 15:00:00,20.609894,16.643951,99988.61,62.897778,0.7687073,1.0421554,0.0,78.00781
2017-09-12 16:00:00,22.102325,16.156158,100051.555,225.3511,0.42681885,1.4496944,0.0,69.00626
2017-09-12 17:00:00,23.70111,16.015533,100081.99,402.84445,0.16812134,1.0406878,0.0,62.071606
2017-09-12 18:00:00,25.157349,16.600739,100060.84,562.86224,0.15185547,1.184586,0.0,59.045486
2017-09-12 19:00:00,26.058197,17.141296,99979.016,740.8711,0.269989,1.6170344,0.0,57.921772
2017-09-12 20:00:00,27.18695,18.105957,99902.61,794.8089,0.2644348,1.6349026,0.0,57.593254
2017-09-12 21:00:00,28.067535,16.603485,99872.37,706.9867,0.21566772,2.0828817,0.0,49.74242
2017-09-12 22:00:00,28.474518,17.637665,99814.02,674.75555,0.07376099,3.0465326,0.0,51.865852
2017-09-12 23:00:00,27.12088,17.793365,99779.945,624.05334,0.15249634,3.6210542,0.0,56.690716
2017-09-13 00:00:00,25.480133,17.171692,99748.58,488.0711,0.3725586,3.584857,0.0,60.05866
2017-09-13 01:00:00,23.811188,16.362701,99753.21,298.4,0.29000854,3.535323,0.0,63.042404
2017-09-13 02:00:00,22.170074,15.285797,99805.58,112.96,0.14447021,3.0355406,0.0,64.996635
2017-09-13 03:00:00,19.49356,17.501282,99854.9,3.6266668,0.46813965,1.9238108,0.0,88.260155
2017-09-13 04:00:00,19.011261,17.358612,99902.3,0.0,0.43374634,1.710409,0.0,90.137
2017-09-13 05:00:00,18.773102,17.229523,99912.09,0.0,0.78009033,1.8144011,0.0,90.74446
2017-09-13 06:00:00,18.76596,17.360504,99919.82,0.0,0.81884766,1.692955,0.0,91.5404
2017-09-13 07:00:00,18.615875,17.347198,99886.56,0.0,0.81256104,1.708959,1.4305115e-06,92.32664
2017-09-13 08:00:00,18.69989,17.48172,99882.08,0.0,0.8663635,1.7244433,0.0,92.62648
2017-09-13 09:00:00,18.406036,17.704895,99907.66,0.0,0.88442993,1.7586908,9.536743e-07,95.686066
2017-09-13 10:00:00,18.030548,15.859467,99830.73,0.0,0.8956604,1.5020533,9.536743e-07,87.13454
2017-09-13 11:00:00,17.991089,15.738068,99792.6,0.0,0.93066406,2.2004013,9.536743e-07,86.675156
2017-09-13 12:00:00,18.068573,15.825287,99843.66,0.0,0.9906616,1.6655128,1.1444092e-05,86.736534
2017-09-13 13:00:00,18.117737,15.950165,99834.56,0.0,0.8725891,2.1441026,2.193451e-05,87.16211
2017-09-13 14:00:00,18.360596,15.957367,99869.08,0.30222222,0.9456787,1.8959868,1.001358e-05,85.88225
2017-09-13 15:00:00,18.9664,14.804962,99912.484,51.644444,0.9189453,2.0741959,2.3841858e-06,76.78948
2017-09-13 16:00:00,19.162384,15.215424,99919.36,155.05779,0.9263916,2.9014573,0.0002412796,77.88734
2017-09-13 17:00:00,20.227386,16.23233,99929.68,327.73334,0.9157715,3.7066398,0.00018310547,77.806595
2017-09-13 18:00:00,21.027313,16.454437,99920.42,447.07556,0.6107178,3.457306,8.773804e-05,75.11679
2017-09-13 19:00:00,21.358063,16.737518,99930.09,631.07556,0.5861511,3.4251704,0.0,74.94368
2017-09-13 20:00:00,21.860382,16.668304,99876.22,718.79114,0.79330444,3.6325228,0.0,72.355156
2017-09-13 21:00:00,22.262909,15.312836,99839.97,681.45776,0.66015625,3.8402054,0.0,64.742325
2017-09-13 22:00:00,22.082916,15.40744,99761.516,584.48,0.6242981,2.909906,0.0,65.85542
2017-09-13 23:00:00,22.381317,15.246796,99682.91,595.7156,0.19812012,2.7634056,0.0,64.00504
2017-09-14 00:00:00,21.89032,15.321381,99639.18,472.78223,0.022491455,2.6284928,0.0,66.26708
2017-09-14 01:00:00,21.384125,15.24057,99658.305,297.72446,0.3937683,2.839204,0.0,67.99834
2017-09-14 02:00:00,20.400726,14.930511,99685.41,91.94666,0.84558105,2.8366568,0.0,70.81436
2017-09-14 03:00:00,18.974518,16.921417,99733.81,2.5244443,0.79693604,2.665395,0.0,87.8767
2017-09-14 04:00:00,18.49176,16.49643,99734.25,0.0,0.14620972,2.049167,0.0,88.15829
2017-09-14 05:00:00,18.42398,16.19455,99761.71,0.0,0.15686035,1.7700802,0.0,86.84689
2017-09-14 06:00:00,18.185547,16.111969,99782.47,0.0,0.8418579,2.4407625,0.0,87.69315
2017-09-14 07:00:00,17.52121,15.586151,99787.55,0.0,0.8468628,2.782493,5.2452087e-06,88.416245
2017-09-14 08:00:00,17.250946,15.157135,99771.1,0.0,0.88186646,2.809928,2.3841858e-06,87.49625
2017-09-14 09:00:00,17.027557,15.054108,99781.05,0.0,0.94485474,2.7760334,1.9073486e-06,88.15673
2017-09-14 10:00:00,16.688263,14.659149,99737.95,0.0,0.93692017,2.6634915,0.0,87.811554
2017-09-14 11:00:00,15.99765,13.876251,99741.54,0.0,1.0,3.171913,0.0,87.22626
2017-09-14 12:00:00,15.976471,13.724884,99798.51,0.0,1.0,3.2425096,1.4305115e-06,86.489365
2017-09-14 13:00:00,15.959961,13.579315,99833.42,0.0,1.0,3.0736525,0.0,85.76448
2017-09-14 14:00:00,15.953827,13.396576,99859.81,0.21333334,0.8999634,3.131336,0.0,84.78272
2017-09-14 15:00:00,16.965912,12.923248,99901.98,51.43111,0.9543762,3.285487,0.0,77.07183
2017-09-14 16:00:00,17.494171,12.725403,99949.266,203.78667,0.8649597,3.2786434,0.0,73.57804
2017-09-14 17:00:00,18.1268,13.159027,100001.66,369.1378,0.96939087,3.558655,0.0,72.73728
2017-09-14 18:00:00,18.585968,13.330292,100034.37,527.4133,0.90441895,3.571557,0.0,71.465904
2017-09-14 19:00:00,18.927338,13.088104,100013.06,615.69775,0.78689575,3.4641533,0.0,68.85843
2017-09-14 20:00:00,19.600098,13.352966,99989.484,660.26666,0.29244995,3.6246932,0.0,67.18297
2017-09-14 21:00:00,20.543976,10.946442,99956.69,785.3689,0.019378662,3.7347968,0.0,54.083424
2017-09-14 22:00:00,20.736084,12.8186035,99918.79,761.76,0.08502197,4.2848177,0.0,60.47263
2017-09-14 23:00:00,20.45108,12.864471,99912.2,655.07556,0.007507324,4.689655,0.0,61.73038
2017-09-15 00:00:00,19.413727,12.57785,99920.33,500.37332,0.0025024414,4.7624726,0.0,64.60604
2017-09-15 01:00:00,18.936554,12.684906,99927.71,303.7689,0.0,4.563289,0.0,67.02631
2017-09-15 02:00:00,18.03653,12.556641,99942.78,106.00889,0.04248047,4.283967,0.0,70.322525
2017-09-15 03:00:00,16.916534,14.151215,99982.516,2.3111112,0.19195557,4.105461,0.0,83.75041
2017-09-15 04:00:00,16.894867,14.279816,99983.96,0.0,0.12130737,3.403334,0.0,84.56723
2017-09-15 05:00:00,16.536652,14.039124,100029.59,0.0,0.010681152,3.031528,0.0,85.17516
2017-09-15 06:00:00,16.295715,13.8506775,100013.72,0.0,0.0087890625,2.931091,0.0,85.44059
2017-09-15 07:00:00,15.863983,13.465118,100017.516,0.0,0.0018920898,2.8537734,0.0,85.65296
2017-09-15 08:00:00,15.95874,13.339203,100006.66,0.0,0.0056152344,2.8152325,0.0,84.4396
2017-09-15 09:00:00,15.896637,13.3159485,100025.0,0.0,0.018127441,2.9365776,0.0,84.64701
2017-09-15 10:00:00,14.9791565,13.077148,100016.81,0.0,0.07312012,2.2247832,0.0,88.391266
2017-09-15 11:00:00,13.724579,11.477875,100017.14,0.0,0.06436157,2.4030743,1.4305115e-06,86.295784
2017-09-15 12:00:00,13.742798,11.113312,100018.86,0.0,0.22372437,2.2189145,4.7683716e-07,84.13599
2017-09-15 13:00:00,13.555695,10.872742,100036.25,0.0,0.5012512,2.0544846,0.0,83.81626
2017-09-15 14:00:00,13.439362,10.887146,100067.73,0.21333334,0.62054443,1.8499389,0.0,84.5348
2017-09-15 15:00:00,14.547882,9.133575,100105.39,79.253334,0.57681274,1.7819304,0.0,69.95316
2017-09-15 16:00:00,15.919067,10.113556,100140.25,261.2089,0.53170776,1.5964608,0.0,68.40897
2017-09-15 17:00:00,17.006744,9.882294,100174.2,443.8578,0.10870361,1.4141563,0.0,62.85125
2017-09-15 18:00:00,18.367462,10.4496765,100162.8,649.9378,0.022491455,1.5090603,0.0,59.9126
2017-09-15 19:00:00,19.76361,11.2604065,100142.2,774.72,0.022491455,1.8604115,0.0,57.955154
2017-09-15 20:00:00,20.464508,11.669647,100115.625,852.1067,0.0,2.354844,0.0,57.01758
2017-09-15 21:00:00,21.656403,10.893494,100066.305,848.7289,0.007507324,2.7747889,0.0,50.332157
2017-09-15 22:00:00,22.198029,12.32431,100039.61,793.1556,0.11251831,3.9043438,0.0,53.525677
2017-09-15 23:00:00,21.78064,12.268097,99991.68,672.23114,0.06750488,3.720489,0.0,54.704384
2017-09-16 00:00:00,21.138336,12.348724,99992.195,504.85333,0.018737793,3.4737718,0.0,57.20326
2017-09-16 01:00:00,20.141449,12.441376,100008.87,305.1911,0.022491455,3.477209,0.0,61.20177
2017-09-16 02:00:00,18.710114,12.261261,100003.33,103.82222,0.007507324,2.9969027,0.0,66.11689
2017-09-16 03:00:00,16.67102,13.391571,100001.53,1.8488889,0.17245483,2.059885,0.0,80.967766
2017-09-16 04:00:00,16.282928,14.026581,100026.74,0.0,0.035614014,1.3592979,0.0,86.49237
2017-09-16 05:00:00,15.902252,13.873383,100042.72,0.0,0.018737793,0.9308274,0.0,87.74343
2017-09-16 06:00:00,15.89035,13.9765625,100035.07,0.0,0.011260986,0.9270448,0.0,88.40048
2017-09-16 07:00:00,15.1371155,13.324738,99988.75,0.0,0.01687622,1.0579134,0.0,88.92322
2017-09-16 08:00:00,15.069244,13.351135,99974.41,0.0,0.037506104,1.2496355,0.0,89.466286
2017-09-16 09:00:00,14.767273,13.485046,99973.984,0.0,0.0093688965,1.1604044,0.0,92.023766
2017-09-16 10:00:00,13.879913,12.732117,99964.37,0.0,0.788208,1.4344296,0.0,92.78507
2017-09-16 11:00:00,13.404816,12.244873,99960.05,0.0,0.9024353,1.5579581,0.0,92.68521
2017-09-16 12:00:00,13.471222,12.261871,99979.27,0.0,0.9187012,1.3631876,0.0,92.38818
2017-09-16 13:00:00,14.108856,12.975006,100001.58,0.0,0.954895,1.3409421,0.0,92.88213
2017-09-16 14:00:00,14.346954,13.127808,100039.69,0.14222223,0.83636475,1.643157,0.0,92.37876
2017-09-16 15:00:00,15.223053,11.648102,100053.484,72.32,0.3737793,1.7448435,0.0,79.214424
2017-09-16 16:00:00,16.84018,12.0312195,100095.64,246.88,0.20935059,1.4129357,0.0,73.269226
2017-09-16 17:00:00,17.996155,11.633331,100122.45,450.36444,0.17938232,1.313913,0.0,66.34189
2017-09-16 18:00:00,19.685913,11.601898,100119.56,635.87555,0.49749756,1.5194823,0.0,59.567066
2017-09-16 19:00:00,20.871246,11.3585205,100101.25,720.30225,0.80496216,1.7191284,0.0,54.472557
2017-09-16 20:00:00,21.608612,12.016754,100040.09,834.1511,0.81427,1.8715085,0.0,54.3759
2017-09-16 21:00:00,22.285126,11.605621,99970.7,812.4089,0.8043213,2.1617854,0.0,50.77848
2017-09-16 22:00:00,22.493927,12.423401,99953.51,714.3467,0.9029541,2.982778,0.0,52.913532
2017-09-16 23:00:00,21.41043,12.496307,99938.59,493.3511,0.87927246,2.9512372,0.0,56.803986
2017-09-17 00:00:00,20.789032,13.059601,99911.5,414.89777,0.42056274,2.8146155,0.0,61.233635
2017-09-17 01:00:00,20.21225,13.375702,99899.266,272.05334,0.01687622,2.4680738,0.0,64.77639
2017-09-17 02:00:00,18.978607,13.246307,99883.31,94.15111,0.052490234,2.24016,0.0,69.35115
2017-09-17 03:00:00,17.007904,14.43222,99931.51,1.2622222,0.010009766,2.09287,0.0,84.79525
2017-09-17 04:00:00,16.354095,14.782867,99962.484,0.0,0.043121338,1.6035275,0.0,90.4179
2017-09-17 05:00:00,16.141327,14.731506,99993.44,0.0,0.053131104,1.4067367,0.0,91.349945
2017-09-17 06:00:00,16.285126,14.65567,100015.5,0.0,0.035003662,1.2366734,0.0,90.073875
2017-09-17 07:00:00,15.712982,13.719269,99995.375,0.0,0.21066284,1.0042958,0.0,87.927444
2017-09-17 08:00:00,14.690826,12.775726,99981.83,0.0,0.29379272,1.1474552,0.0,88.29106
2017-09-17 09:00:00,14.424042,13.405701,99994.6,0.0,0.6963806,1.2444314,0.0,93.601425
2017-09-17 10:00:00,14.11615,13.064636,100003.52,0.0,0.82785034,1.7546034,0.0,93.383896
2017-09-17 11:00:00,14.003815,12.735992,99981.734,0.0,0.8625488,1.8926098,0.0,92.0651
2017-09-17 12:00:00,14.134247,12.842346,99956.59,0.0,0.9466858,1.8957696,0.0,91.92779
2017-09-17 13:00:00,14.199158,12.641785,100022.805,0.0,0.95355225,1.7311333,0.0,90.346664
2017-09-17 14:00:00,14.361176,12.59903,100047.59,0.07111111,0.9642334,1.5745856,0.0,89.15346
2017-09-17 15:00:00,15.212921,10.868622,100117.984,60.515556,0.9560547,1.6704527,0.0,75.27393
2017-09-17 16:00:00,15.760223,10.5155945,100164.0,222.31111,0.8731079,1.7844676,0.0,70.98849
2017-09-17 17:00:00,16.950592,11.116882,100185.195,417.5111,0.83255005,1.7793992,0.0,68.48868
2017-09-17 18:00:00,18.283234,11.424103,100211.26,601.6178,0.4163208,2.1917195,0.0,64.25995
2017-09-17 19:00:00,19.285034,11.245087,100182.08,719.1644,0.0,2.591537,0.0,59.645466
2017-09-17 20:00:00,20.469238,11.953705,100180.164,817.7244,0.0,3.1093638,0.0,58.079773
2017-09-17 21:00:00,21.467041,9.8576355,100138.375,849.88446,0.0,3.283481,0.0,47.51713
2017-09-17 22:00:00,22.007935,10.851471,100112.695,786.36444,0.090026855,3.5430257,0.0,49.12487
2017-09-17 23:00:00,21.713135,11.081879,100100.88,660.6222,0.06750488,3.9786785,0.0,50.789436
2017-09-18 00:00:00,20.86203,11.69809,100096.44,495.57333,0.022491455,4.282846,0.0,55.74169
2017-09-18 01:00:00,19.718353,12.134277,100106.78,294.5778,0.23254395,4.1400747,0.0,61.572384
2017-09-18 02:00:00,18.383057,12.252197,100099.516,95.05778,0.52075195,3.2860405,0.0,67.445564
2017-09-18 03:00:00,16.947906,14.866058,100119.41,0.94222224,0.84820557,2.7170637,0.0,87.536415
2017-09-18 04:00:00,16.852142,15.601105,100133.125,0.0,0.86691284,2.2816234,0.0,92.33055
2017-09-18 05:00:00,17.193512,16.018585,100117.69,0.0,0.8937988,2.166077,0.0,92.80015
2017-09-18 06:00:00,17.37564,16.036285,100158.71,0.0,0.9288025,2.2278922,1.4305115e-06,91.84078
2017-09-18 07:00:00,17.365814,15.790497,100129.86,0.0,0.933197,2.4714925,6.1035156e-05,90.46496
2017-09-18 08:00:00,17.226227,15.521515,100116.5,0.0,0.9674988,2.128556,1.3828278e-05,89.7081
2017-09-18 09:00:00,16.815857,16.295868,100121.0,0.0,1.0,2.414414,2.861023e-06,96.745895
2017-09-18 10:00:00,16.87732,15.842102,100083.68,0.0,0.9549866,2.1637774,1.2397766e-05,93.616684
2017-09-18 11:00:00,16.924225,15.708282,100080.91,0.0,1.0,2.6722624,3.0517578e-05,92.54242
2017-09-18 12:00:00,16.964447,15.743988,100050.41,0.0,1.0,2.4955952,1.335144e-05,92.51791
2017-09-18 13:00:00,17.11441,15.740936,100105.29,0.0,1.0,2.4552138,3.2424927e-05,91.62473
2017-09-18 14:00:00,17.367493,16.155731,100145.445,0.017777778,1.0,2.51354,8.2969666e-05,92.591545
2017-09-18 15:00:00,18.260956,15.821014,100193.69,20.213333,1.0,2.67859,0.0001449585,85.670815
2017-09-18 16:00:00,18.605194,16.128693,100194.76,83.27111,1.0,2.2409863,0.00012493134,85.50601
2017-09-18 17:00:00,19.524872,16.584106,100187.62,180.44444,1.0,2.157273,0.00015354156,83.11348
2017-09-18 18:00:00,20.476898,17.408722,100225.89,314.38223,0.98876953,2.6575778,0.00014162064,82.55767
2017-09-18 19:00:00,21.21756,17.658783,100250.1,452.10666,0.9081116,3.945457,4.7683716e-06,80.132614
2017-09-18 20:00:00,21.637054,18.064606,100255.19,520.60443,0.94192505,4.2953863,4.7683716e-06,80.12021
2017-09-18 21:00:00,22.323517,15.916687,100253.19,525.4756,0.6781616,4.3257785,2.3841858e-06,67.04883
2017-09-18 22:00:00,21.826752,16.80185,100177.15,574.0089,0.9048462,4.0624948,4.7683716e-07,73.12179
2017-09-18 23:00:00,21.602936,16.07669,100170.54,526.86224,0.9499817,4.8801913,4.7683716e-07,70.78453
2017-09-19 00:00:00,20.680603,13.575043,100146.31,451.64444,0.99935913,4.906134,0.0,63.752205
2017-09-19 01:00:00,19.28543,11.873199,100153.97,248.96,0.9375,4.869823,0.0,62.173923
2017-09-19 02:00:00,17.127045,10.419464,100162.06,81.51111,0.73498535,4.431011,0.0,64.65532
2017-09-19 03:00:00,15.926666,12.126495,100175.766,0.64,0.17315674,3.9282563,0.0,78.14865
2017-09-19 04:00:00,15.797516,12.862091,100180.72,0.0,0.030700684,3.5282445,0.0,82.6959
2017-09-19 05:00:00,16.075714,12.972351,100194.81,0.0,0.0056152344,3.5824187,0.0,81.82651
2017-09-19 06:00:00,16.187958,12.952881,100238.81,0.0,0.13504028,4.1697206,0.0,81.13898
2017-09-19 07:00:00,16.276703,12.757111,100243.6,0.0,0.9125061,4.4130435,0.0,79.65349
2017-09-19 08:00:00,15.881165,12.11795,100241.36,0.0,0.98999023,4.257822,0.0,78.33227
2017-09-19 09:00:00,15.570343,11.841034,100242.03,0.0,0.94000244,3.9922373,0.0,78.461395
2017-09-19 10:00:00,14.339081,10.672943,100245.39,0.0,0.26431274,1.3184475,0.0,78.60818
2017-09-19 11:00:00,14.115692,10.155914,100233.3,0.0,0.11679077,2.1654358,0.0,77.04898
2017-09-19 12:00:00,14.22348,10.4808655,100259.34,0.0,0.2574768,2.6776137,0.0,78.19131
2017-09-19 13:00:00,14.111664,10.403717,100305.734,0.0,0.08251953,2.764357,0.0,78.355606
2017-09-19 14:00:00,14.066132,10.5243225,100334.42,0.017777778,0.012481689,2.7436793,0.0,79.22213
2017-09-19 15:00:00,15.402374,8.679443,100366.44,72.16,0.025604248,2.8262653,0.0,64.20781
2017-09-19 16:00:00,16.550018,7.9112854,100396.6,263.34222,0.026245117,3.1723218,0.0,56.636436
2017-09-19 17:00:00,18.568817,8.172546,100437.3,462.75555,0.0,3.5182786,0.0,50.75264
2017-09-19 18:00:00,19.891388,7.2949524,100442.55,633.92,0.0,3.5576842,0.0,44.02245
2017-09-19 19:00:00,20.94638,7.3626404,100407.734,754.72,0.018737793,3.2771144,0.0,41.43638
2017-09-19 20:00:00,21.849335,7.856537,100355.09,820.69336,0.20367432,3.476775,0.0,40.548313
2017-09-19 21:00:00,22.520477,6.301697,100299.72,823.32446,0.2954712,4.04374,0.0,34.989212
2017-09-19 22:00:00,22.201477,10.818939,100253.36,761.86664,0.0,4.110458,0.0,48.443462
2017-09-19 23:00:00,22.018463,11.319672,100208.61,641.95557,0.0,4.1025534,0.0,50.64316
2017-09-20 00:00:00,21.751831,11.572113,100204.2,475.53778,0.0,4.169029,0.0,52.342262
2017-09-20 01:00:00,20.613068,11.129303,100160.31,278.77335,0.0,3.9179368,0.0,54.511337
2017-09-20 02:00:00,19.686768,11.459381,100170.71,84.96,0.0,3.1133225,0.0,59.004974
2017-09-20 03:00:00,17.848175,12.650726,100174.875,0.40888888,0.0,2.3073983,0.0,71.601845
2017-09-20 04:00:00,17.581512,13.125793,100195.31,0.0,0.0,1.8183221,0.0,75.11583
2017-09-20 05:00:00,16.734772,12.864014,100199.93,0.0,0.0,1.4291432,0.0,77.90835
2017-09-20 06:00:00,16.375824,12.67984,100200.72,0.0,0.0,1.04723,0.0,78.75203
2017-09-20 07:00:00,16.02417,12.495911,100194.84,0.0,0.0,1.0884472,0.0,79.57268
2017-09-20 08:00:00,15.617279,12.270874,100186.414,0.0,0.0,1.7091459,0.0,80.472595
2017-09-20 09:00:00,15.010651,11.647064,100200.47,0.0,0.022491455,2.156519,0.0,80.29871
2017-09-20 10:00:00,15.373566,13.169525,100207.5,0.0,0.007507324,1.2142104,0.0,86.69945
2017-09-20 11:00:00,15.528595,13.156891,100183.586,0.0,0.058135986,1.2807028,0.0,85.77048
2017-09-20 12:00:00,15.452179,13.186859,100162.016,0.0,0.22625732,1.2528191,0.0,86.3608
2017-09-20 13:00:00,15.737946,13.704376,100177.14,0.0,0.59625244,1.2567289,0.0,87.70203
2017-09-20 14:00:00,15.942566,14.099091,100165.71,0.0,0.7350464,1.0446798,0.0,88.808975
2017-09-20 15:00:00,16.789703,13.946472,100164.03,38.00889,1.0,1.1255077,9.536743e-07,83.31353
2017-09-20 16:00:00,17.61734,14.252197,100142.52,147.59111,1.0,1.6177708,2.670288e-05,80.64366
2017-09-20 17:00:00,18.513641,14.279572,100143.56,227.21777,0.8949585,2.5059204,0.00012493134,76.35895
2017-09-20 18:00:00,19.619781,14.41803,100122.55,435.34222,0.9924927,3.7113512,9.1552734e-05,71.906784
2017-09-20 19:00:00,20.233276,14.614655,100069.555,396.28445,1.0,3.916974,3.1471252e-05,70.1082
2017-09-20 20:00:00,21.001617,15.303131,100004.69,479.36,0.98501587,3.975596,3.8146973e-05,69.89498
2017-09-20 21:00:00,21.102234,14.156586,99971.34,457.84888,0.8218384,4.277418,2.9563904e-05,64.510475
2017-09-20 22:00:00,21.04245,16.342041,99936.664,489.01334,0.7738037,4.3130565,4.2438507e-05,74.511536
2017-09-20 23:00:00,20.242401,15.713959,99888.06,366.18668,0.5975952,4.4891434,2.0503998e-05,75.201355
2017-09-21 00:00:00,19.565308,15.641693,99868.3,290.4889,0.5874939,4.364548,6.0081482e-05,78.06408
2017-09-21 01:00:00,18.954865,14.955719,99872.0,181.24445,0.55999756,4.2481995,2.3841858e-06,77.5951
2017-09-21 02:00:00,18.156494,14.549316,99850.2,59.217777,0.63061523,3.932415,5.2452087e-06,79.46426
2017-09-21 03:00:00,17.045563,14.821686,99864.59,0.17777778,0.91812134,3.7355077,2.3841858e-06,86.74756
2017-09-21 04:00:00,16.982697,14.49469,99894.99,0.0,0.9668884,3.5072188,1.4305115e-06,85.27463
2017-09-21 05:00:00,16.61441,13.899078,99869.52,0.0,0.95874023,3.6805785,4.7683716e-07,83.98798
2017-09-21 06:00:00,16.549011,13.561981,99891.46,0.0,0.269989,3.8091404,0.0,82.50949
2017-09-21 07:00:00,16.04132,12.412842,99885.125,0.0,0.035003662,3.707595,0.0,79.053085
2017-09-21 08:00:00,15.314697,11.43631,99866.32,0.0,0.0687561,3.615937,0.0,77.653786
2017-09-21 09:00:00,14.462677,10.78183,99889.47,0.0,0.029388428,3.9207737,0.0,78.549515
2017-09-21 10:00:00,13.631134,10.183258,99875.14,0.0,0.038146973,3.4983065,0.0,79.65813
2017-09-21 11:00:00,12.869415,9.631439,99841.91,0.0,0.0769043,3.6293752,0.0,80.679756
2017-09-21 12:00:00,12.931305,9.714203,99823.28,0.0,0.10501099,3.2204769,0.0,80.801285
2017-09-21 13:00:00,13.296783,10.006439,99870.7,0.0,0.30688477,3.267741,0.0,80.455215
2017-09-21 14:00:00,13.280884,10.101654,99883.2,0.0,0.14001465,3.648435,0.0,81.05358
2017-09-21 15:00:00,14.194794,8.006866,99927.734,68.85333,0.1156311,4.6715384,0.0,66.31229
2017-09-21 16:00:00,15.895142,8.854645,99970.75,259.00446,0.1756897,5.084202,0.0,62.95371
2017-09-21 17:00:00,17.04654,9.10672,99992.57,443.57333,0.101257324,4.507689,0.0,59.508087
2017-09-21 18:00:00,17.701141,8.496368,99986.91,621.6533,0.07745361,4.389175,0.0,54.788002
2017-09-21 19:00:00,18.27835,8.82785,99993.71,731.6089,0.0769043,4.473781,0.0,54.032207
2017-09-21 20:00:00,18.859894,9.645203,99950.41,817.38666,0.06060791,4.350987,0.0,55.047962
2017-09-21 21:00:00,19.198029,8.421631,99912.875,828.32,0.015594482,4.513088,0.0,49.6274
2017-09-21 22:00:00,19.260956,9.232086,99902.195,760.7111,0.0119018555,5.5866027,0.0,52.216072
2017-09-21 23:00:00,18.558136,9.574554,99880.75,633.1911,0.08065796,6.0542235,0.0,55.831825
2017-09-22 00:00:00,17.878998,9.777405,99943.09,454.34668,0.06561279,5.887341,0.0,59.063976
2017-09-22 01:00:00,17.481537,9.787476,99941.09,268.0711,0.6793823,5.0344386,0.0,60.604347
2017-09-22 02:00:00,16.54721,9.954498,99939.81,78.204445,0.91186523,4.351271,0.0,65.02649
2017-09-22 03:00:00,15.026398,11.7099,99970.98,0.08888889,0.5843506,3.9133832,0.0,80.5511
2017-09-22 04:00:00,15.004089,11.767731,99977.016,0.0,0.06317139,3.5940192,0.0,80.97559
2017-09-22 05:00:00,14.727051,11.585602,99988.36,0.0,0.006866455,2.9349492,0.0,81.448425
2017-09-22 06:00:00,14.834839,11.807861,99992.234,0.0,0.014373779,2.6462994,0.0,82.080605
2017-09-22 07:00:00,14.364532,11.533112,99967.28,0.0,0.010009766,2.56272,0.0,83.08989
2017-09-22 08:00:00,13.832123,11.140778,99974.95,0.0,0.010620117,2.433338,0.0,83.80151
2017-09-22 09:00:00,13.675415,11.380371,99959.234,0.0,0.024353027,2.1791503,0.0,86.01512
2017-09-22 10:00:00,13.12973,11.28125,99924.97,0.0,0.012481689,0.93673325,0.0,88.546715
2017-09-22 11:00:00,12.618408,10.509308,99889.734,0.0,0.1643982,1.1196941,0.0,86.980194
2017-09-22 12:00:00,12.556671,10.19278,99889.05,0.0,0.40621948,1.2962177,0.0,85.50684
2017-09-22 13:00:00,12.52066,9.936554,99912.31,0.0,0.0793457,1.1068746,0.0,84.25208
2017-09-22 14:00:00,12.5312195,9.748749,99952.47,0.0,0.07183838,0.8561792,0.0,83.14036
2017-09-22 15:00:00,13.171967,7.6107483,99990.43,66.24,0.08999634,1.1998578,0.0,68.98743
2017-09-22 16:00:00,14.682526,8.532928,100026.484,256.58667,0.15249634,1.3683524,0.0,66.589134
2017-09-22 17:00:00,16.434052,9.487244,100035.766,443.62668,0.06564331,1.7068349,0.0,63.474857
2017-09-22 18:00:00,17.402039,9.386871,100060.83,619.9644,0.099975586,2.0572984,0.0,59.29233
2017-09-22 19:00:00,18.205383,9.211273,100038.31,750.4533,0.04812622,2.2570093,0.0,55.70304
2017-09-22 20:00:00,19.197998,9.365631,100005.555,816.9778,0.013153076,2.202486,0.0,52.89484
2017-09-22 21:00:00,20.348602,8.258575,99948.34,818.3822,0.018127441,2.2403083,0.0,45.69818
2017-09-22 22:00:00,20.288788,8.451569,99932.58,732.67554,0.06997681,2.6921966,0.0,46.47188
2017-09-22 23:00:00,20.268951,8.86261,99900.125,588.44446,0.0018615723,2.667743,0.0,47.84128
2017-09-23 00:00:00,19.314484,9.187714,99892.3,399.9289,0.0,2.6264307,0.0,51.886864
2017-09-23 01:00:00,18.52893,9.898956,99896.69,222.09778,0.0,2.8511572,0.0,57.164867
2017-09-23 02:00:00,17.213654,10.163422,99887.12,71.075554,0.0,2.7334747,0.0,63.21125
2017-09-23 03:00:00,15.724396,12.580231,99911.72,0.035555556,0.0,2.445782,0.0,81.56314
2017-09-23 04:00:00,15.044281,12.238739,99943.04,0.0,0.0,2.0963306,0.0,83.31291
2017-09-23 05:00:00,14.92514,12.137909,99937.76,0.0,0.0,1.6051738,0.0,83.39931
2017-09-23 06:00:00,14.410034,11.25589,99949.3,0.0,0.010009766,1.1483811,0.0,81.33857
2017-09-23 07:00:00,14.523285,11.268219,99927.39,0.0,0.00064086914,1.4688914,0.0,80.811195
2017-09-23 08:00:00,13.7230835,10.482819,99917.305,0.0,0.005004883,1.3909918,0.0,80.783005
2017-09-23 09:00:00,12.340973,10.035675,99912.74,0.0,0.0,1.5281875,0.0,85.820175
2017-09-23 10:00:00,12.007233,9.788605,99904.97,0.0,0.0,0.62656224,0.0,86.28597
2017-09-23 11:00:00,11.099426,9.17215,99919.25,0.0,0.0018615723,0.58527726,0.0,87.90587
2017-09-23 12:00:00,11.028168,9.216766,99893.97,0.0,0.0018615723,0.43820137,0.0,88.5887
2017-09-23 13:00:00,11.047882,8.811859,99924.875,0.0,0.014984131,0.6776478,0.0,86.088234
2017-09-23 14:00:00,11.159363,9.060455,99950.58,0.0,0.0,1.1183901,0.0,86.90003
2017-09-23 15:00:00,13.050629,8.420441,100000.016,65.72444,0.0,0.9929278,0.0,73.47344
2017-09-23 16:00:00,16.323456,7.086151,100038.84,259.16446,0.0,1.0271885,0.0,54.311005
2017-09-23 17:00:00,18.518951,3.3656921,100051.0,462.3111,0.0,1.581304,0.0,36.49587
2017-09-23 18:00:00,21.089447,1.2530212,100059.55,635.9644,0.0,2.2094958,0.0,26.768394
2017-09-23 19:00:00,22.90335,0.8634033,100032.79,759.32446,0.0,2.6668675,0.0,23.300385
2017-09-23 20:00:00,23.907806,0.76272583,100014.91,825.8311,0.0,3.08923,0.0,21.770279
2017-09-23 21:00:00,25.081116,-0.20339966,99978.086,826.50665,0.0,3.3865519,0.0,18.921648
2017-09-23 22:00:00,24.393555,2.323761,99922.17,760.92444,0.0,3.952345,0.0,23.646818
2017-09-23 23:00:00,24.070251,4.355011,99909.375,636.30225,0.0,4.296373,0.0,27.828962
2017-09-24 00:00:00,22.775482,6.0154724,99912.72,457.45776,0.0,4.00039,0.0,33.777393
2017-09-24 01:00:00,21.29132,7.2550354,99912.27,263.53778,0.0,3.2618232,0.0,40.269882
2017-09-24 02:00:00,19.982574,10.51239,99892.805,68.81778,0.007507324,2.0199642,0.0,54.399376
2017-09-24 03:00:00,16.845184,11.9774475,99933.336,0.0,0.015625,1.2506036,0.0,72.986824
2017-09-24 04:00:00,15.982269,12.56662,99954.516,0.0,0.27053833,1.2178241,0.0,80.15715
2017-09-24 05:00:00,15.200592,12.2221985,99935.14,0.0,0.2480774,0.89321256,0.0,82.3897
2017-09-24 06:00:00,14.914703,11.806915,99971.99,0.0,0.01751709,0.8010518,0.0,81.65409
2017-09-24 07:00:00,15.266266,11.905792,99967.64,0.0,0.0,0.69606274,0.0,80.35026
2017-09-24 08:00:00,15.083099,11.839691,99957.86,0.0,0.0,1.068554,0.0,80.94841
2017-09-24 09:00:00,13.850616,12.188019,99991.22,0.0,0.0,1.3726557,0.0,89.698654
2017-09-24 10:00:00,13.86203,12.392853,99977.76,0.0,0.27755737,1.2063798,0.0,90.84769
2017-09-24 11:00:00,13.243042,11.597382,99998.42,0.0,0.052520752,1.0813105,0.0,89.752785
2017-09-24 12:00:00,13.1371155,11.88559,99994.6,0.0,0.022491455,1.1349652,0.0,92.11247
2017-09-24 13:00:00,12.768433,11.530426,100029.69,0.0,0.0,1.0595711,0.0,92.17304
2017-09-24 14:00:00,12.763702,11.382507,100051.46,0.0,0.0,0.95172423,0.0,91.30327
2017-09-24 15:00:00,13.320831,9.531342,100132.27,57.084446,0.0,0.82601315,0.0,77.809525
2017-09-24 16:00:00,15.977509,9.046234,100151.58,235.64444,0.0,0.4718548,0.0,63.438393
2017-09-24 17:00:00,18.63501,6.9143677,100185.375,407.14667,0.0,0.29498523,0.0,46.382404
2017-09-24 18:00:00,21.295013,2.1530457,100156.34,586.57776,0.0,1.2050599,0.0,28.191078
2017-09-24 19:00:00,23.273651,0.46658325,100157.78,751.69775,0.46688843,1.9339228,0.0,22.140577
2017-09-24 20:00:00,24.828491,0.4086914,100127.34,816.8889,0.82437134,2.4030285,0.0,20.0809
2017-09-24 21:00:00,26.13095,-0.5143738,100106.86,801.24445,0.667511,2.607543,0.0,17.379622
2017-09-24 22:00:00,26.46466,2.6792297,100021.17,712.12445,0.508728,3.3573935,0.0,21.440582
2017-09-24 23:00:00,26.144135,2.973236,100007.0,615.69775,0.41625977,3.6288476,0.0,22.310984
2017-09-25 00:00:00,24.9628,4.4460754,100012.86,453.70667,0.04562378,3.7446957,0.0,26.548977
2017-09-25 01:00:00,23.481354,4.3784485,100008.61,258.38223,0.0,3.3830462,0.0,28.881128
2017-09-25 02:00:00,21.654083,8.316437,99998.65,65.81333,0.0,2.265299,0.0,42.338505
2017-09-25 03:00:00,19.15976,10.034973,100045.05,0.0,0.9000244,1.8175162,0.0,55.457214
2017-09-25 04:00:00,17.11444,11.488373,100079.26,0.0,0.44500732,1.2294155,0.0,69.47047
2017-09-25 05:00:00,16.49466,12.57135,100067.766,0.0,0.42434692,0.9765657,0.0,77.60415
2017-09-25 06:00:00,17.074677,12.876892,100090.83,0.0,0.9918518,0.93869436,0.0,76.31037
2017-09-25 07:00:00,16.446167,12.117401,100066.625,0.0,0.22924805,0.8361454,0.0,75.55557
2017-09-25 08:00:00,15.398071,11.334656,100050.89,0.0,0.14245605,0.76508176,0.0,76.7209
2017-09-25 09:00:00,15.251007,12.091461,100074.07,0.0,0.06503296,0.9350186,0.0,81.419395
2017-09-25 10:00:00,14.530914,11.468414,100025.03,0.0,0.88183594,0.99625736,0.0,81.849556
2017-09-25 11:00:00,13.553925,11.365692,100039.74,0.0,0.52423096,1.023666,0.0,86.61371
2017-09-25 12:00:00,13.763458,12.066803,99990.625,0.0,0.21557617,0.9629741,0.0,89.49106
2017-09-25 13:00:00,13.888977,12.094147,100052.18,0.0,0.023132324,1.1866068,0.0,88.92413
2017-09-25 14:00:00,13.920715,12.213104,100095.484,0.0,0.35690308,1.5607507,0.0,89.438736
2017-09-25 15:00:00,14.489777,11.387909,100125.06,59.697777,0.7182007,1.1906543,0.0,81.63122
2017-09-25 16:00:00,17.580658,10.597321,100125.09,246.52444,0.41625977,0.8924775,0.0,63.576744
2017-09-25 17:00:00,20.043854,8.614105,100122.83,444.94223,0.9456177,0.42619568,0.0,47.70404
2017-09-25 18:00:00,22.441559,8.120331,100085.234,614.61334,0.54748535,0.7450234,0.0,39.818466
2017-09-25 19:00:00,24.440796,6.90448,100063.766,725.42224,0.0012512207,1.4570713,0.0,32.478664
2017-09-25 20:00:00,25.758942,4.547699,99997.97,803.68,0.0,1.9801575,0.0,25.500862
2017-09-25 21:00:00,27.203522,2.8862,99951.41,784.33777,0.0,2.5459156,0.0,20.831503
2017-09-25 22:00:00,27.53888,4.4130554,99857.664,732.7822,0.20501709,2.412677,0.0,22.745153
2017-09-25 23:00:00,27.368195,5.4794006,99820.04,611.7511,0.56625366,3.0740492,0.0,24.746555
2017-09-26 00:00:00,25.674042,6.511841,99812.5,444.8,0.38690186,3.537678,0.0,29.371534
2017-09-26 01:00:00,24.010956,5.6454773,99794.97,242.22223,0.11251831,3.0611014,0.0,30.555866
2017-09-26 02:00:00,22.417908,9.577545,99766.79,61.226665,0.18255615,1.6660707,0.0,44.001766
2017-09-26 03:00:00,19.743622,13.019653,99788.586,0.0,0.1737976,1.3073866,0.0,65.15294
2017-09-26 04:00:00,18.0419,13.682343,99801.734,0.0,0.0,0.66265434,0.0,75.66412
2017-09-26 05:00:00,17.040863,13.206451,99811.27,0.0,0.0,0.80268955,0.0,78.13961
2017-09-26 06:00:00,16.367584,13.07193,99798.54,0.0,0.0,1.198956,0.0,80.84191
2017-09-26 07:00:00,15.956665,13.042877,99766.55,0.0,0.0,1.5710812,0.0,82.83237
2017-09-26 08:00:00,15.231628,12.472992,99739.484,0.0,0.0,1.4070845,0.0,83.59221
2017-09-26 09:00:00,15.605255,13.30423,99767.89,0.0,0.0,0.9899666,0.0,86.174866
2017-09-26 10:00:00,15.516235,11.821014,99714.15,0.0,0.34506226,1.4743929,0.0,78.63013
2017-09-26 11:00:00,14.898743,11.988129,99733.195,0.0,0.0843811,1.4176307,0.0,82.72103
2017-09-26 12:00:00,15.142731,12.709045,99705.08,0.0,0.43496704,1.4492869,0.0,85.383484
2017-09-26 13:00:00,14.976898,12.936676,99750.95,0.0,0.78689575,1.3585579,0.0,87.59578
2017-09-26 14:00:00,14.656555,13.2039795,99782.34,0.0,0.9031372,1.2407315,0.0,91.00006
2017-09-26 15:00:00,15.431366,11.1145935,99806.06,54.56,0.886261,0.6171501,0.0,75.448044
2017-09-26 16:00:00,18.068756,12.872894,99833.14,220.23111,0.77001953,0.33010858,0.0,71.650024
2017-09-26 17:00:00,21.366302,9.82431,99829.484,414.91556,0.4112854,1.177306,9.536743e-07,47.704803
2017-09-26 18:00:00,24.59082,3.9379578,99792.83,612.4978,0.5749817,2.2058358,0.0,26.195658
2017-09-26 19:00:00,26.7771,3.5347595,99744.164,735.9644,0.4538269,2.7091506,0.0,22.362602
2017-09-26 20:00:00,28.827972,3.7742615,99681.11,800.9778,0.3725891,2.777186,0.0,20.173555
2017-09-26 21:00:00,30.621796,1.7789001,99614.266,801.9733,0.3062744,2.6443806,0.0,15.790834
2017-09-26 22:00:00,31.221344,2.1986084,99570.75,738.6311,0.0,2.9676752,0.0,15.723247
2017-09-26 23:00:00,31.54663,2.165985,99513.34,616.5511,0.0,2.719751,0.0,15.39884
2017-09-27 00:00:00,30.236053,3.6319275,99520.59,446.4889,0.0,2.2042265,0.0,18.413416
2017-09-27 01:00:00,28.613098,3.790039,99544.66,246.70222,0.0,1.817295,0.0,20.44951
2017-09-27 02:00:00,25.716644,7.1321106,99571.45,58.168888,0.0,1.9271975,0.0,30.5721
2017-09-27 03:00:00,22.406525,9.42746,99600.66,0.0,0.0,1.8376732,0.0,43.590282
2017-09-27 04:00:00,20.949615,10.404816,99631.54,0.0,0.0,1.4791168,0.0,50.879528
2017-09-27 05:00:00,20.705841,12.185364,99635.75,0.0,0.0,1.6022973,0.0,58.11832
2017-09-27 06:00:00,21.375458,11.543732,99660.516,0.0,0.0,1.030604,0.0,53.462265
2017-09-27 07:00:00,18.660553,10.839325,99663.44,0.0,0.0,1.2075046,0.0,60.368927
2017-09-27 08:00:00,17.559235,11.131165,99671.625,0.0,0.0,1.594632,0.0,65.96347
2017-09-27 09:00:00,16.875763,12.279724,99711.0,0.0,0.0,1.7884972,0.0,74.30967
2017-09-27 10:00:00,16.83664,12.887939,99671.5,0.0,0.0,2.243598,0.0,77.52727
2017-09-27 11:00:00,15.992767,11.855896,99705.31,0.0,0.0,1.7094342,0.0,76.44347
2017-09-27 12:00:00,16.260468,12.165253,99731.95,0.0,0.0,1.5242678,0.0,76.69618
2017-09-27 13:00:00,16.524048,12.81073,99802.67,0.0,0.0,1.5097152,0.0,78.68426
2017-09-27 14:00:00,16.70993,13.114166,99811.62,0.0,0.0,1.4541901,0.0,79.31857
2017-09-27 15:00:00,17.107574,11.72464,99886.81,56.39111,0.0,1.0382862,0.0,70.59485
2017-09-27 16:00:00,21.072449,11.910004,99934.516,242.61333,0.0,1.2269045,0.0,55.799957
2017-09-27 17:00:00,23.508698,9.009094,99942.91,441.70667,0.0,0.9544945,0.0,39.64069
2017-09-27 18:00:00,26.258392,7.1562805,99948.0,611.6089,0.0,0.5639651,0.0,29.65547
2017-09-27 19:00:00,27.864838,7.2341614,99936.72,735.0222,0.0,0.1974587,0.0,27.127735
2017-09-27 20:00:00,29.30722,7.9655457,99914.5,798.2756,0.0,1.032303,0.0,26.222958
2017-09-27 21:00:00,30.699371,7.5746765,99889.766,796.7822,0.0,1.956493,0.0,23.568777
2017-09-27 22:00:00,30.890564,7.414215,99863.266,731.1289,0.0,2.4815643,0.0,23.058397
2017-09-27 23:00:00,30.177765,7.884552,99857.94,598.43555,0.0,2.2666047,0.0,24.802746
2017-09-28 00:00:00,29.069733,8.6718445,99836.414,409.70667,0.0,2.0127711,0.0,27.890907
2017-09-28 01:00:00,27.948242,9.006561,99862.23,204.81778,0.0,1.3541305,0.0,30.451529
2017-09-28 02:00:00,25.02362,9.708923,99870.51,47.75111,0.0,1.7545657,0.0,37.941265
2017-09-28 03:00:00,22.359161,13.137878,99913.73,0.0,0.0,1.726876,9.536743e-07,55.905563
2017-09-28 04:00:00,21.169281,14.1840515,99967.766,0.0,0.0,1.742976,0.0,64.35976
2017-09-28 05:00:00,20.281036,15.007416,100005.4,0.0,0.0,1.3708408,0.0,71.694405
2017-09-28 06:00:00,19.823639,15.312653,100057.19,0.0,0.0,1.0453814,0.0,75.21687
2017-09-28 07:00:00,19.28714,14.583405,100084.33,0.0,0.11428833,0.69187486,0.0,74.19965
2017-09-28 08:00:00,18.965668,14.107391,100069.59,0.0,0.27368164,0.46482077,0.0,73.40615
2017-09-28 09:00:00,18.519928,14.83667,100079.8,0.0,0.5012207,0.8596367,0.0,79.12632
2017-09-28 10:00:00,17.358307,12.652313,100063.28,0.0,0.41436768,1.0642494,0.0,73.85777
2017-09-28 11:00:00,16.35025,12.280762,100029.72,0.0,0.30633545,0.33511007,0.0,76.840256
2017-09-28 12:00:00,15.9687195,12.155792,100039.1,0.0,0.18630981,0.41328037,0.0,78.08934
2017-09-28 13:00:00,15.878632,12.279053,100084.28,0.0,0.22009277,0.4090925,0.0,79.179985
2017-09-28 14:00:00,15.777588,11.735107,100098.01,0.0,0.30441284,0.22942442,0.0,76.887115
2017-09-28 15:00:00,15.811218,11.749207,100145.42,53.81333,0.35253906,0.19733968,0.0,76.7933
2017-09-28 16:00:00,18.703094,11.143555,100172.766,240.39111,0.37313843,0.68857473,0.0,61.437656
2017-09-28 17:00:00,20.946503,10.207764,100208.34,439.9289,0.480011,1.2978624,0.0,50.223873
2017-09-28 18:00:00,22.909332,8.196808,100203.03,611.2,0.5975342,1.4581583,0.0,38.90485
2017-09-28 19:00:00,24.780579,7.824585,100171.95,733.63556,0.64501953,1.4460787,0.0,33.891083
2017-09-28 20:00:00,25.632385,8.077606,100120.43,796.81775,0.51812744,1.6137248,0.0,32.773167
2017-09-28 21:00:00,26.636017,5.945923,100099.81,795.7156,0.14556885,2.194399,0.0,26.683887
2017-09-28 22:00:00,27.479736,7.6803284,100048.836,729.79553,0.05682373,3.2098799,0.0,28.6047
2017-09-28 23:00:00,26.676208,8.028046,100036.71,606.4,0.0,3.0642476,0.0,30.706501
2017-09-29 00:00:00,24.3779,8.483795,100040.75,413.3511,0.0,2.9958134,0.0,36.308334
2017-09-29 01:00:00,22.339905,9.851776,100057.19,228.85333,0.02999878,2.7311127,0.0,45.032295
2017-09-29 02:00:00,19.740326,10.354095,100048.4,50.755554,0.0,1.8404703,0.0,54.64283
2017-09-29 03:00:00,17.573456,14.064789,100067.67,0.0,0.02999878,1.2833599,0.0,79.89105
2017-09-29 04:00:00,16.995758,14.662811,100095.34,0.0,0.37442017,1.1091547,0.0,86.134445
2017-09-29 05:00:00,16.319153,13.817657,100136.484,0.0,0.90127563,1.1298327,0.0,85.13019
2017-09-29 06:00:00,15.824799,13.389282,100191.266,0.0,0.9250183,1.4380488,0.0,85.44452
2017-09-29 07:00:00,15.915558,13.574768,100216.87,0.0,0.9281311,1.0671966,0.0,85.98282
2017-09-29 08:00:00,15.414764,13.644012,100170.17,0.0,0.77124023,0.5055222,0.0,89.18698
2017-09-29 09:00:00,14.837891,13.921295,100176.086,0.0,0.47372437,0.5627492,0.0,94.24207
2017-09-29 10:00:00,14.207428,12.454468,100195.26,0.0,0.9750061,1.536044,0.0,89.19501
2017-09-29 11:00:00,13.801483,12.998077,100190.84,0.0,0.9319153,2.093001,0.0,94.897064
2017-09-29 12:00:00,13.334625,12.322662,100190.34,0.0,0.988739,1.6100365,0.0,93.58794
2017-09-29 13:00:00,13.592743,12.441193,100207.22,0.0,0.98373413,1.7320158,0.0,92.74662
2017-09-29 14:00:00,14.029816,12.542145,100257.945,0.0,0.9637451,2.2281642,0.0,90.74889
2017-09-29 15:00:00,14.1910095,11.451813,100288.25,41.97333,0.96987915,1.5846841,0.0,83.577866
2017-09-29 16:00:00,15.148499,10.896027,100306.33,177.56444,0.98376465,1.8851612,0.0,75.72424
2017-09-29 17:00:00,16.039032,10.936249,100311.625,331.02222,0.9906311,2.126081,0.0,71.71455
2017-09-29 18:00:00,17.237701,11.213165,100347.29,491.36,0.995636,2.288639,0.0,67.68506
2017-09-29 19:00:00,18.324982,11.116608,100281.69,478.36444,0.97436523,2.2491226,0.0,62.798576
2017-09-29 20:00:00,19.592407,11.28653,100290.98,646.9511,0.77246094,2.9376543,0.0,58.67633
2017-09-29 21:00:00,20.46286,10.029388,100277.05,713.3689,0.6937256,3.5983746,0.0,51.12992
2017-09-29 22:00:00,20.212006,13.156708,100249.484,644.1422,0.309906,4.1358724,0.0,63.85814
2017-09-29 23:00:00,19.789948,13.277618,100189.54,546.18665,0.39620972,3.4913952,0.0,66.06983
2017-09-30 00:00:00,18.75711,13.289246,100180.36,390.11557,0.4343567,3.6870017,0.0,70.51529
2017-09-30 01:00:00,17.895721,13.497833,100165.414,162.72,0.53948975,3.303774,0.0,75.45171
2017-09-30 02:00:00,16.814728,13.079498,100182.41,38.47111,0.83883667,3.4482453,0.0,78.61402
2017-09-30 03:00:00,15.93808,14.239319,100187.08,0.0,0.855072,2.9527426,0.0,89.64539
2017-09-30 04:00:00,15.730164,14.395538,100217.42,0.0,0.9000244,2.931051,0.0,91.769104
2017-09-30 05:00:00,15.942657,14.683777,100230.61,0.0,0.9356384,2.6907082,0.0,92.23202
2017-09-30 06:00:00,16.107086,14.936859,100230.836,0.0,0.74313354,2.3895714,0.0,92.769966
2017-09-30 07:00:00,15.961273,14.5581665,100233.76,0.0,0.68322754,2.3092692,9.536743e-07,91.37808
2017-09-30 08:00:00,15.509674,14.150055,100206.08,0.0,0.80758667,2.3336742,4.7683716e-07,91.60713
2017-09-30 09:00:00,15.55896,14.421112,100208.97,0.0,0.9213867,2.6921933,1.9073486e-06,92.93486
2017-09-30 10:00:00,14.342072,13.649872,100153.17,0.0,0.993103,2.117435,1.4305115e-06,95.60752
2017-09-30 11:00:00,14.166473,13.340607,100125.234,0.0,1.0,2.3573685,5.2452087e-06,94.772224
2017-09-30 12:00:00,14.106812,12.862946,100124.94,0.0,1.0,2.6643028,5.722046e-06,92.21574
2017-09-30 13:00:00,13.968536,12.687958,100159.06,0.0,1.0,2.2935736,6.67572e-06,91.98606
2017-09-30 14:00:00,13.933746,12.506439,100171.14,0.0,1.0,1.904164,4.7683716e-06,91.10267
2017-09-30 15:00:00,14.32782,11.099884,100184.78,26.524445,0.99935913,1.5803111,1.9073486e-06,80.930534
2017-09-30 16:00:00,15.894623,12.329803,100207.97,141.61778,0.9617615,1.2700236,9.536743e-07,79.36344
2017-09-30 17:00:00,16.916168,12.618805,100230.45,308.30222,0.5874939,1.3366853,0.0,75.788605
2017-09-30 18:00:00,18.190216,12.473358,100248.375,469.38666,0.045532227,1.2828294,0.0,69.26665
2017-09-30 19:00:00,19.626068,12.988098,100209.05,700.9067,0.014984131,1.4189488,0.0,65.49515
2017-09-30 20:00:00,21.145477,14.009277,100173.66,766.0978,0.0,2.1568482,0.0,63.7276
2017-09-30 21:00:00,22.519897,12.626068,100112.8,761.9378,0.0,2.8048348,0.0,53.537544
2017-09-30 22:00:00,23.017181,12.391937,100054.4,707.1111,0.19934082,3.4686508,0.0,51.15366
2017-09-30 23:00:00,22.797821,12.364899,100033.08,586.0978,0.05432129,3.8047853,0.0,51.746445
2017-10-01 00:00:00,21.88504,12.072205,100012.45,416.74667,0.2699585,3.89813,0.0,53.660084
2017-10-01 01:00:00,20.798523,11.710602,100022.92,220.39111,0.50875854,3.5245082,0.0,56.00639
2017-10-01 02:00:00,19.780853,11.4722595,100016.14,43.68,0.8175049,2.778894,0.0,58.711285
2017-10-01 03:00:00,17.850739,12.663849,100064.55,0.0,0.75564575,2.1889424,0.0,71.65191
2017-10-01 04:00:00,17.007538,12.15921,100110.47,0.0,0.53689575,1.4702592,0.0,73.10909
2017-10-01 05:00:00,16.866486,12.3515625,100120.28,0.0,0.30569458,1.1487268,0.0,74.70547
2017-10-01 06:00:00,16.90628,12.540863,100111.17,0.0,0.015625,1.1489693,0.0,75.449326
2017-10-01 07:00:00,16.504852,12.475555,100104.09,0.0,0.3086853,1.223767,0.0,77.06767
2017-10-01 08:00:00,15.810516,11.842804,100027.28,0.0,0.6355896,1.0426155,0.0,77.27274
2017-10-01 09:00:00,15.457611,11.581024,100059.91,0.0,0.3468933,1.3552655,0.0,77.68487
2017-10-01 10:00:00,13.861664,11.300659,100048.78,0.0,0.58062744,1.0022602,0.0,84.53236
2017-10-01 11:00:00,13.456085,10.617279,100034.11,0.0,0.40689087,0.99132764,0.0,82.93949
2017-10-01 12:00:00,13.031097,10.453705,100066.08,0.0,0.30184937,1.6474519,0.0,84.34756
2017-10-01 13:00:00,13.1805725,10.744965,100109.75,0.0,0.6630554,2.0459306,0.0,85.16477
2017-10-01 14:00:00,13.048676,10.569244,100145.47,0.0,0.8437195,2.509736,0.0,84.90231
2017-10-01 15:00:00,13.899567,9.013519,100186.484,47.164444,0.9230957,2.267548,0.0,72.36515
2017-10-01 16:00:00,15.939392,8.957214,100177.08,224.62222,0.90060425,1.9411997,0.0,63.212227
2017-10-01 17:00:00,17.97702,8.304596,100175.72,421.79556,0.9081116,1.6518903,0.0,53.14838
2017-10-01 18:00:00,19.957458,7.438751,100153.445,592.1422,0.9543457,2.2090676,0.0,44.275635
2017-10-01 19:00:00,21.476685,7.6301575,100116.7,720.51556,0.894989,3.3532653,0.0,40.848392
2017-10-01 20:00:00,22.024689,7.83667,100060.53,782.5244,0.7687073,4.0503325,0.0,40.06217
2017-10-01 21:00:00,22.903656,6.549286,99994.42,785.35114,0.4305725,4.4188943,0.0,34.772636
2017-10-01 22:00:00,22.52359,7.5640564,99883.55,719.1111,0.0012512207,4.5990424,0.0,38.14728
2017-10-01 23:00:00,21.628876,8.935394,99838.12,593.45776,0.0043945312,4.602575,0.0,44.21812
2017-10-02 00:00:00,20.484497,9.975922,99781.05,420.32,0.053131104,4.1538124,0.0,50.879192
2017-10-02 01:00:00,18.8237,10.507782,99737.22,220.01778,0.00064086914,3.2084363,0.0,58.450863
2017-10-02 02:00:00,17.740814,11.146637,99718.914,41.44,0.0,2.0244358,0.0,65.279106
2017-10-02 03:00:00,16.444855,12.167572,99725.36,0.0,0.008148193,1.6007618,0.0,75.81188
2017-10-02 04:00:00,15.678162,11.752075,99757.34,0.0,0.022491455,1.1521105,0.0,77.464905
2017-10-02 05:00:00,15.056732,11.669708,99765.37,0.0,0.023132324,1.2680066,0.0,80.180786
2017-10-02 06:00:00,14.048981,11.689606,99746.81,0.0,0.0,1.1432623,0.0,85.68797
2017-10-02 07:00:00,13.816071,11.403961,99758.09,0.0,0.0,2.1424656,0.0,85.365326
2017-10-02 08:00:00,13.931366,11.158844,99726.94,0.0,0.0,2.1214283,0.0,83.36296
2017-10-02 09:00:00,14.662872,9.484802,99738.414,0.0,0.0,2.4524188,0.0,71.0969
2017-10-02 10:00:00,14.656677,7.5484314,99724.47,0.0,0.0,2.478977,0.0,62.381107
2017-10-02 11:00:00,14.669006,5.5759583,99710.805,0.0,0.0,2.2777348,0.0,54.420578
2017-10-02 12:00:00,14.846405,4.9673767,99732.92,0.0,0.0,2.3286674,0.0,51.57244
2017-10-02 13:00:00,14.558136,5.2115173,99744.93,0.0,0.0,2.1614022,0.0,53.44163
2017-10-02 14:00:00,14.416138,5.7421875,99777.13,0.0,0.014984131,2.2146215,0.0,55.958096
2017-10-02 15:00:00,15.815765,4.1424255,99835.695,49.76,0.022491455,1.723585,0.0,45.74326
2017-10-02 16:00:00,18.033844,3.1110535,99883.164,238.54222,0.16744995,1.9980702,0.0,36.953537
2017-10-02 17:00:00,19.96231,1.1712341,99901.69,441.0311,0.1418457,2.6217935,0.0,28.528833
2017-10-02 18:00:00,21.168,0.63101196,99879.33,615.4667,0.11065674,2.684922,0.0,25.472656
2017-10-02 19:00:00,22.184937,0.5971985,99837.98,735.8222,0.043762207,2.820978,0.0,23.877571
2017-10-02 20:00:00,22.740295,0.88882446,99782.875,798.68445,0.0,3.1166925,0.0,23.575144
2017-10-02 21:00:00,23.049652,1.7099304,99741.82,795.7867,0.0,3.6949005,0.0,24.54212
2017-10-02 22:00:00,22.079926,3.3856506,99659.266,727.8933,0.0,3.6144564,0.0,29.32466
2017-10-02 23:00:00,21.312408,4.146179,99616.96,600.5333,0.0,3.792008,0.0,32.424213
2017-10-03 00:00:00,20.0466,5.2541504,99638.95,425.77777,0.0,3.599546,0.0,37.876457
2017-10-03 01:00:00,18.721832,6.129425,99596.97,220.7111,0.0,2.9911778,0.0,43.704777
2017-10-03 02:00:00,17.040985,8.360992,99562.86,39.288887,0.0,1.6576316,0.0,56.601295
2017-10-03 03:00:00,14.992798,9.927551,99541.11,0.0,0.0,0.9996885,0.0,71.699554
2017-10-03 04:00:00,14.103424,10.293274,99564.266,0.0,0.007507324,1.248282,0.0,77.821465
2017-10-03 05:00:00,13.764435,11.13382,99545.86,0.0,0.014984131,1.2770536,0.0,84.13215
2017-10-03 06:00:00,13.6944275,11.433746,99552.16,0.0,0.0,1.3221627,0.0,86.212975
2017-10-03 07:00:00,12.970001,10.848724,99513.94,0.0,0.02999878,1.2187899,0.0,86.94317
2017-10-03 08:00:00,12.538605,10.422333,99492.57,0.0,0.01687622,1.1246201,0.0,86.93097
2017-10-03 09:00:00,13.028595,11.201294,99517.266,0.0,0.038116455,1.638804,0.0,88.66265
2017-10-03 10:00:00,12.156097,10.6970215,99529.5,0.0,0.21560669,1.6663398,0.0,90.79172
2017-10-03 11:00:00,10.725861,9.1631775,99517.3,0.0,0.4265442,2.2555442,0.0,90.061676
2017-10-03 12:00:00,10.552582,8.968964,99477.46,0.0,0.41467285,1.5625938,0.0,89.92163
2017-10-03 13:00:00,10.979279,9.56662,99438.56,0.0,0.36975098,1.5670055,0.0,90.99358
2017-10-03 14:00:00,10.323212,8.979248,99497.8,0.0,0.7687988,1.7014886,0.0,91.37182
2017-10-03 15:00:00,11.60733,8.519867,99569.61,39.893333,0.7951355,1.7074808,4.7683716e-07,81.33258
2017-10-03 16:00:00,13.026947,8.287811,99638.11,214.25778,0.618042,1.2904086,0.0,72.92823
2017-10-03 17:00:00,14.8576355,7.123291,99682.17,418.34668,0.38256836,0.9649259,0.0,59.813152
2017-10-03 18:00:00,16.999664,4.830597,99708.59,564.23114,0.09637451,1.1609344,0.0,44.513157
2017-10-03 19:00:00,18.79663,2.478363,99721.51,703.94666,0.0,1.5079066,0.0,33.681274
2017-10-03 20:00:00,20.558533,0.4378357,99734.09,774.2756,0.0,2.3621986,0.0,26.080042
2017-10-03 21:00:00,21.794739,1.5039978,99760.94,776.8889,0.0,3.7260048,0.0,26.101643
2017-10-03 22:00:00,21.225922,4.5381165,99808.44,710.3822,0.0,4.4461193,0.0,33.504093
2017-10-03 23:00:00,21.368073,4.684723,99883.266,584.96,0.0,4.459545,0.0,33.555183
2017-10-04 00:00:00,21.102386,4.7090454,99919.15,412.2489,0.0,3.7797847,0.0,34.16499
2017-10-04 01:00:00,20.046173,4.2083435,99965.59,211.98222,0.0,2.4113753,0.0,35.210007
2017-10-04 02:00:00,18.79132,7.3750305,100005.984,36.40889,0.007507324,1.4735501,0.0,47.403152
2017-10-04 03:00:00,16.270477,9.4096985,100064.05,0.0,0.007507324,1.5454558,0.0,63.80633
2017-10-04 04:00:00,15.296478,10.035004,100123.625,0.0,0.0,1.2373658,0.0,70.820496
2017-10-04 05:00:00,14.507233,10.633942,100161.54,0.0,0.0,1.3818244,0.0,77.55614
2017-10-04 06:00:00,14.111298,10.764038,100212.97,0.0,0.0,1.6034051,0.0,80.26194
2017-10-04 07:00:00,13.374725,10.381317,100246.836,0.0,0.0,1.6361357,0.0,82.07868
2017-10-04 08:00:00,13.167694,10.936249,100239.266,0.0,0.0,1.5394808,0.0,86.327805
2017-10-04 09:00:00,12.088959,9.89328,100289.375,0.0,0.0,1.3507907,0.0,86.42697
2017-10-04 10:00:00,10.633575,8.205475,100335.18,0.0,0.07501221,1.1663326,0.0,84.93166
2017-10-04 11:00:00,9.504852,7.436859,100367.15,0.0,0.2475586,1.0126121,0.0,86.92283
2017-10-04 12:00:00,10.134735,7.8349304,100408.055,0.0,0.29818726,1.3099929,0.0,85.62216
2017-10-04 13:00:00,10.917328,8.455475,100462.12,0.0,0.21939087,1.2058704,0.0,84.76865
2017-10-04 14:00:00,11.820282,8.866455,100514.82,0.0,0.08874512,1.4213004,0.0,82.09903
2017-10-04 15:00:00,11.212128,7.871643,100555.734,43.662224,0.08123779,1.1214489,0.0,79.89308
2017-10-04 16:00:00,13.924133,8.001984,100615.6,224.01778,0.038146973,1.1366222,0.0,67.464264
2017-10-04 17:00:00,16.575592,6.2143555,100619.12,423.57333,0.0012512207,0.76768506,0.0,50.33637
2017-10-04 18:00:00,18.888214,5.4960938,100659.62,594.6311,0.0,0.66098005,0.0,41.39715
2017-10-04 19:00:00,20.1987,4.4875793,100621.516,715.1289,0.0,1.2258289,0.0,35.567978
2017-10-04 20:00:00,21.201416,4.619446,100587.29,776.96,0.0,1.8374567,0.0,33.745876
2017-10-04 21:00:00,22.815002,3.8749695,100524.055,774.0089,0.021881104,2.3380718,0.0,29.025766
2017-10-04 22:00:00,23.325806,4.914337,100435.984,679.87555,0.014984131,3.1655138,0.0,30.266102
2017-10-04 23:00:00,23.18924,5.5387573,100395.92,553.7778,0.0,3.0969994,0.0,31.871544
2017-10-05 00:00:00,22.436676,6.7223206,100355.84,365.77777,0.0012512207,3.121264,0.0,36.20113
2017-10-05 01:00:00,20.964813,7.0387573,100336.56,197.90222,0.014984131,3.0185127,0.0,40.48182
2017-10-05 02:00:00,18.699371,9.274017,100360.36,31.12889,0.022491455,2.423349,0.0,54.23281
2017-10-05 03:00:00,16.026642,10.688751,100364.14,0.0,0.0,2.0098748,0.0,70.59928
2017-10-05 04:00:00,15.363831,11.406647,100408.766,0.0,0.03250122,1.4768229,0.0,77.25724
2017-10-05 05:00:00,14.101776,10.8368225,100413.78,0.0,0.06814575,1.2634467,9.536743e-07,80.70136
2017-10-05 06:00:00,13.627502,10.338226,100424.19,0.0,0.041229248,1.5161592,0.0,80.50625
2017-10-05 07:00:00,14.715363,10.864838,100425.39,0.0,0.03189087,1.2672175,0.0,77.70572
2017-10-05 08:00:00,13.895172,10.021088,100401.805,0.0,0.024383545,1.2139248,0.0,77.4575
2017-10-05 09:00:00,12.1371765,9.091217,100400.42,0.0,0.026245117,1.0389367,0.0,81.63082
2017-10-05 10:00:00,12.375336,8.325409,100388.47,0.0,0.5701294,0.8985628,0.0,76.30514
2017-10-05 11:00:00,11.748199,7.9200134,100366.5,0.0,0.0,0.6589546,0.0,77.36276
2017-10-05 12:00:00,11.104767,8.102783,100362.44,0.0,0.0,0.60407895,0.0,81.73946
2017-10-05 13:00:00,11.83139,8.965729,100381.24,0.0,0.045013428,0.45139736,0.0,82.590706
2017-10-05 14:00:00,11.742767,8.88681,100367.516,0.0,0.6301575,0.31051254,0.0,82.63382
2017-10-05 15:00:00,12.093597,7.395691,100386.42,41.52889,0.7501831,0.4735813,0.0,72.96374
2017-10-05 16:00:00,14.466949,7.7377014,100425.22,223.09334,0.7501831,0.55561095,0.0,63.971138
2017-10-05 17:00:00,16.656036,6.012909,100416.125,419.7689,0.19506836,0.458424,0.0,49.38769
2017-10-05 18:00:00,19.006012,5.183258,100450.64,593.9733,0.0,0.9964738,0.0,40.21
2017-10-05 19:00:00,20.781586,3.6874084,100392.48,712.0356,0.0,1.48006,0.0,32.43682
2017-10-05 20:00:00,22.557709,3.5204163,100336.95,776.16,0.0,1.8974093,0.0,28.755907
2017-10-05 21:00:00,23.957916,2.5942078,100265.81,771.7156,0.0,2.4265952,0.0,24.745014
2017-10-05 22:00:00,24.581879,3.933136,100196.16,705.92,0.0,3.015622,0.0,26.200806
2017-10-05 23:00:00,23.979706,4.6843567,100186.34,571.8578,0.0,3.3028667,0.0,28.632923
2017-10-06 00:00:00,22.74002,5.766754,100154.87,404.53333,0.0,3.3787704,0.0,33.272724
2017-10-06 01:00:00,21.74466,6.7029724,100167.19,203.37778,0.0,2.871075,0.0,37.711754
2017-10-06 02:00:00,19.15216,8.633087,100168.336,31.395555,0.0,1.9786546,0.0,50.48758
2017-10-06 03:00:00,16.799713,9.443512,100205.445,0.0,0.0,1.6032552,0.0,61.833828
2017-10-06 04:00:00,16.30075,10.045929,100245.83,0.0,0.0,1.5131134,0.0,66.46082
2017-10-06 05:00:00,17.137054,10.872162,100268.08,0.0,0.0,0.97574794,0.0,66.59254
2017-10-06 06:00:00,16.691193,10.951965,100289.47,0.0,0.0,0.19724923,0.0,68.8676
2017-10-06 07:00:00,16.119568,10.67041,100292.305,0.0,0.0,0.31658393,0.0,70.0959
2017-10-06 08:00:00,15.379425,10.555603,100305.41,0.0,0.0,0.53190684,0.0,72.93705
2017-10-06 09:00:00,14.577362,10.929718,100309.98,0.0,0.0,0.70997065,0.0,78.74008
2017-10-06 10:00:00,13.990631,10.441437,100314.67,0.0,0.037506104,0.9687708,0.0,79.172195
2017-10-06 11:00:00,12.526398,9.2966,100304.42,0.0,0.0,0.6252998,0.0,80.67745
2017-10-06 12:00:00,12.4843445,9.809601,100283.15,0.0,0.0,0.7850535,0.0,83.73766
2017-10-06 13:00:00,12.22641,10.400543,100330.59,0.0,0.0,0.9659795,0.0,88.6039
2017-10-06 14:00:00,12.541504,11.084808,100370.31,0.0,0.0,0.83571726,0.0,90.83252
2017-10-06 15:00:00,13.769989,9.694977,100409.64,41.29778,0.0,0.6057335,0.0,76.40164
2017-10-06 16:00:00,16.288391,9.844635,100452.125,222.70222,0.0,0.1783527,0.0,65.6224
2017-10-06 17:00:00,19.427124,4.2700195,100467.31,423.8578,0.0,0.6149414,0.0,36.748333
2017-10-06 18:00:00,22.657928,0.46780396,100457.87,594.79114,0.0,1.2767315,0.0,22.9843
2017-10-06 19:00:00,25.22174,-2.0162659,100419.6,713.28,0.0,2.2212543,0.0,16.430843
2017-10-06 20:00:00,26.408356,-2.059967,100344.8,774.79114,0.0,2.4769745,0.0,15.264697
2017-10-06 21:00:00,27.539825,-3.0849304,100290.555,771.07556,0.0,2.4402413,0.0,13.237056
2017-10-06 22:00:00,28.38388,0.87615967,100218.09,702.4533,0.0,2.655334,0.0,16.841162
2017-10-06 23:00:00,27.596008,2.106781,100210.28,574.7378,0.0,3.0305352,0.0,19.260128
2017-10-07 00:00:00,25.619171,3.2080383,100193.84,399.82224,0.0,3.1484394,0.0,23.40196
2017-10-07 01:00:00,24.526337,2.7139893,100167.31,198.41777,0.0,2.4184854,0.0,24.119307
2017-10-07 02:00:00,21.727844,6.039093,100172.484,28.88889,0.0,1.7777942,0.0,36.062378
2017-10-07 03:00:00,18.531708,9.29541,100223.52,0.0,0.0,1.6883423,0.0,54.884254
2017-10-07 04:00:00,17.05011,9.174957,100223.66,0.0,0.0,0.9360998,0.0,59.76892
2017-10-07 05:00:00,16.939453,11.981079,100223.61,0.0,0.3100891,0.6370765,0.0,72.56891
2017-10-07 06:00:00,16.583649,12.555023,100219.66,0.0,0.901947,0.7294447,0.0,77.08331
2017-10-07 07:00:00,16.463654,12.524506,100191.85,0.0,0.8352661,0.7037499,0.0,77.51879
2017-10-07 08:00:00,15.914276,11.742645,100131.766,0.0,0.39193726,0.8781903,0.0,76.25571
2017-10-07 09:00:00,14.566071,11.174316,100122.42,0.0,0.21755981,0.9926016,0.0,80.087814
2017-10-07 10:00:00,12.853943,9.299286,100073.06,0.0,0.3324585,0.77786857,0.0,78.97784
2017-10-07 11:00:00,11.897675,8.432343,100056.5,0.0,0.0,0.64122885,0.0,79.31615
2017-10-07 12:00:00,12.913971,9.319885,100026.13,0.0,0.15005493,0.5944478,0.0,78.77729
2017-10-07 13:00:00,12.094513,8.788971,100031.03,0.0,0.2475586,0.49212947,0.0,80.206894
2017-10-07 14:00:00,11.244293,8.062958,100002.234,0.0,0.7501831,0.3212794,0.0,80.76742
2017-10-07 15:00:00,12.51651,8.059967,100015.336,37.74222,0.7501831,0.35815296,0.0,74.2501
2017-10-07 16:00:00,15.833832,8.674103,100065.41,207.02222,0.7501831,0.42832235,0.0,62.434258
2017-10-07 17:00:00,17.703888,7.582611,100065.945,414.54224,0.09753418,0.76821434,4.7683716e-07,51.478294
2017-10-07 18:00:00,19.80481,7.6305237,100048.734,584.5511,0.007507324,1.2945,0.0,45.28591
2017-10-07 19:00:00,21.656403,7.925934,100021.87,705.44,0.0,1.8058888,0.0,41.22386
2017-10-07 20:00:00,22.892914,8.434784,99937.43,766.54224,0.0,2.0538542,0.0,39.577538
2017-10-07 21:00:00,23.731293,6.5032043,99894.875,761.6711,0.0,2.6019158,0.0,32.971333
2017-10-07 22:00:00,24.45224,6.948639,99821.31,691.0222,0.0,3.9738977,0.0,32.554882
2017-10-07 23:00:00,23.192657,7.938751,99813.016,561.3689,0.0,4.173936,0.0,37.577923
2017-10-08 00:00:00,21.396332,9.508331,99788.72,385.97333,0.0,3.6348507,0.0,46.61763
2017-10-08 01:00:00,20.415955,10.286926,99729.414,187.11111,0.0,2.9695866,0.0,52.169018
2017-10-08 02:00:00,18.11618,10.519806,99715.31,25.35111,0.0,1.9680407,0.0,61.151
2017-10-08 03:00:00,15.993317,12.155487,99722.41,0.0,0.007507324,1.5810269,0.0,77.96514
2017-10-08 04:00:00,15.088898,12.194519,99713.016,0.0,0.007507324,1.4220629,0.0,82.83269
2017-10-08 05:00:00,15.137024,12.328583,99714.42,0.0,0.0,1.5418394,0.0,83.30801
2017-10-08 06:00:00,15.140472,12.128326,99727.945,0.0,0.019378662,1.7058059,0.0,82.19938
2017-10-08 07:00:00,14.6492,11.594147,99720.47,0.0,0.027496338,1.8943247,0.0,81.90499
2017-10-08 08:00:00,14.222931,10.711639,99672.36,0.0,0.04815674,1.7765365,0.0,79.40593
2017-10-08 09:00:00,13.409271,11.133759,99667.84,0.0,0.003753662,1.4593667,0.0,86.099686
2017-10-08 10:00:00,12.44519,9.770111,99639.92,0.0,0.055541992,1.2838832,0.0,83.73122
2017-10-08 11:00:00,11.881317,9.210876,99593.59,0.0,0.23269653,1.050079,0.0,83.691315
2017-10-08 12:00:00,11.630768,9.066132,99584.16,0.0,0.20394897,0.8039365,0.0,84.26132
2017-10-08 13:00:00,10.827484,8.401001,99634.55,0.0,0.19708252,0.82156914,0.0,84.96224
2017-10-08 14:00:00,10.9062195,8.825653,99649.2,0.0,0.19647217,0.59410167,0.0,86.98339
2017-10-08 15:00:00,11.981476,9.061249,99681.03,35.537777,0.19332886,0.43811333,0.0,82.305954
2017-10-08 16:00:00,14.510101,9.411377,99719.1,206.0089,0.14654541,0.6944474,0.0,71.44833
2017-10-08 17:00:00,16.924194,7.9601135,99734.68,402.7378,0.0074768066,1.2681693,0.0,55.49003
2017-10-08 18:00:00,19.660492,5.5523987,99716.5,572.76447,0.0,1.7111324,0.0,39.606632
2017-10-08 19:00:00,21.544891,2.3044128,99691.7,691.62665,0.0,3.0653362,0.0,28.063574
2017-10-08 20:00:00,23.71637,1.3442688,99644.586,754.7733,0.0,3.4673135,0.0,22.963604
2017-10-08 21:00:00,25.53424,-0.46414185,99591.89,753.2267,0.0,3.7367558,0.0,18.071783
2017-10-08 22:00:00,26.0242,-0.23062134,99547.05,686.25775,0.014984131,3.1612911,0.0,17.854809
2017-10-08 23:00:00,25.78189,0.14199829,99540.7,561.10223,0.014984131,2.6066039,0.0,18.609785
2017-10-09 00:00:00,24.168304,2.5295715,99546.11,388.62222,0.0,2.283924,0.0,24.322115
2017-10-09 01:00:00,22.838348,5.048279,99537.83,189.56444,0.0,1.5703532,0.0,31.464977
2017-10-09 02:00:00,20.966614,6.509552,99562.01,24.515556,0.0,2.2357337,0.0,39.032322
2017-10-09 03:00:00,18.727814,6.845276,99593.516,0.0,0.0,2.3954055,0.0,45.895596
2017-10-09 04:00:00,18.239532,5.972412,99591.45,0.0,0.0,2.3059597,0.0,44.56036
2017-10-09 05:00:00,18.614838,3.842865,99629.91,0.0,0.0,2.7510972,0.0,37.51782
2017-10-09 06:00:00,19.708984,1.148529,99661.2,0.0,0.0,2.837164,0.0,28.93354
2017-10-09 07:00:00,19.316742,0.4859314,99675.98,0.0,0.0,2.9259725,0.0,28.265356
2017-10-09 08:00:00,18.853058,0.21960449,99654.77,0.0,0.0,3.4460423,0.0,28.539837
2017-10-09 09:00:00,18.46286,-1.851532,99678.55,0.0,0.0,3.6203141,0.0,25.138954
2017-10-09 10:00:00,17.80954,0.6491699,99677.83,0.0,0.0,1.99602,0.0,31.432894
2017-10-09 11:00:00,16.375458,-0.43948364,99697.234,0.0,0.0,1.9262297,0.0,31.810165
2017-10-09 12:00:00,15.615448,-0.32260132,99748.35,0.0,0.0,1.528108,0.0,33.678387
2017-10-09 13:00:00,15.531372,-0.27252197,99817.89,0.0,0.0,1.434472,0.0,33.98397
2017-10-09 14:00:00,15.233154,-0.023742676,99838.61,0.0,0.0,1.4313306,0.0,35.272717
2017-10-09 15:00:00,16.680298,-2.4278564,99895.44,36.39111,0.0,1.3173653,0.0,26.960722
2017-10-09 16:00:00,18.536499,-2.3802795,99945.55,214.32889,0.0,1.2023821,0.0,24.06498
2017-10-09 17:00:00,19.854767,-4.020935,99982.64,414.54224,0.0,2.1760051,0.0,19.615366
2017-10-09 18:00:00,21.509125,-3.8276062,100012.016,584.2489,0.0,2.3411584,0.0,17.971998
2017-10-09 19:00:00,23.408295,-3.700531,100010.46,704.19556,0.0,1.9192069,0.0,16.164263
2017-10-09 20:00:00,24.671356,-3.0437317,99980.734,763.7867,0.0,1.4181175,0.0,15.735002
2017-10-09 21:00:00,26.060425,-1.1590881,99968.484,757.5467,0.0,2.0378428,0.0,16.649254
2017-10-09 22:00:00,26.010406,-1.0729065,99963.43,686.0622,0.0,1.331775,0.0,16.804377
2017-10-09 23:00:00,25.763458,1.0591125,99981.46,555.5911,0.0,2.3308327,0.0,19.905704
2017-10-10 00:00:00,24.042358,3.2417297,99986.5,378.84445,0.0,2.5181582,0.0,25.775616
2017-10-10 01:00:00,22.986237,3.6153564,99978.61,178.7911,0.0,1.8841529,0.0,28.205856
2017-10-10 02:00:00,20.636505,8.023468,100007.78,21.315556,0.0,1.6575704,0.0,44.18162
2017-10-10 03:00:00,17.977692,9.284576,100066.3,0.0,0.014984131,1.7286981,0.0,56.78592
2017-10-10 04:00:00,17.237823,10.245697,100093.734,0.0,0.014984131,1.8089856,0.0,63.462692
2017-10-10 05:00:00,16.515717,10.072723,100125.2,0.0,0.014984131,1.4675722,0.0,65.674706
2017-10-10 06:00:00,17.178497,10.206116,100109.734,0.0,0.0,1.0626127,0.0,63.533188
2017-10-10 07:00:00,17.291168,10.750671,100110.31,0.0,0.014984131,1.1926128,0.0,65.4152
2017-10-10 08:00:00,16.863403,11.486237,100068.5,0.0,0.0,1.4186438,0.0,70.57519
2017-10-10 09:00:00,15.795105,11.588776,100072.94,0.0,0.0,1.4858395,0.0,76.06185
2017-10-10 10:00:00,13.998688,10.992401,100062.14,0.0,0.0,1.7070134,0.0,82.08739
2017-10-10 11:00:00,13.315033,10.684357,100034.75,0.0,0.0,1.8901448,0.0,84.08064
2017-10-10 12:00:00,13.40686,11.119537,100035.0,0.0,0.0,2.0253482,0.0,86.03197
2017-10-10 13:00:00,13.541534,11.071899,100026.94,0.0,0.0,1.995572,0.0,85.011116
2017-10-10 14:00:00,13.437775,11.515289,100015.55,0.0,0.0,1.6895591,0.0,88.140144
2017-10-10 15:00:00,13.503082,10.224701,100046.65,33.04889,0.0,1.4504583,0.0,80.54786
2017-10-10 16:00:00,15.815521,10.552643,100101.695,203.2,0.0,1.1057106,0.0,70.91264
2017-10-10 17:00:00,18.267822,6.8451233,100067.22,398.8622,0.0,0.64926547,0.0,47.237667
2017-10-10 18:00:00,20.523468,4.8512573,100081.414,565.79553,0.0,0.84800076,0.0,35.758305
2017-10-10 19:00:00,22.083282,3.1835022,100059.984,684.5333,0.0,1.2925453,0.0,28.902918
2017-10-10 20:00:00,23.214935,2.7704773,100007.31,744.4089,0.021240234,1.8090514,0.0,26.205036
2017-10-10 21:00:00,23.87207,2.5177917,99964.79,739.2178,1.0,2.286753,0.0,24.738443
2017-10-10 22:00:00,22.616425,5.417755,99911.88,662.79114,0.984375,2.8163676,0.0,32.721836
2017-10-10 23:00:00,21.541473,5.6007996,99907.2,488.21335,0.980011,2.7118535,0.0,35.386097
2017-10-11 00:00:00,20.439117,6.282715,99893.58,312.40887,0.8425293,2.5823321,0.0,39.697014
2017-10-11 01:00:00,19.105438,6.024811,99897.03,145.97333,0.8512268,2.268119,0.0,42.36244
2017-10-11 02:00:00,17.685242,8.152435,99942.58,18.64889,0.4868164,1.8902633,0.0,53.578007
2017-10-11 03:00:00,15.049744,8.474579,99977.61,0.0,0.22494507,1.3431853,0.0,64.774925
2017-10-11 04:00:00,13.884491,9.239227,99988.91,0.0,0.0093688965,0.8633059,0.0,73.54672
2017-10-11 05:00:00,13.696686,9.685181,99981.95,0.0,0.02999878,0.9108136,0.0,76.71623
2017-10-11 06:00:00,13.712402,9.778046,100019.03,0.0,0.00064086914,0.9152686,0.0,77.116844
2017-10-11 07:00:00,12.865265,9.52002,100011.89,0.0,0.055023193,0.9061056,0.0,80.09986
2017-10-11 08:00:00,12.118866,9.141113,99995.32,0.0,0.21936035,0.9366012,0.0,82.00472
2017-10-11 09:00:00,11.932648,9.503876,99990.42,0.0,0.4161682,0.9630339,0.0,85.069374
2017-10-11 10:00:00,11.990814,9.785675,99956.03,0.0,0.7975769,1.1148992,0.0,86.362434
2017-10-11 11:00:00,11.785767,9.616608,99950.57,0.0,0.7620239,1.7299664,0.0,86.5509
2017-10-11 12:00:00,11.761383,9.504669,99956.016,0.0,0.7701111,1.6671009,0.0,86.04084
2017-10-11 13:00:00,11.906952,9.255188,99997.25,0.0,0.78015137,1.627353,0.0,83.79966
2017-10-11 14:00:00,12.031006,8.794891,100033.445,0.0,0.8294983,1.7651359,0.0,80.57538
2017-10-11 15:00:00,12.121857,6.6952515,100083.375,31.768888,0.82507324,2.2128143,0.0,69.41419
2017-10-11 16:00:00,12.844025,5.1095276,100164.59,203.30667,0.6968994,2.445262,0.0,59.322132
2017-10-11 17:00:00,14.047119,4.007904,100219.0,398.6489,0.27001953,2.6302063,0.0,50.782146
2017-10-11 18:00:00,15.453064,3.3840942,100249.516,561.79553,0.25186157,2.9493692,0.0,44.385677
2017-10-11 19:00:00,16.809082,3.3226624,100236.86,677.12,0.35876465,3.3421793,0.0,40.529274
2017-10-11 20:00:00,18.123657,1.9828491,100240.13,714.25775,0.87057495,3.7256043,0.0,33.914043
2017-10-11 21:00:00,19.477753,0.59332275,100194.53,646.56,0.8531494,4.3392987,0.0,28.201408
2017-10-11 22:00:00,19.27304,3.3657532,100214.336,569.0133,0.50930786,4.2288337,0.0,34.81607
2017-10-11 23:00:00,19.269867,3.4212952,100241.01,529.06665,0.3074646,4.316808,0.0,34.959747
2017-10-12 00:00:00,18.258179,4.752472,100223.15,370.61334,0.16937256,4.138955,0.0,40.891422
2017-10-12 01:00:00,17.14682,6.1578064,100212.84,173.95555,0.070007324,3.6542244,0.0,48.35492
2017-10-12 02:00:00,15.482269,7.54245,100231.81,18.4,0.003753662,3.0061696,0.0,59.1291
2017-10-12 03:00:00,13.807434,8.797852,100263.25,0.0,0.0,2.636027,0.0,71.74692
2017-10-12 04:00:00,13.385681,9.248932,100290.61,0.0,0.0043945312,1.9429076,0.0,76.02288
2017-10-12 05:00:00,12.538483,8.938751,100324.16,0.0,0.008148193,1.3254068,0.0,78.69176
2017-10-12 06:00:00,12.055939,8.390045,100396.72,0.0,0.0,1.2983545,0.0,78.26814
2017-10-12 07:00:00,12.099091,8.033203,100360.78,0.0,0.0,1.4314102,0.0,76.17745
2017-10-12 08:00:00,12.101074,7.6424866,100381.945,0.0,0.0,1.4528859,0.0,74.16724
2017-10-12 09:00:00,12.114227,7.4167786,100388.33,0.0,0.0,1.8492728,0.0,72.96977
2017-10-12 10:00:00,10.998291,8.136963,100427.17,0.0,0.00064086914,1.6939843,0.0,82.51088
2017-10-12 11:00:00,9.984955,6.8388977,100425.766,0.0,0.008148193,1.7318641,0.0,80.790146
2017-10-12 12:00:00,10.00119,6.7657776,100433.625,0.0,0.01751709,1.8147169,0.0,80.29814
2017-10-12 13:00:00,9.718536,6.3125305,100473.016,0.0,0.008148193,1.5837497,0.0,79.32072
2017-10-12 14:00:00,9.876984,5.901764,100500.91,0.0,0.0,1.2655494,0.0,76.28731
2017-10-12 15:00:00,10.842377,5.61557,100572.28,31.36,0.0,1.2645347,0.0,70.1217
2017-10-12 16:00:00,13.549164,4.483246,100649.766,205.01334,0.0,1.3271691,0.0,54.229794
2017-10-12 17:00:00,15.577698,2.6123962,100642.13,406.75555,0.0,1.5994061,0.0,41.69068
2017-10-12 18:00:00,17.276764,0.31472778,100654.125,579.4133,0.0,2.2376761,0.0,31.73186
2017-10-12 19:00:00,18.883453,-0.6164856,100625.984,700.30225,0.0,2.6236243,0.0,26.8061
2017-10-12 20:00:00,19.724213,-1.4579773,100578.125,761.20886,0.0,2.8963861,0.0,23.918781
2017-10-12 21:00:00,20.561737,-1.6103821,100520.7,755.62665,0.0,3.2770915,0.0,22.45738
2017-10-12 22:00:00,20.110016,0.7424011,100485.484,684.5333,0.0,3.1351027,0.0,27.409477
2017-10-12 23:00:00,19.692291,1.5595093,100457.31,553.6533,0.0,3.0175886,0.0,29.830538
2017-10-13 00:00:00,18.876312,2.8542786,100444.7,375.25333,0.0,3.142057,0.0,34.42048
2017-10-13 01:00:00,17.416168,4.175476,100437.05,172.12445,0.0,2.6739902,0.0,41.41277
2017-10-13 02:00:00,15.748566,7.324829,100439.28,16.906666,0.0,1.9475865,0.0,57.27061
2017-10-13 03:00:00,14.327209,8.556,100479.375,0.0,0.0,1.1299669,0.0,68.2427
2017-10-13 04:00:00,13.45871,9.40506,100490.2,0.0,0.0,1.4198896,0.0,76.46121
2017-10-13 05:00:00,12.303314,8.737091,100514.555,0.0,0.007507324,1.1572644,0.0,78.8353
2017-10-13 06:00:00,11.821228,8.434326,100537.484,0.0,0.0,1.0601014,0.0,79.72795
2017-10-13 07:00:00,11.541779,7.482727,100537.32,0.0,0.0,1.0153116,0.0,76.12162
2017-10-13 08:00:00,10.598846,8.625824,100506.5,0.0,0.007507324,1.0023521,0.0,87.58944
2017-10-13 09:00:00,9.975525,8.85379,100532.93,0.0,0.014984131,1.0717896,0.0,92.73227
2017-10-13 10:00:00,8.982513,6.956085,100561.375,0.0,0.037506104,0.67921394,0.0,87.120255
2017-10-13 11:00:00,7.921417,5.4353943,100546.03,0.0,0.09753418,1.125314,0.0,84.290276
2017-10-13 12:00:00,8.031067,5.5312805,100570.55,0.0,0.15878296,0.7757428,0.0,84.22243
2017-10-13 13:00:00,7.7843323,5.5800476,100630.52,0.0,0.18881226,0.7425769,0.0,85.93922
2017-10-13 14:00:00,7.5282288,5.4371033,100626.26,0.0,0.075653076,0.91654897,0.0,86.59047
2017-10-13 15:00:00,9.539032,6.4881287,100676.44,28.88889,0.08312988,0.5706077,0.0,81.2598
2017-10-13 16:00:00,12.281494,7.4023743,100726.664,195.84,0.022491455,0.8927865,0.0,72.09993
2017-10-13 17:00:00,14.582336,6.78833,100755.52,392.35556,0.014984131,1.201004,0.0,59.502274
2017-10-13 18:00:00,16.891205,6.8829956,100743.91,560.81775,0.0,1.6359116,0.0,51.66025
2017-10-13 19:00:00,18.669647,5.49527,100730.25,680.2133,0.0,2.2321367,0.0,41.96456
2017-10-13 20:00:00,20.035004,4.9302673,100671.25,742.2756,0.0,2.6391516,0.0,37.05851
2017-10-13 21:00:00,21.524567,3.2097473,100576.25,733.63556,0.0,2.9702497,0.0,29.96266
2017-10-13 22:00:00,21.952606,3.559784,100509.02,663.4311,0.0,3.3024657,0.0,29.918669
2017-10-13 23:00:00,21.350311,4.1318054,100513.48,534.72,0.0,3.3436503,0.0,32.3163
2017-10-14 00:00:00,20.067413,5.216339,100488.89,360.40887,0.0,3.3190103,0.0,37.72832
2017-10-14 01:00:00,18.424438,7.0674744,100496.81,162.38222,0.0,2.5972648,0.0,47.494537
2017-10-14 02:00:00,16.771301,9.210114,100514.82,14.773334,0.0,2.2259083,0.0,60.97991
2017-10-14 03:00:00,15.116547,9.831207,100553.94,0.0,0.0,1.7349448,0.0,70.672966
2017-10-14 04:00:00,14.396179,10.651459,100580.33,0.0,0.0,1.6317934,0.0,78.20628
2017-10-14 05:00:00,13.883331,10.88797,100591.43,0.0,0.0,0.93137133,0.0,82.132416
2017-10-14 06:00:00,14.858551,11.182251,100611.08,0.0,0.007507324,0.52448636,0.0,78.63174
2017-10-14 07:00:00,13.980682,10.760651,100593.555,0.0,0.014984131,0.06590317,0.0,80.92663
2017-10-14 08:00:00,13.5937195,10.753784,100577.234,0.0,0.0,0.58159655,0.0,82.94996
2017-10-14 09:00:00,13.377838,10.855438,100584.67,0.0,0.0,1.2003069,0.0,84.695755
2017-10-14 10:00:00,11.795197,9.824036,100579.7,0.0,0.0,1.3465407,0.0,87.70942
2017-10-14 11:00:00,9.552582,7.277313,100543.36,0.0,0.0,1.0213284,0.0,85.70443
2017-10-14 12:00:00,11.178497,5.080475,100571.0,0.0,0.0,1.4265878,0.0,66.07078
2017-10-14 13:00:00,11.628815,3.3356628,100598.54,0.0,0.0,1.566028,0.0,56.744316
2017-10-14 14:00:00,11.68985,3.376007,100621.51,0.0,0.0,2.047385,0.0,56.677124
2017-10-14 15:00:00,14.261108,1.8287659,100658.42,27.36,0.0,2.5897853,0.0,42.91679
2017-10-14 16:00:00,16.790924,0.5557556,100705.695,193.63556,0.0,2.3471491,0.0,33.29963
2017-10-14 17:00:00,17.953003,-0.65896606,100723.99,391.64444,0.0,3.509246,0.0,28.329065
2017-10-14 18:00:00,19.945404,0.07672119,100714.32,561.79553,0.0,3.7691123,0.0,26.388899
2017-10-14 19:00:00,21.523102,-0.06918335,100662.586,682.04443,0.0,3.717113,0.0,23.69181
2017-10-14 20:00:00,22.791595,-0.71658325,100627.41,743.1289,0.0,3.6773417,0.0,20.919073
2017-10-14 21:00:00,24.20871,-1.636383,100536.87,737.70667,0.0,3.7253084,0.0,17.952583
2017-10-14 22:00:00,24.441406,-1.7839966,100445.65,666.7733,0.0,3.0373588,0.0,17.512455
2017-10-14 23:00:00,24.783875,-2.16214,100388.97,536.99554,0.0,2.999376,0.0,16.685211
2017-10-15 00:00:00,24.412354,-1.5349426,100370.15,360.83554,0.0,2.2992396,0.0,17.867357
2017-10-15 01:00:00,23.323883,-0.5896301,100369.06,160.72888,0.0,1.6094549,0.0,20.444025
2017-10-15 02:00:00,19.699005,2.9528503,100384.28,13.546667,0.0,2.8388424,0.0,32.92983
2017-10-15 03:00:00,16.886627,3.6463928,100437.39,0.0,0.0,1.9260907,0.0,41.26174
2017-10-15 04:00:00,15.823822,4.9754944,100468.56,0.0,0.0,1.8435385,0.0,48.46202
2017-10-15 05:00:00,14.445709,6.6768494,100498.73,0.0,0.0,2.1524339,0.0,59.571953
2017-10-15 06:00:00,13.624481,6.8767395,100484.67,0.0,0.17999268,2.0571442,0.0,63.700397
2017-10-15 07:00:00,14.9263,7.0621033,100510.54,0.0,0.056243896,1.8144212,0.0,59.29994
2017-10-15 08:00:00,14.055817,7.8159485,100474.16,0.0,0.05999756,1.669538,0.0,66.04845
2017-10-15 09:00:00,13.349274,8.126678,100506.734,0.0,0.7053833,1.7928681,0.0,70.632095
2017-10-15 10:00:00,10.077942,8.432037,100507.25,0.0,0.8640442,2.3410738,0.0,89.50707
2017-10-15 11:00:00,9.097687,7.63266,100486.984,0.0,0.9750061,2.1696985,0.0,90.54091
2017-10-15 12:00:00,9.022369,7.2513123,100514.84,0.0,0.9081421,2.0571449,0.0,88.66153
2017-10-15 13:00:00,9.152191,6.92511,100544.06,0.0,0.6498718,1.9865043,0.0,85.94604
2017-10-15 14:00:00,9.248138,7.0788574,100567.94,0.0,1.0,2.0433865,0.0,86.297165
2017-10-15 15:00:00,10.432526,7.469635,100621.72,25.937778,0.97750854,2.0918438,0.0,81.869995
2017-10-15 16:00:00,15.592194,7.669281,100672.06,191.73334,0.91812134,1.7269931,0.0,59.224133
2017-10-15 17:00:00,18.399017,5.2185974,100691.48,388.69333,0.9468689,1.7119784,0.0,41.869694
2017-10-15 18:00:00,21.217499,2.2193298,100714.38,553.12,0.99246216,1.7783312,0.0,28.459682
2017-10-15 19:00:00,23.63919,1.8005676,100697.4,674.13336,0.9499817,1.5888892,0.0,23.837294
2017-10-15 20:00:00,25.500366,1.556488,100662.36,731.8933,0.8562317,1.5611364,0.0,20.95428
2017-10-15 21:00:00,27.28482,0.13583374,100608.27,723.80444,0.65930176,1.2914026,0.0,17.022863
2017-10-15 22:00:00,27.98758,0.933136,100572.53,653.81335,0.19366455,1.1919522,0.0,17.305614
2017-10-15 23:00:00,28.437408,0.63345337,100565.125,523.55554,0.035614014,1.2546022,0.0,16.49747
2017-10-16 00:00:00,27.664703,-0.9058838,100519.08,348.48,0.0,1.2023432,0.0,15.432307
2017-10-16 01:00:00,26.125702,2.585266,100541.5,151.87555,0.0,1.645628,0.0,21.729006
2017-10-16 02:00:00,22.73288,4.867096,100556.72,11.68,0.0,1.3962075,0.0,31.269598
2017-10-16 03:00:00,21.700012,5.304901,100627.53,0.0,0.0,1.3543186,0.0,34.331814
2017-10-16 04:00:00,21.161407,5.1749268,100642.086,0.0,0.0,1.2823194,0.0,35.164997
2017-10-16 05:00:00,20.007782,6.3888855,100679.99,0.0,0.0,1.1566935,0.0,41.07003
2017-10-16 06:00:00,19.44217,7.8624573,100682.49,0.0,0.0,1.3806678,0.0,47.056152
2017-10-16 07:00:00,18.717255,9.384766,100672.55,0.0,0.0,1.5054276,0.0,54.577484
2017-10-16 08:00:00,17.660309,9.65213,100641.18,0.0,0.0,1.5601902,0.0,59.38246
2017-10-16 09:00:00,15.5104065,9.022095,100640.46,0.0,0.0,1.60371,0.0,65.25773
2017-10-16 10:00:00,13.495026,9.419159,100615.3,0.0,0.21502686,1.9808522,0.0,76.352875
2017-10-16 11:00:00,12.587921,9.013458,100592.836,0.0,0.58807373,1.688659,0.0,78.83341
2017-10-16 12:00:00,12.63443,9.445526,100610.836,0.0,0.788147,1.1419598,0.0,80.91438
2017-10-16 13:00:00,12.658478,9.800476,100664.79,0.0,0.9706421,0.513507,0.0,82.73567
2017-10-16 14:00:00,13.085999,9.789337,100682.055,0.0,0.980011,0.56722236,0.0,80.39221
2017-10-16 15:00:00,12.903839,8.596649,100727.5,20.0,0.98934937,0.8099657,0.0,75.07318
2017-10-16 16:00:00,15.788849,9.824249,100770.77,141.90222,0.99935913,0.99987525,0.0,67.65753
2017-10-16 17:00:00,18.946808,8.661713,100790.33,329.77777,0.98501587,0.92587775,0.0,51.23805
2017-10-16 18:00:00,21.79654,3.398407,100764.94,499.44888,0.98501587,1.2315652,0.0,29.86343
2017-10-16 19:00:00,24.412018,1.8355408,100698.9,607.66223,1.0,1.2814493,0.0,22.81209
2017-10-16 20:00:00,25.95523,0.030731201,100619.8,657.28,0.99560547,1.3919564,0.0,18.271458
2017-10-16 21:00:00,27.672882,-2.152008,100553.92,630.6311,0.90689087,1.7397522,0.0,14.075143
2017-10-16 22:00:00,27.992584,1.0185852,100475.734,584.85333,0.9281311,1.0913397,0.0,17.407307
2017-10-16 23:00:00,28.347626,-0.27261353,100442.266,473.84888,0.805603,1.0619706,0.0,15.530093
2017-10-17 00:00:00,28.337372,-1.5473328,100415.93,317.72446,0.7192688,1.0674827,0.0,14.156567
2017-10-17 01:00:00,25.531464,5.2910156,100403.88,139.91112,0.4906006,1.7602565,0.0,27.222628
2017-10-17 02:00:00,21.586151,4.2414856,100390.45,10.1866665,0.63757324,2.0693882,0.0,32.098553
2017-10-17 03:00:00,18.284607,7.0367737,100438.14,0.0,0.6843567,1.4882972,0.0,47.8124
2017-10-17 04:00:00,17.301514,8.87973,100471.97,0.0,0.63565063,0.70103323,0.0,57.664852
2017-10-17 05:00:00,16.825623,8.479706,100469.64,0.0,0.66378784,0.54251903,0.0,57.84356
2017-10-17 06:00:00,17.065002,9.997284,100503.27,0.0,0.9924927,0.8800689,0.0,63.10378
2017-10-17 07:00:00,16.185242,11.307465,100515.31,0.0,0.9812622,1.2902192,0.0,72.82038
2017-10-17 08:00:00,15.972809,11.441437,100514.41,0.0,0.9968872,1.4196672,0.0,74.47283
2017-10-17 09:00:00,15.795929,11.447662,100507.41,0.0,0.9812622,1.2015711,0.0,75.35107
2017-10-17 10:00:00,15.220825,10.4721985,100503.305,0.0,0.95684814,1.4886152,0.0,73.27528
2017-10-17 11:00:00,14.156342,8.898834,100436.31,0.0,0.868042,0.8047718,0.0,70.620735
2017-10-17 12:00:00,13.678375,9.094269,100465.78,0.0,0.10684204,0.67105263,0.0,73.81402
2017-10-17 13:00:00,13.766937,10.388702,100500.07,0.0,0.7101135,0.8732171,0.0,80.04871
2017-10-17 14:00:00,14.055817,10.791443,100547.24,0.0,0.97940063,1.0153893,0.0,80.69827
2017-10-17 15:00:00,14.576202,9.509796,100555.63,19.537777,1.0,0.36273953,0.0,71.61619
2017-10-17 16:00:00,16.300323,10.437927,100629.88,157.97333,0.9924927,0.3899057,0.0,68.226685
2017-10-17 17:00:00,17.900848,8.230682,100663.86,312.10666,1.0,0.68270665,0.0,53.136585
2017-10-17 18:00:00,19.48172,5.9707947,100676.25,495.1111,0.9906311,0.8529609,0.0,41.226665
2017-10-17 19:00:00,21.07367,5.372406,100638.25,566.64886,0.9924927,1.0315404,0.0,35.843838
2017-10-17 20:00:00,22.621979,4.50177,100580.17,599.48444,0.944397,1.3707253,0.0,30.687706
2017-10-17 21:00:00,23.695526,1.2095032,100524.0,567.14667,0.9812622,1.6953374,0.0,22.771027
2017-10-17 22:00:00,23.352875,6.6564026,100491.58,535.36,0.9981384,2.6884613,0.0,34.090214
2017-10-17 23:00:00,22.971466,6.33902,100456.86,457.56445,0.99749756,2.5630434,0.0,34.132122
2017-10-18 00:00:00,21.848694,5.8022156,100444.95,274.72,0.9918518,2.1372073,0.0,35.215225
2017-10-18 01:00:00,19.787994,6.790802,100460.125,111.164444,1.0,2.0963671,0.0,42.80086
2017-10-18 02:00:00,16.758392,8.244293,100493.32,7.608889,1.0,2.124151,0.0,57.170837
2017-10-18 03:00:00,14.754364,10.863068,100514.09,0.0,0.98501587,1.2464626,0.0,77.50128
2017-10-18 04:00:00,13.039032,9.944153,100482.53,0.0,1.0,0.9004752,0.0,81.480515
2017-10-18 05:00:00,12.493195,9.415527,100479.45,0.0,0.23815918,1.2114141,0.0,81.503174
2017-10-18 06:00:00,12.535126,9.642822,100521.55,0.0,0.11627197,1.2779096,0.0,82.53022
2017-10-18 07:00:00,12.264984,9.29126,100504.82,0.0,0.022491455,1.2697281,0.0,82.04566
2017-10-18 08:00:00,12.583527,9.555145,100497.17,0.0,0.037506104,1.0357149,0.0,81.78544
2017-10-18 09:00:00,11.98642,9.277496,100493.984,0.0,0.3088684,0.93598926,0.0,83.48704
2017-10-18 10:00:00,12.171112,9.971191,100437.66,0.0,0.9263916,0.8099798,0.0,86.410545
2017-10-18 11:00:00,10.213348,8.319611,100388.02,0.0,0.93188477,0.8321933,0.0,88.026436
2017-10-18 12:00:00,9.18222,7.5734863,100387.83,0.0,0.93255615,0.9990497,0.0,89.663635
2017-10-18 13:00:00,9.9626465,8.169403,100406.69,0.0,0.8677063,0.89822966,0.0,88.60723
2017-10-18 14:00:00,10.405487,8.644989,100425.22,0.0,0.8121643,0.5580583,0.0,88.841415
2017-10-18 15:00:00,10.241486,7.7638245,100425.78,13.6,0.8071289,0.38207594,0.0,84.60239
2017-10-18 16:00:00,10.676666,7.863037,100491.734,129.81334,0.8058777,0.48211393,0.0,82.738846
2017-10-18 17:00:00,11.752441,6.8385925,100520.53,277.33334,0.78775024,0.9837922,0.0,71.829735
2017-10-18 18:00:00,13.381653,6.999237,100508.08,458.11557,0.12753296,1.2785021,0.0,65.262184
2017-10-18 19:00:00,15.010529,7.5679016,100500.28,597.0845,0.010650635,1.4032271,0.0,61.05516
2017-10-18 20:00:00,16.185974,7.893463,100420.33,665.5822,0.01876831,1.4334306,0.0,57.89517
2017-10-18 21:00:00,17.532745,7.144928,100346.29,666.13336,0.048828125,1.8980548,0.0,50.503174
2017-10-18 22:00:00,17.723541,8.070038,100312.0,579.4133,0.26690674,3.0410936,0.0,53.150272
2017-10-18 23:00:00,16.595764,8.391083,100304.72,477.2622,0.1937561,3.4105399,0.0,58.34308
2017-10-19 00:00:00,15.373993,9.430389,100316.47,272.44446,0.12188721,3.3322883,0.0,67.6673
2017-10-19 01:00:00,13.974762,8.463776,100315.47,109.17333,0.15756226,2.7241294,1.4305115e-06,69.3847
2017-10-19 02:00:00,13.2552185,8.74411,100303.36,6.5244446,0.30316162,1.9181623,0.0,74.10448
2017-10-19 03:00:00,12.472351,9.9982605,100308.125,0.0,0.7876282,1.5642037,0.0,84.86975
2017-10-19 04:00:00,12.33493,10.624359,100305.22,0.0,0.79385376,1.7730906,0.0,89.29665
2017-10-19 05:00:00,12.540314,10.984253,100329.695,0.0,0.81259155,2.054918,0.0,90.235016
2017-10-19 06:00:00,12.465393,10.826447,100363.3,0.0,0.8381958,2.201082,0.0,89.73362
2017-10-19 07:00:00,12.28006,10.941559,100360.484,0.0,0.87194824,2.057417,4.7683716e-07,91.531136
2017-10-19 08:00:00,11.999298,10.824524,100333.82,0.0,0.8725891,1.9632679,1.4305115e-06,92.51605
2017-10-19 09:00:00,11.7517395,10.490173,100315.54,0.0,0.9112854,1.6393136,2.3841858e-06,91.968315
2017-10-19 10:00:00,11.967804,11.654388,100296.97,0.0,0.9742737,1.9430214,1.9073486e-06,97.95246
2017-10-19 11:00:00,12.454773,11.916534,100278.99,0.0,0.98117065,2.5916421,7.1525574e-06,96.51959
2017-10-19 12:00:00,12.713867,11.862213,100265.67,0.0,0.97750854,2.0245442,7.6293945e-06,94.553276
2017-10-19 13:00:00,12.741119,11.396851,100253.64,0.0,0.94000244,1.2592852,1.4305115e-05,91.52535
2017-10-19 14:00:00,12.774231,11.099884,100214.11,0.0,1.0,1.2740183,0.0,89.546486
2017-10-19 15:00:00,13.057495,10.058258,100226.72,10.471111,0.94747925,1.3222114,0.0,82.00634
2017-10-19 16:00:00,13.380463,10.03949,100264.72,85.973335,0.97128296,1.1884404,0.0,80.19451
2017-10-19 17:00:00,14.096619,9.976593,100268.45,278.9689,0.8969116,1.4068861,0.0,76.224106
2017-10-19 18:00:00,15.148224,10.6371155,100270.84,311.1111,0.91622925,1.8442053,0.0,74.43195
2017-10-19 19:00:00,16.010834,11.078674,100258.234,309.81332,0.91311646,2.4054174,0.0,72.526764
2017-10-19 20:00:00,16.970795,11.308624,100205.79,338.15112,0.9780884,2.843208,0.0,69.27634
2017-10-19 21:00:00,17.950867,10.079254,100136.72,432.0711,0.993103,3.1410723,0.0,59.998398
2017-10-19 22:00:00,17.749603,12.410492,100052.22,380.2489,1.0,2.8123841,0.0,70.92083
2017-10-19 23:00:00,17.143372,12.096039,100013.07,256.03555,0.9249878,2.850979,0.0,72.18166
2017-10-20 00:00:00,17.215607,12.2821045,99980.75,218.6311,0.8274536,2.8728528,4.7683716e-07,72.73754
2017-10-20 01:00:00,16.770966,12.709503,99941.85,75.57333,1.0,2.7267034,4.7683716e-06,76.946655
2017-10-20 02:00:00,16.532898,12.796967,99930.53,3.8044446,0.90997314,2.7503514,2.861023e-06,78.56909
2017-10-20 03:00:00,16.21872,14.156769,99914.8,0.0,0.99438477,3.6934395,3.33786e-06,87.58352
2017-10-20 04:00:00,16.92685,14.786346,99924.51,0.0,1.0,3.955365,5.2452087e-06,87.20407
2017-10-20 05:00:00,16.836487,14.671417,99908.31,0.0,0.84994507,4.332492,1.04904175e-05,87.05759
2017-10-20 06:00:00,16.822906,15.053864,99885.64,0.0,1.0,4.772064,0.00054883957,89.30734
2017-10-20 07:00:00,15.981781,14.313324,99923.25,0.0,1.0,5.037938,0.0013494492,89.82475
2017-10-20 08:00:00,14.469147,12.857056,100019.43,0.0,1.0,6.1721063,0.0028409958,90.04284
2017-10-20 09:00:00,13.836456,12.3784485,100113.0,0.0,0.8856201,4.557341,0.00057792664,90.91266
2017-10-20 10:00:00,12.281616,11.021515,100177.2,0.0,0.89871216,2.620651,1.1444092e-05,92.00923
2017-10-20 11:00:00,11.883209,10.452728,100194.05,0.0,0.60684204,2.0883148,9.536743e-07,90.94626
2017-10-20 12:00:00,11.664886,10.421478,100284.45,0.0,0.8175049,1.5995324,0.00022411346,92.074585
2017-10-20 13:00:00,11.853027,10.526611,100366.766,0.0,0.8800354,1.1929423,2.002716e-05,91.5777
2017-10-20 14:00:00,12.29007,10.215729,100433.17,0.0,0.308136,1.2550255,6.1035156e-05,87.151184
2017-10-20 15:00:00,12.181824,8.783112,100461.65,16.071112,0.5519104,0.9573128,5.340576e-05,79.71555
2017-10-20 16:00:00,12.91861,8.902863,100504.94,111.28889,0.10443115,1.0942986,1.4305115e-05,76.56982
2017-10-20 17:00:00,13.7447815,9.398254,100585.24,307.27112,0.71139526,1.3984565,1.2397766e-05,75.01625
2017-10-20 18:00:00,14.008636,9.760101,100625.41,507.48444,0.2786255,2.125411,5.722046e-06,75.55604
2017-10-20 19:00:00,15.196503,9.144745,100645.8,614.54224,0.8221741,3.2128298,2.002716e-05,67.13953
2017-10-20 20:00:00,15.67337,8.832245,100655.19,628.1067,0.72351074,3.958694,3.33786e-06,63.757042
2017-10-20 21:00:00,16.098053,7.5871887,100650.03,594.2222,0.1741333,4.4775033,0.0,57.01807
2017-10-20 22:00:00,16.062225,8.818512,100625.375,537.13776,0.99121094,4.390801,0.0,62.133213
2017-10-20 23:00:00,15.488617,8.865753,100661.15,407.37778,0.5345764,4.462827,0.0,64.662834
2017-10-21 00:00:00,14.9852295,8.950592,100668.17,279.9822,0.12619019,4.4663787,0.0,67.17289
2017-10-21 01:00:00,14.139008,8.9722595,100641.625,123.59111,0.063690186,3.895239,0.0,71.05151
2017-10-21 02:00:00,13.469482,9.43985,100675.86,5.76,0.4055786,3.690964,0.0,76.58656
2017-10-21 03:00:00,12.807098,10.981171,100737.42,0.0,0.855011,3.2384515,0.0,88.652245
2017-10-21 04:00:00,12.352905,10.508118,100764.15,0.0,0.9981384,2.87716,0.0,88.50279
2017-10-21 05:00:00,12.586761,10.545288,100796.45,0.0,0.9299927,2.6524696,0.0,87.370316
2017-10-21 06:00:00,12.399963,10.381531,100870.91,0.0,0.4562683,2.3781881,0.0,87.48748
2017-10-21 07:00:00,12.122101,10.022156,100858.17,0.0,0.22192383,2.0075498,0.0,86.986145
2017-10-21 08:00:00,12.013336,9.6788025,100844.94,0.0,0.7499695,1.9287438,0.0,85.61818
2017-10-21 09:00:00,11.757721,9.0346985,100895.17,0.0,0.86743164,2.079123,0.0,83.380554
2017-10-21 10:00:00,10.80069,8.609497,100875.16,0.0,0.9281006,0.39088124,0.0,86.32465
2017-10-21 11:00:00,9.9687805,7.6004944,100885.39,0.0,0.96810913,0.92025566,0.0,85.20565
2017-10-21 12:00:00,9.629089,7.287506,100894.664,0.0,0.018737793,0.9482638,0.0,85.32459
2017-10-21 13:00:00,9.401184,6.8026123,100944.06,0.0,0.8406372,1.1919143,0.0,83.80934
2017-10-21 14:00:00,9.859711,7.185211,100993.31,0.0,0.9393921,1.1356398,0.0,83.42846
2017-10-21 15:00:00,10.670929,6.093109,101061.51,14.542222,0.9181824,0.73221815,0.0,73.309395
2017-10-21 16:00:00,12.034821,6.9547424,101077.7,136.81778,0.7837219,0.6203361,0.0,71.068344
2017-10-21 17:00:00,13.188751,5.5971985,101117.34,327.64444,0.4800415,1.374539,0.0,59.998737
2017-10-21 18:00:00,15.065521,6.2329407,101158.92,494.45334,0.5375366,2.3186731,0.0,55.51366
2017-10-21 19:00:00,16.226349,6.776062,101161.47,608.48,0.035003662,2.6523235,0.0,53.49801
2017-10-21 20:00:00,17.078705,7.5851135,101143.01,664.3555,0.054382324,3.1009078,0.0,53.562637
2017-10-21 21:00:00,18.496124,5.7504883,101081.75,657.17334,0.027496338,3.258712,0.0,43.1805
2017-10-21 22:00:00,18.884552,6.6376038,101056.61,589.1911,0.0,3.4943752,0.0,44.80405
2017-10-21 23:00:00,18.943512,7.582306,101057.16,465.2978,0.0,3.0364304,0.0,47.62385
2017-10-22 00:00:00,18.454071,8.927155,101082.85,299.07556,0.0,2.687971,0.0,53.79944
2017-10-22 01:00:00,17.359589,9.871185,101090.5,116.568886,0.0,2.4795632,0.0,61.416958
2017-10-22 02:00:00,16.034515,10.494598,101142.266,4.8177776,0.0,2.7278357,0.0,69.65664
2017-10-22 03:00:00,14.308838,12.60025,101215.55,0.0,0.0,2.5664814,0.0,89.463135
2017-10-22 04:00:00,14.223053,12.70993,101230.14,0.0,0.0,2.0054376,0.0,90.61085
2017-10-22 05:00:00,13.984558,12.657562,101263.7,0.0,0.0,1.075882,0.0,91.70751
2017-10-22 06:00:00,13.3497925,12.004517,101256.016,0.0,0.0,1.2088478,0.0,91.55777
2017-10-22 07:00:00,14.000885,12.151093,101288.56,0.0,0.0,1.0719687,0.0,88.61211
2017-10-22 08:00:00,12.54184,11.017242,101305.95,0.0,0.0,1.5615755,0.0,90.42393
2017-10-22 09:00:00,11.799713,10.972107,101344.67,0.0,0.0,1.5995172,0.0,94.6664
2017-10-22 10:00:00,10.673035,10.016174,101369.266,0.0,0.8334656,1.1210884,0.0,95.70875
2017-10-22 11:00:00,10.401367,9.680908,101375.34,0.0,0.6866455,1.2690915,0.0,95.29219
2017-10-22 12:00:00,11.433197,10.496857,101360.41,0.0,0.46154785,1.0099881,0.0,93.96781
2017-10-22 13:00:00,11.523407,10.698303,101344.87,0.0,0.4522705,0.8587364,0.0,94.670906
2017-10-22 14:00:00,10.213623,9.738007,101344.37,0.0,0.39413452,1.0010338,0.0,96.865105
2017-10-22 15:00:00,10.476318,9.30722,101425.17,15.591111,0.3164673,0.9183898,0.0,92.46466
2017-10-22 16:00:00,12.784393,10.364166,101491.73,158.04445,0.22375488,1.2101102,0.0,85.20973
2017-10-22 17:00:00,14.427155,10.615509,101471.22,347.27112,0.1987915,1.5150151,0.0,77.86305
2017-10-22 18:00:00,16.436249,10.563446,101469.25,509.47556,0.0,1.9988965,0.0,68.206955
2017-10-22 19:00:00,18.122894,11.078766,101418.89,626.36444,0.0,2.4305894,0.0,63.44124
2017-10-22 20:00:00,19.48404,11.570404,101375.86,684.99554,0.0,2.9845176,0.0,60.193813
2017-10-22 21:00:00,20.355011,10.334198,101303.734,657.86664,0.0,3.4110026,0.0,52.531433
2017-10-22 22:00:00,21.016022,11.19046,101246.91,604.32,0.007507324,3.1206162,0.0,53.391373
2017-10-22 23:00:00,21.006653,11.301788,101201.95,473.54666,0.0,2.9209626,0.0,53.81792
2017-10-23 00:00:00,20.360931,11.5286255,101160.44,302.6489,0.0,2.5313547,0.0,56.85102
2017-10-23 01:00:00,19.740082,12.556183,101141.97,115.21778,0.0,2.0565217,0.0,63.21852
2017-10-23 02:00:00,17.717804,11.082764,101115.27,4.3733335,0.014984131,1.4314421,0.0,65.097336
2017-10-23 03:00:00,16.227509,12.937408,101157.64,0.0,0.007507324,1.2644783,0.0,80.85261
2017-10-23 04:00:00,15.779266,13.231781,101170.484,0.0,0.02999878,1.4699901,0.0,84.81784
2017-10-23 05:00:00,14.804352,12.740692,101175.516,0.0,0.037506104,1.2168144,0.0,87.4458
2017-10-23 06:00:00,16.000275,13.859772,101201.83,0.0,0.08251953,0.88343537,0.0,87.11835
2017-10-23 07:00:00,15.40033,13.422028,101148.55,0.0,0.090026855,1.0294005,0.0,87.98834
2017-10-23 08:00:00,15.016205,13.069916,101106.34,0.0,0.11251831,1.2832959,0.0,88.138985
2017-10-23 09:00:00,13.909149,12.810577,101074.61,0.0,0.02999878,1.2982945,0.0,93.08633
2017-10-23 10:00:00,13.138245,12.027008,101076.7,0.0,0.037506104,1.1322614,0.0,92.96849
2017-10-23 11:00:00,12.93692,12.185944,101063.59,0.0,0.0,0.20844331,0.0,95.19142
2017-10-23 12:00:00,13.018036,12.256744,101057.555,0.0,0.014984131,0.32946712,0.0,95.12983
2017-10-23 13:00:00,12.791718,12.092957,101043.28,0.0,0.7501831,0.55594116,0.0,95.51408
2017-10-23 14:00:00,12.69693,11.916595,101024.234,0.0,0.7501831,0.34741452,0.0,94.9985
2017-10-23 15:00:00,12.87027,10.603546,101063.29,12.746667,0.7501831,1.1440237,9.536743e-07,86.09562
2017-10-23 16:00:00,16.32135,12.4758,101092.625,127.00445,0.7501831,1.8358682,0.0,77.974945
2017-10-23 17:00:00,20.377045,10.623627,101101.94,298.06223,0.014984131,1.933207,0.0,53.48256
2017-10-23 18:00:00,23.496124,10.226105,101094.7,477.77777,0.0,2.7672997,0.0,43.0493
2017-10-23 19:00:00,24.85669,10.670197,101026.375,605.49335,0.0,4.0644894,0.0,40.864933
2017-10-23 20:00:00,26.283508,11.143036,100976.78,661.81335,0.0,4.182016,0.0,38.74143
2017-10-23 21:00:00,27.913269,9.499695,100869.23,655.2711,0.0,4.057872,0.0,31.544247
2017-10-23 22:00:00,28.256561,11.561371,100803.59,586.61334,0.0,2.5636559,0.0,35.475082
2017-10-23 23:00:00,28.11856,11.3871155,100750.875,462.16888,0.0,1.5290639,0.0,35.351536
2017-10-24 00:00:00,26.979034,11.218048,100743.42,295.53778,0.0,1.5957881,0.0,37.37023
2017-10-24 01:00:00,25.26651,12.380768,100734.43,111.82222,0.0,2.301398,0.0,44.65606
2017-10-24 02:00:00,22.256165,11.193665,100737.14,3.5911112,0.007507324,2.0869899,0.0,49.499203
2017-10-24 03:00:00,20.510834,14.102264,100760.63,0.0,0.014984131,1.5239823,0.0,66.668434
2017-10-24 04:00:00,19.795715,13.062317,100767.586,0.0,0.008148193,1.517618,0.0,65.12398
2017-10-24 05:00:00,18.803497,12.621399,100764.44,0.0,0.0,1.5848869,0.0,67.30518
2017-10-24 06:00:00,17.707153,12.402405,100782.78,0.0,0.023773193,1.7361774,0.0,71.073135
2017-10-24 07:00:00,17.086884,12.0466,100750.7,0.0,0.093170166,2.1165977,0.0,72.20488
2017-10-24 08:00:00,16.569427,11.1874695,100733.41,0.0,0.015625,2.6706305,0.0,70.49658
2017-10-24 09:00:00,16.098602,11.068024,100722.3,0.0,0.008148193,2.7149348,0.0,72.07037
2017-10-24 10:00:00,15.600433,11.152313,100690.27,0.0,0.007507324,1.5107422,0.0,74.82146
2017-10-24 11:00:00,14.4045105,10.791046,100691.516,0.0,0.0,1.6268927,0.0,78.89391
2017-10-24 12:00:00,14.23642,11.141083,100708.56,0.0,0.0,1.7103528,0.0,81.6338
2017-10-24 13:00:00,14.109589,11.3246155,100725.67,0.0,0.0,1.6116683,0.0,83.31531
2017-10-24 14:00:00,14.12912,11.437225,100732.26,0.0,0.0,1.4501017,0.0,83.832794
2017-10-24 15:00:00,14.540436,10.08017,100747.09,13.6,0.0,1.3293974,0.0,74.58077
2017-10-24 16:00:00,18.080597,11.017609,100774.8,152.24889,0.0,1.099665,0.0,63.352364
2017-10-24 17:00:00,21.932953,11.325226,100788.914,337.99112,0.0,1.3311157,0.0,50.926968
2017-10-24 18:00:00,24.881622,11.285522,100755.81,499.43112,0.0,1.9140666,0.0,42.506863
2017-10-24 19:00:00,27.237152,11.9687805,100703.45,611.55554,0.0,2.099079,0.0,38.680965
2017-10-24 20:00:00,29.25943,12.767487,100615.984,667.3422,0.0,2.6021276,0.0,36.234486
2017-10-24 21:00:00,31.141632,10.781921,100533.17,655.3778,0.037506104,2.8807938,0.0,28.525581
2017-10-24 22:00:00,31.500397,10.573822,100433.68,588.85333,0.1781311,1.7321689,0.0,27.563818
2017-10-24 23:00:00,31.4487,10.520966,100412.53,460.99554,0.060638428,1.7139586,0.0,27.547781
2017-10-25 00:00:00,30.820465,11.649109,100422.59,293.5822,0.0,1.8273213,0.0,30.77346
2017-10-25 01:00:00,27.287445,12.00473,100389.32,108.53333,0.0,2.193278,0.0,38.65846
2017-10-25 02:00:00,24.014374,10.326569,100407.3,3.0222223,0.0,1.8513728,0.0,42.007103
2017-10-25 03:00:00,21.806,14.494385,100424.45,0.0,0.0,1.575054,0.0,63.15286
2017-10-25 04:00:00,20.480865,13.850159,100419.33,0.0,0.0,1.5152172,0.0,65.707924
2017-10-25 05:00:00,19.311676,13.20285,100444.44,0.0,0.0,1.6123706,0.0,67.73285
2017-10-25 06:00:00,19.104492,12.035309,100410.65,0.0,0.0,1.5961496,0.0,63.554993
2017-10-25 07:00:00,19.844543,10.476959,100409.88,0.0,0.086242676,1.7436717,0.0,54.73749
2017-10-25 08:00:00,19.594147,10.013214,100368.97,0.0,0.22940063,1.7687222,0.0,53.89883
2017-10-25 09:00:00,18.585358,9.323456,100342.95,0.0,0.4362793,1.4490317,0.0,54.80347
2017-10-25 10:00:00,17.73935,10.542267,100302.44,0.0,0.4043579,2.1606946,0.0,62.712906
2017-10-25 11:00:00,16.762909,9.950623,100261.836,0.0,0.0,1.3465381,0.0,64.12425
2017-10-25 12:00:00,16.654144,10.212921,100258.69,0.0,0.0,0.95412403,0.0,65.71223
2017-10-25 13:00:00,16.34433,10.055786,100236.97,0.0,0.0,0.8641955,0.0,66.32021
2017-10-25 14:00:00,16.485199,10.439606,100242.0,0.0,0.0,0.6417989,0.0,67.435455
2017-10-25 15:00:00,16.670807,7.194977,100238.82,12.568889,0.0,0.33256125,0.0,53.520863
2017-10-25 16:00:00,18.212372,8.681641,100294.4,148.87111,0.0,0.20741287,0.0,53.72282
2017-10-25 17:00:00,20.874725,9.843414,100294.31,333.72446,0.0,0.7927484,0.0,49.23074
2017-10-25 18:00:00,23.652863,7.87735,100256.28,494.08,0.0,1.177253,0.0,36.395504
2017-10-25 19:00:00,26.10608,8.386749,100189.266,606.7022,0.0,1.3202069,0.0,32.541336
2017-10-25 20:00:00,27.989777,9.479584,100090.016,662.1689,0.0,1.3257632,0.0,31.361216
2017-10-25 21:00:00,29.615814,7.1262207,100003.875,654.56,0.0,1.4207667,0.0,24.325228
2017-10-25 22:00:00,29.014008,10.098419,99914.484,584.2489,0.0,1.4140455,0.0,30.799856
2017-10-25 23:00:00,28.959564,10.802795,99872.21,457.74222,0.0,1.598004,0.0,32.383823
2017-10-26 00:00:00,27.901733,11.134186,99865.234,288.60443,0.0,1.9024162,0.0,35.206463
2017-10-26 01:00:00,25.593597,11.709595,99858.55,105.12,0.0,1.8282447,0.0,41.900978
2017-10-26 02:00:00,21.517365,9.582092,99866.555,2.5244443,0.0,2.018093,0.0,46.503006
2017-10-26 03:00:00,19.39853,12.962524,99864.34,0.0,0.0,1.3540444,0.0,66.31765
2017-10-26 04:00:00,18.349213,12.934296,99856.92,0.0,0.0,1.3113549,0.0,70.6822
2017-10-26 05:00:00,17.593353,12.57901,99898.34,0.0,0.0,1.045146,0.0,72.42014
2017-10-26 06:00:00,17.926758,12.311188,99880.92,0.0,0.0,0.4276889,0.0,69.67747
2017-10-26 07:00:00,17.70456,11.869476,99871.016,0.0,0.0,0.17651887,0.0,68.633766
2017-10-26 08:00:00,16.776031,11.056702,99823.734,0.0,0.0,0.23121431,0.0,68.975624
2017-10-26 09:00:00,16.030579,10.91153,99826.63,0.0,0.0,0.36370516,0.0,71.635506
2017-10-26 10:00:00,15.5408325,11.585571,99815.34,0.0,0.0,1.3042574,0.0,77.294525
2017-10-26 11:00:00,14.647736,11.270233,99785.55,0.0,0.0,1.2344929,0.0,80.17485
2017-10-26 12:00:00,14.549286,11.725403,99797.81,0.0,0.0,1.2161323,0.0,83.153435
2017-10-26 13:00:00,14.575104,12.207916,99809.6,0.0,0.0,0.9875083,0.0,85.69806
2017-10-26 14:00:00,14.20932,12.282257,99833.984,0.0,0.0,1.1797434,0.0,88.18039
2017-10-26 15:00:00,14.635681,11.094147,99868.89,11.697778,0.0,1.1257577,0.0,79.30552
2017-10-26 16:00:00,17.116241,12.740448,99947.8,146.41777,0.0,0.3717174,0.0,75.432556
2017-10-26 17:00:00,19.670593,12.423981,99986.266,331.62668,0.0,0.19864644,0.0,62.943207
2017-10-26 18:00:00,22.455048,12.401672,99969.41,492.94223,0.0,0.43039796,0.0,52.96314
2017-10-26 19:00:00,25.34082,10.660522,99936.93,604.69336,0.0,0.6594626,0.0,39.67633
2017-10-26 20:00:00,27.804718,10.555634,99904.266,660.6222,0.0,1.476528,0.0,34.07006
2017-10-26 21:00:00,29.52301,7.5303345,99872.51,651.30664,0.0,1.7700199,0.0,25.141146
2017-10-26 22:00:00,28.974915,11.229401,99847.08,577.88446,0.0,1.131996,0.0,33.28493
2017-10-26 23:00:00,29.660126,11.824158,99829.984,452.62222,0.0,1.0468541,0.0,33.276127
2017-10-27 00:00:00,28.52353,12.370087,99835.055,282.98666,0.0,1.2087781,0.0,36.840916
2017-10-27 01:00:00,26.121002,12.732208,99854.01,101.49333,0.0,1.7627072,0.0,43.437237
2017-10-27 02:00:00,21.999146,10.761902,99898.62,2.0622222,0.014984131,1.9806381,0.0,48.8592
2017-10-27 03:00:00,19.318085,12.583405,99946.69,0.0,0.00064086914,1.9105785,0.0,65.01564
2017-10-27 04:00:00,18.21283,12.582062,99958.64,0.0,0.0018920898,1.2429749,0.0,69.6636
2017-10-27 05:00:00,18.433685,12.398834,100017.03,0.0,0.00064086914,0.75040066,0.0,67.88299
2017-10-27 06:00:00,18.165741,12.027496,100054.86,0.0,0.0,0.426512,0.0,67.36812
2017-10-27 07:00:00,17.27591,12.100342,100068.08,0.0,0.0262146,0.79280216,0.0,71.59888
2017-10-27 08:00:00,16.019348,12.629303,100050.25,0.0,0.055541992,1.1113209,0.0,80.297
2017-10-27 09:00:00,15.836029,12.793915,100092.79,0.0,0.0025024414,0.85937446,0.0,82.12488
2017-10-27 10:00:00,14.840057,12.910614,100073.016,0.0,0.0093688965,1.4990997,0.0,88.22096
2017-10-27 11:00:00,13.772614,12.156494,100095.16,0.0,0.007507324,0.55556893,0.0,89.967636
2017-10-27 12:00:00,13.722626,12.418823,100121.58,0.0,0.0,0.4666164,0.0,91.83112
2017-10-27 13:00:00,13.685577,12.648773,100149.51,0.0,0.0,0.7915585,0.0,93.45255
2017-10-27 14:00:00,13.477142,12.5746765,100157.09,0.0,0.0,0.8454622,0.0,94.26999
2017-10-27 15:00:00,13.76001,10.684692,100208.04,10.613334,0.0,0.98854506,0.0,81.680885
2017-10-27 16:00:00,16.43338,12.62735,100284.86,142.7911,0.0,0.5886041,0.0,78.19422
2017-10-27 17:00:00,18.34616,11.994415,100308.19,326.93332,0.0,0.3117569,0.0,66.46409
2017-10-27 18:00:00,20.453186,11.5694275,100292.234,487.9289,0.0,0.5243149,0.0,56.680676
2017-10-27 19:00:00,23.077301,12.109955,100257.34,600.33777,0.0,0.75348455,0.0,50.031063
2017-10-27 20:00:00,25.234406,12.635956,100179.086,657.56445,0.0,1.2379531,0.0,45.497402
2017-10-27 21:00:00,26.249817,8.226074,100110.47,650.7733,0.0,1.6617618,0.0,31.915903
2017-10-27 22:00:00,26.652252,10.817291,100036.63,579.48444,0.0,2.1254632,0.0,37.095596
2017-10-27 23:00:00,27.041656,11.814911,100032.31,451.7689,0.0,2.0866454,0.0,38.73258
2017-10-28 00:00:00,25.477295,11.354675,100015.25,269.74222,0.0,1.8453041,0.0,41.2126
2017-10-28 01:00:00,22.273956,12.302368,99997.76,88.81778,0.0,1.596514,0.0,53.201817
2017-10-28 02:00:00,18.990143,9.706482,100031.516,1.44,0.0,1.3933372,0.0,54.826878
2017-10-28 03:00:00,16.541107,12.769379,100060.81,0.0,0.037506104,1.1042889,0.0,78.38627
2017-10-28 04:00:00,15.865265,12.89267,100059.02,0.0,0.022491455,0.9985167,4.7683716e-07,82.50321
2017-10-28 05:00:00,15.437164,13.062653,100105.58,0.0,0.022491455,1.3328437,0.0,85.745384
2017-10-28 06:00:00,14.778839,12.745575,100109.0,0.0,0.04562378,1.3098394,0.0,87.61784
2017-10-28 07:00:00,14.408112,12.455261,100113.766,0.0,0.04562378,1.1167965,0.0,88.04831
2017-10-28 08:00:00,13.4758,11.500336,100096.805,0.0,0.02999878,1.0157182,0.0,87.83505
2017-10-28 09:00:00,12.806366,11.538971,100088.6,0.0,0.02999878,1.1014922,0.0,91.99627
2017-10-28 10:00:00,11.4982605,10.502899,100079.79,0.0,0.7501831,0.85252506,0.0,93.60172
2017-10-28 11:00:00,11.469879,10.42276,100071.625,0.0,0.7426758,1.4091619,0.0,93.27771
2017-10-28 12:00:00,11.293976,10.430023,100090.875,0.0,0.75268555,1.1594484,0.0,94.4165
2017-10-28 13:00:00,11.42691,10.644745,100089.99,0.0,0.7688904,0.78493667,0.0,94.93817
2017-10-28 14:00:00,11.68457,10.972076,100089.86,0.0,0.7533264,0.7438243,0.0,95.38884
2017-10-28 15:00:00,12.134491,9.671814,100109.88,6.648889,0.755188,0.8780758,0.0,84.897766
2017-10-28 16:00:00,12.820709,10.738647,100145.72,91.05778,0.7514343,0.73598874,9.536743e-07,87.156166
2017-10-28 17:00:00,13.5784,10.8871765,100162.766,201.03111,0.2850647,0.7515727,0.0,83.7728
2017-10-28 18:00:00,14.879486,10.261536,100137.875,359.50223,0.120025635,0.78989935,0.0,73.856895
2017-10-28 19:00:00,16.854523,10.710968,100080.36,545.31555,0.045013428,0.9754924,0.0,67.07299
2017-10-28 20:00:00,18.02005,11.736664,100009.47,575.2178,0.02999878,1.2913193,0.0,66.69606
2017-10-28 21:00:00,19.230988,10.758148,99930.69,630.88,0.014984131,1.7400647,0.0,57.941837
2017-10-28 22:00:00,21.078156,12.294495,99909.35,570.3111,0.0,2.3698082,0.0,57.210873
2017-10-28 23:00:00,20.157837,12.57724,99925.25,442.9689,0.02999878,2.563383,0.0,61.68749
2017-10-29 00:00:00,18.273376,11.341278,99910.61,255.53778,0.014984131,2.478956,0.0,63.94798
2017-10-29 01:00:00,16.930511,11.471405,99906.92,85.17333,0.02999878,2.1477365,0.0,70.20634
2017-10-29 02:00:00,15.089142,11.618561,99932.305,1.12,0.007507324,2.007718,0.0,79.7437
2017-10-29 03:00:00,13.612152,12.669098,99957.14,0.0,0.014984131,1.7717236,0.0,94.02534
2017-10-29 04:00:00,13.156464,12.553253,99974.64,0.0,0.15066528,1.6492051,0.0,96.12765
2017-10-29 05:00:00,12.954468,12.274811,100016.66,0.0,0.72268677,1.362913,0.0,95.63975
2017-10-29 06:00:00,13.235809,12.674194,100014.875,0.0,0.76641846,1.2433151,0.0,96.39258
2017-10-29 07:00:00,13.231781,12.576843,100022.9,0.0,0.8817444,1.1294372,0.0,95.80423
2017-10-29 08:00:00,13.2899475,12.478363,100000.5,0.0,0.94854736,1.053674,0.0,94.82627
2017-10-29 09:00:00,12.726654,12.271149,99994.94,0.0,0.952301,1.1384478,0.0,97.0537
2017-10-29 10:00:00,12.254364,11.751648,99994.21,0.0,0.9987488,1.239082,4.7683716e-07,96.74096
2017-10-29 11:00:00,11.970612,11.637909,99946.15,0.0,0.98931885,1.8192037,0.0,97.82773
2017-10-29 12:00:00,11.911652,11.7099,99945.8,0.0,0.9805298,1.8812706,0.0,98.67709
2017-10-29 13:00:00,11.828644,11.410126,99943.39,0.0,0.9824219,1.2156808,1.4781952e-05,97.27121
2017-10-29 14:00:00,12.101349,11.673492,99926.41,0.0,0.98431396,0.6775597,4.7683716e-07,97.21695
2017-10-29 15:00:00,12.447968,10.779999,99934.945,5.3155556,0.97927856,0.6199743,0.0,89.55918
2017-10-29 16:00:00,12.733734,10.761017,99985.67,91.37778,0.9654846,0.7493819,2.3841858e-06,87.7848
2017-10-29 17:00:00,12.548798,10.3172,100013.34,224.24889,0.9654846,1.0921493,9.536743e-07,86.26524
2017-10-29 18:00:00,13.0448,10.345673,100034.78,357.76,0.9288635,1.8180001,0.0,83.666565
2017-10-29 19:00:00,13.667633,10.536774,100012.19,474.43555,0.8656616,1.9560186,9.536743e-07,81.367134
2017-10-29 20:00:00,14.042084,10.605713,99972.42,486.54224,0.88186646,1.8609284,0.0,79.77744
2017-10-29 21:00:00,14.753937,8.693329,99909.33,511.2,0.88998413,1.872881,0.0,67.00662
2017-10-29 22:00:00,15.54007,10.366791,99864.37,398.24,0.988739,1.1844056,0.0,71.28555
2017-10-29 23:00:00,15.963562,10.760956,99842.97,337.99112,0.9649658,1.3632122,0.0,71.22595
2017-10-30 00:00:00,15.762665,10.499054,99811.266,216.0,0.94747925,1.3683244,0.0,70.899155
2017-10-30 01:00:00,15.404327,10.357025,99807.05,73.35111,0.9328613,1.631473,0.0,71.86218
2017-10-30 02:00:00,14.458801,10.364288,99832.016,0.9066667,0.6532898,2.0366158,0.0,76.412735
2017-10-30 03:00:00,13.395477,12.284271,99863.734,0.0,0.828125,1.7084116,0.0,92.98229
2017-10-30 04:00:00,13.052612,12.1059265,99838.42,0.0,0.9491577,1.4023808,4.7683716e-07,93.97751
2017-10-30 05:00:00,12.817383,11.690338,99876.06,0.0,0.9573059,1.6061218,0.0,92.854454
2017-10-30 06:00:00,12.990936,11.630402,99903.92,0.0,0.9635925,1.8741711,0.0,91.442825
2017-10-30 07:00:00,13.148193,11.793304,99917.16,0.0,0.96987915,1.9542252,0.0,91.48697
2017-10-30 08:00:00,13.203033,11.608124,99852.49,0.0,0.9579468,2.0562613,9.536743e-07,90.05144
2017-10-30 09:00:00,12.799194,11.784088,99878.23,0.0,0.99246216,2.2253976,0.0,93.54255
2017-10-30 10:00:00,12.669281,11.156708,99853.78,0.0,0.9586792,2.981057,9.536743e-07,90.50518
2017-10-30 11:00:00,12.752991,11.207428,99840.0,0.0,0.98065186,2.8993943,9.536743e-07,90.31331
2017-10-30 12:00:00,12.859619,11.043121,99841.555,0.0,1.0,3.2630916,0.0,88.71215
2017-10-30 13:00:00,12.702301,11.177216,99842.95,0.0,1.0,2.7187,0.0,90.43242
2017-10-30 14:00:00,12.760834,10.9618225,99807.92,0.0,1.0,2.8388858,0.0,88.807076
2017-10-30 15:00:00,13.065491,10.342865,99842.17,5.351111,0.9981079,2.9753218,0.0,83.53783
2017-10-30 16:00:00,12.9045105,9.817902,99877.46,74.09778,0.9949646,3.2317529,9.536743e-07,81.50807
2017-10-30 17:00:00,13.263428,9.797638,99879.4,233.74222,0.98065186,3.5010657,9.536743e-07,79.510284
2017-10-30 18:00:00,14.095551,10.634399,99893.3,328.3911,0.88305664,3.8789651,0.0,79.65337
2017-10-30 19:00:00,14.456757,10.816101,99877.33,413.44,0.8781433,4.2615232,0.0,78.75896
2017-10-30 20:00:00,14.973297,11.013336,99854.83,490.24,0.8518982,4.4588084,0.0,77.182274
2017-10-30 21:00:00,15.64444,9.680878,99802.86,502.08,0.82876587,4.681031,0.0,67.63244
2017-10-30 22:00:00,15.158966,9.865784,99789.234,450.09778,0.5175171,4.8005304,0.0,70.64396
2017-10-30 23:00:00,15.21225,10.097168,99756.516,373.31555,0.66430664,5.1908016,0.0,71.50169
2017-10-31 00:00:00,14.685944,9.899139,99745.125,207.09334,0.52182007,4.9735804,0.0,72.99304
2017-10-31 01:00:00,13.815277,9.1597595,99753.55,69.742226,0.5348816,4.3930564,9.536743e-07,73.48365
2017-10-31 02:00:00,13.612946,8.9782715,99759.19,0.6933333,0.37753296,3.5209315,0.0,73.551094
2017-10-31 03:00:00,13.101868,10.499786,99764.53,0.0,0.47628784,2.9539783,4.7683716e-07,84.216736
2017-10-31 04:00:00,13.230072,10.270996,99755.375,0.0,0.4762268,2.5388675,9.536743e-07,82.24877
2017-10-31 05:00:00,13.279327,10.129059,99784.05,0.0,0.5480652,2.3243039,0.0,81.210556
2017-10-31 06:00:00,13.28244,9.931671,99806.28,0.0,0.64489746,2.1394732,9.536743e-07,80.1283
2017-10-31 07:00:00,13.116547,9.371277,99852.47,0.0,0.65982056,2.0024757,4.7683716e-06,78.01001
2017-10-31 08:00:00,12.805817,9.104645,99847.14,0.0,0.6310425,1.6665856,1.9073486e-06,78.194885
2017-10-31 09:00:00,12.7256775,9.767181,99849.625,0.0,0.5697937,1.1812365,9.536743e-07,82.18828
2017-10-31 10:00:00,11.59079,9.045258,99850.69,0.0,0.7430725,1.4767495,0.0,84.365456
2017-10-31 11:00:00,11.848938,8.693054,99849.92,0.0,0.6305542,0.4835523,0.0,80.98893
2017-10-31 12:00:00,11.620697,8.351654,99862.484,0.0,0.5930481,0.5311055,0.0,80.3394
2017-10-31 13:00:00,11.10495,8.290619,99899.31,0.0,0.66433716,1.1096257,0.0,82.78793
2017-10-31 14:00:00,11.185394,8.554077,99928.51,0.0,0.5370178,1.5064511,0.0,83.83123
2017-10-31 15:00:00,11.2153015,7.9823914,99975.484,6.5066667,0.42266846,1.3551358,0.0,80.480644
2017-10-31 16:00:00,13.32962,8.899231,100067.28,112.64,0.22634888,1.2183341,0.0,74.522766
2017-10-31 17:00:00,13.931793,8.574554,100083.414,286.72,0.17611694,1.4179304,0.0,70.10261
2017-10-31 18:00:00,15.260162,9.2378845,100091.84,462.93332,0.018829346,1.4266633,0.0,67.28635
2017-10-31 19:00:00,16.447784,9.491119,100086.75,565.35114,0.01626587,1.2169317,0.0,63.4359
2017-10-31 20:00:00,17.001923,9.353058,100029.055,628.4978,0.0,0.722784,0.0,60.67517
2017-10-31 21:00:00,18.026093,8.119446,99951.34,618.4711,0.0,0.55346197,0.0,52.32252
2017-10-31 22:00:00,18.383667,9.737518,99923.59,549.70667,0.0018615723,1.6369436,0.0,57.066845
2017-10-31 23:00:00,18.203522,10.132416,99890.234,424.99554,0.0,2.0289905,0.0,59.263092
2017-11-01 00:00:00,16.900879,9.806244,99883.195,258.7911,0.0,2.387287,0.0,62.95293
2017-11-01 01:00:00,15.834747,10.300201,99940.11,83.28889,0.0,2.359496,0.0,69.64239
2017-11-01 02:00:00,14.744232,10.333069,99987.99,0.5688889,0.0,2.2331476,0.0,74.860725
2017-11-01 03:00:00,13.283295,11.912964,100042.17,0.0,0.0,1.9029862,0.0,91.40241
2017-11-01 04:00:00,12.827789,11.739746,100055.34,0.0,0.0,1.4304016,0.0,93.09454
2017-11-01 05:00:00,12.615387,11.3489685,100098.72,0.0,0.0,0.943772,0.0,91.99073
2017-11-01 06:00:00,13.551544,11.3966675,100104.01,0.0,0.007507324,0.2147481,0.0,86.80504
2017-11-01 07:00:00,13.708649,11.803192,100114.52,0.0,0.007507324,0.19932999,0.0,88.262825
2017-11-01 08:00:00,13.354218,11.336853,100091.94,0.0,0.03366089,0.3197498,0.0,87.58079
2017-11-01 09:00:00,12.502197,10.669098,100125.5,0.0,0.12225342,0.24574797,0.0,88.58437
2017-11-01 10:00:00,11.871948,10.003784,100122.39,0.0,0.10583496,1.1508579,0.0,88.32358
2017-11-01 11:00:00,11.147919,9.320251,100097.17,0.0,0.0068969727,1.3208065,0.0,88.50187
2017-11-01 12:00:00,11.201721,9.308838,100081.03,0.0,0.0,1.4575554,0.0,88.118835
2017-11-01 13:00:00,11.255096,9.372528,100061.375,0.0,0.0,1.5478008,0.0,88.184715
2017-11-01 14:00:00,11.296356,9.403351,100073.57,0.0,0.0,1.2770817,0.0,88.12642
2017-11-01 15:00:00,11.945862,8.70816,100092.03,6.24,0.45761108,1.1285076,0.0,80.55508
2017-11-01 16:00:00,12.4913025,9.840546,100158.69,121.17333,0.7501831,0.655059,0.0,83.87325
2017-11-01 17:00:00,14.196747,9.959198,100166.44,300.0178,0.4951172,0.037927706,0.0,75.64285
2017-11-01 18:00:00,15.735321,9.928131,100180.734,456.32,0.007507324,0.6212934,0.0,68.36407
2017-11-01 19:00:00,16.854889,10.389374,100132.4,564.92444,0.0,1.113058,0.0,65.648796
2017-11-01 20:00:00,17.690033,10.327148,100079.3,620.81775,0.0018615723,1.7579869,0.0,62.011707
2017-11-01 21:00:00,18.726074,8.416351,100035.375,612.2489,0.003753662,2.2479854,0.0,51.093826
2017-11-01 22:00:00,19.192108,10.229095,99967.8,541.86664,0.01687622,2.7373736,0.0,56.068745
2017-11-01 23:00:00,18.884094,10.1467285,99953.58,416.71112,0.024353027,2.6755257,0.0,56.843353
2017-11-02 00:00:00,18.063873,10.101593,99985.95,252.78223,0.022491455,2.6177335,0.0,59.662426
2017-11-02 01:00:00,16.921661,10.177704,99963.77,77.475555,0.0,1.8752283,0.0,64.45332
2017-11-02 02:00:00,15.624451,10.150848,100002.734,0.37333333,0.014984131,1.2178595,0.0,69.88535
2017-11-02 03:00:00,13.848633,11.517395,100037.09,0.0,0.0,0.92386305,0.0,85.82691
2017-11-02 04:00:00,12.967499,10.784271,100095.92,0.0,0.014984131,0.6327792,0.0,86.58532
2017-11-02 05:00:00,12.727936,10.714752,100122.41,0.0,0.0,0.6765802,0.0,87.54812
2017-11-02 06:00:00,12.8367,10.861359,100150.484,0.0,0.0,0.8768271,0.0,87.778694
2017-11-02 07:00:00,12.424835,10.757355,100167.84,0.0,0.0,0.95707107,0.0,89.56029
2017-11-02 08:00:00,11.727386,10.230438,100152.37,0.0,0.0,1.1249332,0.0,90.53275
2017-11-02 09:00:00,11.603363,10.898102,100156.91,0.0,0.0,1.2293596,0.0,95.43184
2017-11-02 10:00:00,12.486298,10.466675,100178.94,0.0,0.007507324,0.517221,0.0,87.488464
2017-11-02 11:00:00,12.001678,10.127747,100160.11,0.0,0.0925293,0.64484495,0.0,88.300674
2017-11-02 12:00:00,12.053009,10.231171,100184.67,0.0,0.060638428,0.5401591,0.0,88.613144
2017-11-02 13:00:00,12.322784,10.500244,100201.82,0.0,0.46572876,0.74645275,0.0,88.63167
2017-11-02 14:00:00,12.467316,10.625732,100242.36,0.0,0.5038452,0.922752,0.0,88.53138
2017-11-02 15:00:00,12.974945,10.282196,100281.375,5.44,0.440094,0.82256156,0.0,83.69406
2017-11-02 16:00:00,12.713287,10.304901,100330.71,105.208885,0.3894043,0.27803642,0.0,85.26954
2017-11-02 17:00:00,13.683411,9.327026,100352.03,279.89334,0.25250244,0.5096706,0.0,74.95613
2017-11-02 18:00:00,15.280731,9.57901,100344.664,434.7378,0.20370483,1.0270782,0.0,68.757286
2017-11-02 19:00:00,16.3219,9.635345,100348.44,501.15555,0.375,1.8976434,0.0,64.56933
2017-11-02 20:00:00,17.144043,9.941559,100335.36,549.86664,0.9024658,2.7194467,0.0,62.554703
2017-11-02 21:00:00,17.605316,7.6743774,100296.734,477.15555,0.9105835,2.637917,2.3841858e-06,52.124737
2017-11-02 22:00:00,18.194,9.5672,100277.41,404.83554,0.32611084,0.9259802,1.9073486e-06,57.093826
2017-11-02 23:00:00,18.14328,9.286774,100256.66,304.30222,0.27929688,1.1035335,0.0,56.205917
2017-11-03 00:00:00,17.658539,9.335114,100264.36,187.16444,0.3973999,1.1656291,0.0,58.13686
2017-11-03 01:00:00,16.974365,9.728912,100224.625,59.02222,0.41119385,1.0410472,0.0,62.33597
2017-11-03 02:00:00,16.207733,10.12262,100282.5,0.21333334,0.59436035,1.0372386,0.0,67.20014
2017-11-03 03:00:00,15.57962,11.482574,100298.484,0.0,0.70440674,1.3397164,0.0,76.57901
2017-11-03 04:00:00,15.395416,12.082977,100294.96,0.0,0.70562744,1.5074017,0.0,80.622635
2017-11-03 05:00:00,15.25528,12.278717,100301.62,0.0,0.4211731,1.398821,0.0,82.4064
2017-11-03 06:00:00,15.0564575,12.322296,100320.34,0.0,0.41741943,1.9323437,0.0,83.70639
2017-11-03 07:00:00,15.554626,12.270111,100321.766,0.0,0.4161682,1.8845099,2.861023e-06,80.792366
2017-11-03 08:00:00,14.934235,11.71936,100332.53,0.0,0.33496094,1.5355539,0.0,81.08128
2017-11-03 09:00:00,14.531952,11.949432,100314.78,0.0,0.5643921,2.149699,6.67572e-06,84.486534
2017-11-03 10:00:00,14.323517,11.970551,100310.64,0.0,0.83761597,1.5852785,0.00019550323,85.7525
2017-11-03 11:00:00,14.66745,12.16214,100312.56,0.0,0.8668823,2.1490808,0.00012874603,84.932274
2017-11-03 12:00:00,14.3368225,11.933472,100303.19,0.0,0.7893677,2.7129192,0.00011539459,85.469475
2017-11-03 13:00:00,13.915497,11.691498,100327.5,0.0,0.6242676,2.8275628,0.00029087067,86.44432
2017-11-03 14:00:00,13.693817,11.702881,100287.16,0.0,0.4360962,2.8960462,0.00014066696,87.7647
2017-11-03 15:00:00,14.0034485,10.881134,100326.266,1.92,0.50683594,2.748406,8.010864e-05,81.45742
2017-11-03 16:00:00,14.411774,11.13504,100370.19,61.013332,0.48944092,3.0296557,0.00013494492,80.68013
2017-11-03 17:00:00,15.334259,12.260773,100382.57,194.59555,0.41690063,3.3321702,1.4781952e-05,81.892624
2017-11-03 18:00:00,16.453766,12.666595,100380.625,326.7022,0.40374756,3.7483308,4.196167e-05,78.29404
2017-11-03 19:00:00,17.550568,11.880341,100342.86,454.02667,0.4600525,4.169301,3.0517578e-05,69.35363
2017-11-03 20:00:00,17.985931,11.654266,100309.55,466.9511,0.65127563,4.569493,0.00020599365,66.47652
2017-11-03 21:00:00,17.864868,11.204681,100227.25,455.8578,0.754364,4.848411,0.00023174286,65.02068
2017-11-03 22:00:00,17.846283,11.339081,100234.47,354.36444,0.75131226,3.996669,1.7166138e-05,65.67939
2017-11-03 23:00:00,17.354706,10.89798,100207.03,254.93333,0.6887207,3.954341,6.389618e-05,65.79443
2017-11-04 00:00:00,16.838165,10.57486,100216.11,171.87555,0.65185547,3.141398,2.7179718e-05,66.53664
2017-11-04 01:00:00,16.627533,11.31546,100208.67,58.63111,0.61312866,2.431379,0.0,70.83507
2017-11-04 02:00:00,16.16977,11.900055,100216.26,0.12444445,0.41125488,2.35418,4.7683716e-07,75.80486
2017-11-04 03:00:00,15.282776,13.248322,100203.61,0.0,0.32562256,2.1935184,0.0,87.656296
2017-11-04 04:00:00,15.502014,13.733978,100213.484,0.0,0.3781433,2.1706018,0.00025367737,89.209625
2017-11-04 05:00:00,15.22937,13.301056,100216.95,0.0,0.6613159,2.4944246,0.00025749207,88.26086
2017-11-04 06:00:00,15.495819,13.391235,100241.89,0.0,0.8674927,2.5679238,0.00012588501,87.27548
2017-11-04 07:00:00,15.18689,13.158051,100206.95,0.0,0.9437561,2.3678856,9.536743e-07,87.67983
2017-11-04 08:00:00,14.648346,12.410736,100233.0,0.0,0.93063354,2.3777387,1.3828278e-05,86.43872
2017-11-04 09:00:00,14.667633,12.783783,100241.516,0.0,0.8762207,2.452536,3.4332275e-05,88.470024
2017-11-04 10:00:00,14.673004,13.141937,100211.0,0.0,0.90625,2.1682062,2.9563904e-05,90.53589
2017-11-04 11:00:00,14.222443,12.89975,100194.19,0.0,0.9918518,2.4662943,2.336502e-05,91.74804
2017-11-04 12:00:00,14.01178,12.722076,100192.47,0.0,1.0,2.6209288,1.3828278e-05,91.93365
2017-11-04 13:00:00,14.070892,12.434418,100204.2,0.0,0.94000244,2.7881503,2.5749207e-05,89.86948
2017-11-04 14:00:00,13.6828,12.457733,100239.516,0.0,0.9699707,1.8096366,0.00030088425,92.30492
2017-11-04 15:00:00,13.565399,10.4921875,100292.9,2.4533334,0.99560547,1.4204358,0.00031995773,81.66717
2017-11-04 16:00:00,13.882751,11.095001,100322.5,64.21333,1.0,1.2156761,0.00016975403,83.27301
2017-11-04 17:00:00,13.685638,11.456818,100368.94,131.91112,1.0,1.397289,8.34465e-05,86.39413
2017-11-04 18:00:00,13.907288,11.56546,100404.16,181.51111,1.0,2.044425,0.00041389465,85.77283
2017-11-04 19:00:00,14.659515,12.226227,100414.78,68.81778,0.9868164,2.5943172,0.0004925728,85.33494
2017-11-04 20:00:00,14.013031,11.446259,100394.664,118.95111,0.97750854,2.8095064,0.00024223328,84.51686
2017-11-04 21:00:00,14.179504,9.565033,100360.03,285.0489,0.8180847,2.958618,2.9087067e-05,73.751366
2017-11-04 22:00:00,14.463165,6.443207,100325.53,281.2622,0.5312195,3.3835425,4.7683716e-07,58.555756
2017-11-04 23:00:00,14.757751,5.118866,100316.2,231.78667,0.33370972,3.4503808,0.0,52.4183
2017-11-05 00:00:00,13.673767,3.8137817,100337.61,162.13333,0.1836853,3.851589,0.0,51.323734
2017-11-05 01:00:00,13.079987,3.188446,100373.12,61.92,0.110565186,3.783427,0.0,51.048183
2017-11-05 02:00:00,12.852051,3.294098,100393.53,0.08888889,0.062469482,3.4847326,0.0,52.203373
2017-11-05 03:00:00,11.36911,3.9541016,100455.39,0.0,0.011871338,3.0641737,0.0,60.29833
2017-11-05 04:00:00,11.188904,4.7920227,100457.55,0.0,0.0074768066,2.533847,0.0,64.71079
2017-11-05 05:00:00,11.1527405,5.6283875,100494.914,0.0,0.038116455,2.2611377,0.0,68.75182
2017-11-05 06:00:00,10.666473,5.2163086,100543.24,0.0,0.04623413,2.1497152,0.0,69.00741
2017-11-05 07:00:00,10.344482,5.1908875,100564.11,0.0,0.09378052,1.9670473,0.0,70.38066
2017-11-05 08:00:00,9.973053,4.7144165,100569.79,0.0,0.10940552,1.8857186,0.0,69.79381
2017-11-05 09:00:00,9.997833,4.650543,100577.83,0.0,0.11315918,2.0337436,0.0,69.36789
2017-11-05 10:00:00,9.05246,3.5112,100588.97,0.0,0.44262695,2.079112,0.0,68.23675
2017-11-05 11:00:00,9.180359,3.5781555,100578.21,0.0,0.36941528,1.8868823,0.0,67.97093
2017-11-05 12:00:00,9.348511,3.7416992,100596.484,0.0,0.3619995,1.9638401,0.0,67.984184
2017-11-05 13:00:00,9.391144,3.8129578,100621.44,0.0,0.10757446,2.0337026,0.0,68.130196
2017-11-05 14:00:00,9.182404,3.926117,100664.36,0.0,0.16067505,1.8226138,0.0,69.64649
2017-11-05 15:00:00,9.269806,2.7154236,100732.44,3.9822223,0.252594,1.3844837,0.0,63.563274
2017-11-05 16:00:00,10.62973,3.2051086,100764.47,109.72444,0.14944458,2.0149078,0.0,60.077324
2017-11-05 17:00:00,12.010651,3.5212708,100805.766,274.3111,0.036865234,2.4309912,0.0,56.061584
2017-11-05 18:00:00,12.823639,3.586029,100799.984,443.2,0.06253052,2.7076645,0.0,53.389065
2017-11-05 19:00:00,13.644653,4.1496887,100780.734,560.12445,0.013763428,2.5933988,0.0,52.6489
2017-11-05 20:00:00,13.892914,4.678009,100732.03,609.6533,0.0012512207,2.5371366,0.0,53.757973
2017-11-05 21:00:00,14.437653,3.7001343,100661.375,607.00446,0.0018920898,2.5323493,0.0,48.45364
2017-11-05 22:00:00,14.41275,4.5018005,100646.78,537.2267,0.20440674,2.5530672,0.0,51.340576
2017-11-05 23:00:00,14.471954,5.1265564,100595.375,408.0889,0.4526062,2.5621397,0.0,53.423374
2017-11-06 00:00:00,14.194244,5.2192993,100589.766,242.56,0.48947144,2.632969,0.0,54.744423
2017-11-06 01:00:00,13.350647,6.275421,100583.31,59.146667,0.7595215,2.5720198,0.0,62.218983
2017-11-06 02:00:00,12.624878,7.423004,100586.22,0.035555556,0.58514404,2.579448,0.0,70.59156
2017-11-06 03:00:00,11.714996,9.186127,100629.234,0.0,0.37319946,2.1258378,0.0,84.47427
2017-11-06 04:00:00,11.160797,8.986359,100625.89,0.0,0.18377686,1.2825943,0.0,86.458405
2017-11-06 05:00:00,10.632355,8.291962,100639.54,0.0,0.11627197,1.3218746,0.0,85.43877
2017-11-06 06:00:00,10.756317,7.7821045,100665.83,0.0,0.056243896,0.96606,0.0,81.84878
2017-11-06 07:00:00,11.824463,8.280975,100661.15,0.0,0.06188965,0.9222167,0.0,78.886086
2017-11-06 08:00:00,10.258575,7.6095276,100671.86,0.0,0.07247925,1.055974,0.0,83.62133
2017-11-06 09:00:00,9.045929,7.18869,100663.61,0.0,0.06686401,0.8487859,0.0,88.142075
2017-11-06 10:00:00,10.059845,7.9515076,100661.984,0.0,0.19506836,1.3300254,4.7683716e-07,86.73792
2017-11-06 11:00:00,9.980743,8.2265625,100646.92,0.0,0.3663025,1.21038,9.536743e-07,88.844124
2017-11-06 12:00:00,9.875458,8.403931,100681.57,0.0,0.55877686,1.5384061,9.536743e-07,90.556305
2017-11-06 13:00:00,10.300934,8.614319,100689.53,0.0,0.68374634,1.74497,9.536743e-07,89.27824
2017-11-06 14:00:00,11.437164,9.070831,100688.0,0.0,0.6250305,1.6759157,1.9073486e-06,85.374466
2017-11-06 15:00:00,11.577728,7.9533386,100748.055,2.7377777,0.46566772,2.0239592,0.0,78.41686
2017-11-06 16:00:00,11.700531,8.689972,100798.234,84.55111,0.35812378,1.5383407,0.0,81.76939
2017-11-06 17:00:00,12.867157,8.650482,100804.984,253.12,0.056854248,0.46585068,0.0,75.528366
2017-11-06 18:00:00,14.175018,8.902283,100798.586,419.12888,0.024993896,0.81673086,0.0,70.55176
2017-11-06 19:00:00,15.14682,7.897766,100766.22,546.9867,0.105041504,1.7595034,9.536743e-07,61.89836
2017-11-06 20:00:00,16.10794,8.13382,100705.18,537.76,0.10696411,2.081793,0.0,59.143234
2017-11-06 21:00:00,16.621552,5.934784,100637.7,548.96,0.38882446,2.0772543,0.0,49.22948
2017-11-06 22:00:00,16.044739,5.62204,100584.55,494.29333,0.12130737,2.0916817,0.0,49.978775
2017-11-06 23:00:00,15.817657,5.4679565,100566.734,403.48444,0.043792725,1.9649733,0.0,50.17046
2017-11-07 00:00:00,15.279877,5.499939,100583.734,242.25778,0.14822388,2.3679826,0.0,52.045956
2017-11-07 01:00:00,14.362213,5.9792175,100596.31,68.23111,0.23699951,2.1215184,0.0,57.082253
2017-11-07 02:00:00,13.553009,7.1181335,100620.484,0.017777778,0.23754883,2.0512085,0.0,65.06559
2017-11-07 03:00:00,12.165741,8.418549,100678.33,0.0,0.07446289,1.9783727,0.0,77.85456
2017-11-07 04:00:00,10.509003,6.759918,100662.69,0.0,0.010009766,1.2504219,0.0,77.58793
2017-11-07 05:00:00,10.334503,6.4775696,100675.4,0.0,0.0,1.1771125,0.0,76.98705
2017-11-07 06:00:00,9.842438,6.581665,100733.8,0.0,0.0,1.5471755,0.0,80.13598
2017-11-07 07:00:00,9.5408325,6.266327,100735.88,0.0,0.0,1.8667803,0.0,80.01757
2017-11-07 08:00:00,10.908844,6.5336304,100726.375,0.0,0.0,1.8272123,0.0,74.38317
2017-11-07 09:00:00,10.182312,7.2161255,100708.05,0.0,0.0,1.9020599,0.0,81.81903
2017-11-07 10:00:00,7.3249817,5.853119,100706.23,0.0,0.0,1.7676802,0.0,90.370224
2017-11-07 11:00:00,8.180756,6.4093933,100679.24,0.0,0.0,1.7319869,0.0,88.58795
2017-11-07 12:00:00,7.63443,6.2534485,100676.516,0.0,0.0,1.6152277,0.0,90.9615
2017-11-07 13:00:00,7.637848,6.4099426,100692.31,0.0,0.19894409,1.4292535,0.0,91.92665
2017-11-07 14:00:00,7.7374573,6.705902,100727.266,0.0,0.18518066,1.2333351,0.0,93.18282
2017-11-07 15:00:00,8.163422,5.5675354,100729.984,2.968889,0.1876831,1.1860944,0.0,83.678314
2017-11-07 16:00:00,11.287537,8.868805,100767.016,107.12889,0.023773193,1.2468466,0.0,85.05699
2017-11-07 17:00:00,12.425446,7.950409,100759.13,284.8,0.0,1.2600579,0.0,74.14087
2017-11-07 18:00:00,13.723389,6.817688,100718.8,442.4178,0.0,1.2948145,0.0,63.035786
2017-11-07 19:00:00,15.182892,7.0676575,100674.08,557.2622,0.0,1.0967306,0.0,58.350857
2017-11-07 20:00:00,16.84262,6.592346,100625.61,612.2844,0.0,0.7681004,0.0,50.79516
2017-11-07 21:00:00,18.08377,2.3622131,100518.9,603.7156,0.0,0.80260366,0.0,34.931244
2017-11-07 22:00:00,18.549744,4.408142,100502.2,533.0845,0.0,0.43695787,0.0,39.195362
2017-11-07 23:00:00,18.592804,4.6061096,100440.5,407.12888,0.0,0.36465767,0.0,39.634872
2017-11-08 00:00:00,17.774231,5.659088,100407.484,240.19556,0.0,0.2106437,0.0,44.899723
2017-11-08 01:00:00,15.445129,8.574738,100383.375,67.12889,0.0,0.61124676,0.0,63.57965
2017-11-08 02:00:00,13.346771,8.050873,100419.266,0.0,0.1519165,0.67122865,0.0,70.280525
2017-11-08 03:00:00,11.543549,9.1203,100437.11,0.0,0.92630005,0.67995584,0.0,85.058846
2017-11-08 04:00:00,11.082062,8.682648,100400.14,0.0,1.0,1.375032,0.0,85.14586
2017-11-08 05:00:00,11.565643,9.5043335,100436.53,0.0,0.98065186,1.8081496,0.0,87.159065
2017-11-08 06:00:00,11.557404,9.042694,100507.14,0.0,0.97750854,1.7905146,0.0,84.537315
2017-11-08 07:00:00,11.133759,8.128876,100471.42,0.0,0.9793701,1.7762231,0.0,81.72714
2017-11-08 08:00:00,11.1596985,8.260193,100442.67,0.0,0.99935913,1.7349423,0.0,82.317505
2017-11-08 09:00:00,10.905304,8.48999,100386.89,0.0,1.0,2.0828834,0.0,85.03509
2017-11-08 10:00:00,11.259491,8.97403,100347.58,0.0,1.0,1.6442689,0.0,85.82292
2017-11-08 11:00:00,11.2569275,8.854523,100243.03,0.0,1.0,1.7871196,0.0,85.14754
2017-11-08 12:00:00,11.133026,8.740265,100302.33,0.0,1.0,1.4230685,0.0,85.18969
2017-11-08 13:00:00,11.212067,8.881561,100313.41,0.0,0.9981384,1.5442661,0.0,85.55732
2017-11-08 14:00:00,11.411407,9.080231,100329.555,0.0,1.0,1.3196081,0.0,85.574425
2017-11-08 15:00:00,12.119141,8.446686,100367.15,1.1733333,0.99749756,1.5963446,0.0,78.24289
2017-11-08 16:00:00,12.667297,8.80722,100356.2,39.573334,1.0,2.306553,0.0,77.33935
2017-11-08 17:00:00,13.221527,8.99588,100365.125,87.78667,1.0,2.549905,0.0,75.541595
2017-11-08 18:00:00,14.255463,8.312775,100317.47,124.977776,1.0,3.0643768,9.536743e-07,67.439285
2017-11-08 19:00:00,15.184296,8.915863,100280.67,208.97778,1.0,3.7124212,6.67572e-06,66.16259
2017-11-08 20:00:00,15.722382,9.886444,100231.19,223.75111,0.94000244,3.8085327,0.00023269653,68.22988
2017-11-08 21:00:00,16.184479,9.434631,100143.21,352.58667,0.90945435,5.0600915,0.00022506714,64.26495
2017-11-08 22:00:00,17.155182,11.000763,100069.3,366.93332,0.9624939,4.8547974,0.0001039505,67.08708
2017-11-08 23:00:00,16.618805,10.695435,100005.836,241.6,0.8480835,4.298009,2.527237e-05,68.01464
2017-11-09 00:00:00,16.251984,10.809479,99974.42,113.013336,0.6398926,3.796297,2.3841858e-06,70.1526
2017-11-09 01:00:00,16.364838,11.700897,99931.09,37.77778,0.8949585,4.1992044,6.67572e-06,73.889984
2017-11-09 02:00:00,16.504242,12.1267395,99912.734,0.0,1.0,4.670274,8.106232e-06,75.32306
2017-11-09 03:00:00,16.500092,14.369232,99913.44,0.0,0.9924927,5.18683,2.3841858e-05,87.2191
2017-11-09 04:00:00,16.644379,14.629425,99907.8,0.0,0.98501587,5.1164346,5.722046e-05,87.888016
2017-11-09 05:00:00,16.524933,14.661438,99889.914,0.0,0.82748413,5.3810935,0.0004734993,88.74153
2017-11-09 06:00:00,16.281708,14.432892,99975.66,0.0,0.79748535,5.9002495,0.0005803108,88.80588
2017-11-09 07:00:00,16.384918,14.643646,99981.66,0.0,1.0,6.07531,0.0002822876,89.4334
2017-11-09 08:00:00,15.798187,13.917725,99995.234,0.0,1.0,5.6702657,0.0006875992,88.58421
2017-11-09 09:00:00,15.607483,14.488861,100044.56,0.0,1.0,4.6545568,0.00196743,93.05303
2017-11-09 10:00:00,14.592987,13.37735,100091.42,0.0,0.801239,3.6130424,0.0009770393,92.4139
2017-11-09 11:00:00,14.756317,13.82373,100145.59,0.0,1.0,2.9165223,0.00041866302,94.140656
2017-11-09 12:00:00,14.104706,12.948914,100183.19,0.0,0.98501587,2.1432672,0.00033044815,92.748665
2017-11-09 13:00:00,13.960022,12.928009,100209.5,0.0,0.7449341,1.6124269,0.00014829636,93.49538
2017-11-09 14:00:00,13.802216,12.652191,100243.31,0.0,0.78674316,1.1529186,0.00015258789,92.76731
2017-11-09 15:00:00,14.300446,12.030548,100315.984,1.5644444,0.9549866,1.4351605,7.677078e-05,86.22095
2017-11-09 16:00:00,15.139984,13.052826,100344.45,63.60889,0.9637451,1.5427556,1.2874603e-05,87.342094
2017-11-09 17:00:00,16.084625,13.731384,100409.305,216.35556,0.6343384,1.3481082,2.4795532e-05,85.93019
2017-11-09 18:00:00,16.930328,12.23056,100407.805,392.03555,0.6587219,1.3171512,1.5735626e-05,73.81376
2017-11-09 19:00:00,16.57077,11.281525,100423.4,442.6311,0.91690063,1.9239463,4.8160553e-05,70.93155
2017-11-09 20:00:00,18.529938,11.42807,100372.67,520.32,0.98687744,2.5934544,2.0503998e-05,63.289825
2017-11-09 21:00:00,18.924042,8.842926,100354.72,480.21335,0.566864,2.7374165,0.00016880035,51.94357
2017-11-09 22:00:00,19.051971,11.99472,100324.195,412.78223,0.85372925,2.6438367,6.484985e-05,63.593315
2017-11-09 23:00:00,18.421814,11.487152,100348.42,311.27112,0.99624634,2.7579117,0.0,63.96997
2017-11-10 00:00:00,18.191101,11.941559,100329.84,181.03111,0.90185547,1.9085225,0.0,66.8809
2017-11-10 01:00:00,17.439117,12.310638,100335.3,45.65333,0.56066895,1.607499,0.0,71.85126
2017-11-10 02:00:00,16.476532,12.081757,100354.16,0.0,0.3875122,1.8436112,0.0,75.232834
2017-11-10 03:00:00,15.352386,13.52124,100393.8,0.0,0.65625,1.7212764,0.0,88.83199
2017-11-10 04:00:00,15.267395,13.482758,100411.81,0.0,0.8618164,1.739241,0.0,89.09465
2017-11-10 05:00:00,14.875916,13.348358,100434.05,0.0,0.975647,1.5488093,0.0,90.57078
2017-11-10 06:00:00,14.780945,13.32547,100473.7,0.0,0.97940063,1.549932,0.0,90.99112
2017-11-10 07:00:00,14.452179,13.14209,100451.375,0.0,0.9981384,1.6386825,0.0,91.83773
2017-11-10 08:00:00,14.0381775,12.799683,100458.05,0.0,1.0,2.0160491,0.0,92.24419
2017-11-10 09:00:00,13.646515,12.964569,100430.875,0.0,1.0,2.5329983,0.0,95.64837
2017-11-10 10:00:00,13.448181,12.64859,100408.28,0.0,1.0,3.1261053,0.0,94.90712
2017-11-10 11:00:00,13.550995,12.740356,100410.375,0.0,0.9924927,2.6859245,0.0,94.84241
2017-11-10 12:00:00,12.977905,12.119904,100409.81,0.0,1.0,2.1571932,0.0,94.52469
2017-11-10 13:00:00,12.979645,12.150726,100407.2,0.0,1.0,2.377075,0.0,94.70592
2017-11-10 14:00:00,13.012268,12.090485,100366.555,0.0,0.9924927,2.5639458,0.0,94.12995
2017-11-10 15:00:00,13.519501,11.945892,100411.31,0.72888887,0.9468689,2.4807327,0.0,90.201355
2017-11-10 16:00:00,13.753693,11.739227,100429.586,41.28,0.75875854,2.1848516,1.4305115e-06,87.633766
2017-11-10 17:00:00,14.606659,11.644196,100489.99,120.39111,0.87945557,2.2093308,3.4809113e-05,82.40247
2017-11-10 18:00:00,16.252563,12.737366,100475.82,253.58223,0.78512573,2.5852304,3.8146973e-05,79.67303
2017-11-10 19:00:00,17.204987,13.788422,100466.84,363.18222,0.5944214,2.491504,1.8119812e-05,80.31956
2017-11-10 20:00:00,17.556305,13.906952,100413.24,432.33777,0.25561523,2.489261,1.5258789e-05,79.16256
2017-11-10 21:00:00,17.986786,12.934845,100370.08,477.61777,0.44451904,2.6190171,2.4795532e-05,72.313065
2017-11-10 22:00:00,16.684418,13.442352,100360.67,228.85333,0.6487732,1.9707191,0.00033140182,81.167076
2017-11-10 23:00:00,16.00766,12.446167,100349.39,226.66667,0.6687927,1.8590022,0.0002527237,79.39688
2017-11-11 00:00:00,16.53183,13.202484,100369.97,110.18667,0.4988098,1.200567,1.2874603e-05,80.6861
2017-11-11 01:00:00,16.147247,12.900085,100378.4,44.942223,0.4706726,0.92665076,5.2452087e-06,81.069466
2017-11-11 02:00:00,16.033508,12.927155,100393.23,0.0,0.417511,1.0354917,8.106232e-06,81.80512
2017-11-11 03:00:00,15.065399,14.043823,100463.53,0.0,0.38378906,1.0995667,2.3841858e-06,93.6125
2017-11-11 04:00:00,14.917969,14.176544,100454.68,0.0,0.41308594,1.2998294,0.0,95.32219
2017-11-11 05:00:00,14.576172,14.094299,100518.81,0.0,0.24005127,1.1362469,4.7683716e-07,96.92937
2017-11-11 06:00:00,14.56366,14.159821,100527.266,0.0,0.2268982,0.92029977,0.0,97.420654
2017-11-11 07:00:00,14.16983,13.605743,100556.84,0.0,0.9874573,0.72374517,9.536743e-07,96.4027
2017-11-11 08:00:00,14.025238,13.422821,100540.72,0.0,0.98931885,0.69088006,4.7683716e-07,96.15823
2017-11-11 09:00:00,13.367249,12.955475,100537.64,0.0,0.9825134,0.5754072,0.0,97.346344
2017-11-11 10:00:00,12.340179,12.155792,100534.6,0.0,1.0,1.0786817,9.536743e-07,98.79437
2017-11-11 11:00:00,12.357666,12.039337,100549.28,0.0,1.0,0.8260309,9.536743e-06,97.92693
2017-11-11 12:00:00,12.079376,11.770325,100545.805,0.0,0.9918518,0.78559256,1.9550323e-05,97.98246
2017-11-11 13:00:00,11.844574,11.299377,100568.914,0.0,0.95254517,0.6809648,2.7179718e-05,96.45874
2017-11-11 14:00:00,11.450714,10.846436,100547.766,0.0,1.0,0.96173525,1.9073486e-06,96.06981
2017-11-11 15:00:00,11.8029785,9.915344,100610.66,0.72888887,1.0,1.1902995,5.722046e-06,88.2025
2017-11-11 16:00:00,12.275177,10.561676,100655.31,36.48,0.99438477,1.3012892,1.9073486e-06,89.27446
2017-11-11 17:00:00,12.9270935,11.29303,100678.28,127.075554,0.9738159,1.2835526,9.536743e-07,89.79776
2017-11-11 18:00:00,14.295959,12.28949,100663.45,266.4889,0.4376526,0.61815923,0.0,87.728714
2017-11-11 19:00:00,14.896576,12.863159,100625.734,488.32,0.4776001,0.41012642,1.0967255e-05,87.627556
2017-11-11 20:00:00,15.967834,12.504974,100549.32,520.08887,0.79190063,0.713399,0.0,79.90715
2017-11-11 21:00:00,17.216583,10.459686,100457.945,508.1422,0.823822,1.1367182,0.0,64.46255
2017-11-11 22:00:00,17.423615,9.618195,100419.82,447.68,0.85873413,1.4114498,0.0,60.139416
2017-11-11 23:00:00,16.56845,9.099579,100392.63,339.30667,0.5086975,1.6168362,0.0,61.3128
2017-11-12 00:00:00,16.85147,10.180237,100390.516,207.04,0.3781433,2.4819498,0.0,64.75202
2017-11-12 01:00:00,15.883423,10.897247,100423.7,49.93778,0.4507141,1.9794062,0.0,72.24381
2017-11-12 02:00:00,14.69632,10.754669,100473.28,0.0,0.67562866,1.320725,0.0,77.23313
2017-11-12 03:00:00,12.582855,11.83609,100505.484,0.0,0.754364,1.0895692,0.0,95.20487
2017-11-12 04:00:00,12.306,11.370636,100506.52,0.0,0.45687866,1.0866431,0.0,94.01381
2017-11-12 05:00:00,12.735687,11.691223,100558.33,0.0,0.1781311,0.7426609,0.0,93.358185
2017-11-12 06:00:00,12.543823,11.516022,100569.83,0.0,0.36749268,0.87730473,0.0,93.45152
2017-11-12 07:00:00,12.72821,11.405334,100607.52,0.0,0.3368225,0.83343154,0.0,91.65429
2017-11-12 08:00:00,13.0868225,11.130768,100573.445,0.0,0.5612488,0.72471476,0.0,87.913536
2017-11-12 09:00:00,13.155182,11.302032,100581.91,0.0,0.5918579,0.61248094,0.0,88.52147
2017-11-12 10:00:00,12.274139,10.407806,100565.7,0.0,0.56622314,1.3178285,0.0,88.36895
2017-11-12 11:00:00,11.362854,9.762482,100599.375,0.0,0.69992065,0.92383105,0.0,89.88142
2017-11-12 12:00:00,9.85144,8.862915,100602.125,0.0,0.94747925,1.0866202,4.7683716e-07,93.564095
2017-11-12 13:00:00,10.18692,9.035858,100627.266,0.0,0.97750854,1.4862958,0.0,92.56066
2017-11-12 14:00:00,9.98407,8.846893,100635.89,0.0,0.8949585,1.5870593,0.0,92.63606
2017-11-12 15:00:00,10.027557,7.777954,100650.24,0.8711111,0.9624939,1.80095,0.0,85.90429
2017-11-12 16:00:00,10.923126,8.17984,100702.14,70.50667,0.93182373,1.9336239,0.0,83.16594
2017-11-12 17:00:00,12.414398,8.689117,100717.36,194.20444,0.34158325,1.7485502,0.0,78.00828
2017-11-12 18:00:00,14.251556,8.802216,100687.46,383.8578,0.30743408,1.0821391,0.0,69.72977
2017-11-12 19:00:00,15.836853,9.767242,100677.39,510.56,0.5319519,0.56598675,0.0,67.19265
2017-11-12 20:00:00,16.468292,9.913788,100622.75,559.48444,0.36749268,0.7638844,0.0,65.17595
2017-11-12 21:00:00,17.277435,7.7985535,100570.516,566.4533,0.32681274,1.1624836,0.0,53.66833
2017-11-12 22:00:00,17.745087,9.615021,100569.266,471.05777,0.1199646,0.7323109,0.0,58.918823
2017-11-12 23:00:00,17.359283,9.665802,100566.55,361.88443,0.099975586,1.1283474,0.0,60.577816
2017-11-13 00:00:00,17.196136,10.3402405,100564.13,213.93777,0.07623291,1.2418137,0.0,64.03351
2017-11-13 01:00:00,16.42569,11.231934,100593.484,52.906666,0.035003662,1.0846211,0.0,71.35459
2017-11-13 02:00:00,15.222168,10.741425,100626.84,0.0,0.08001709,0.5971873,0.0,74.59528
2017-11-13 03:00:00,14.525116,11.4887085,100672.305,0.0,0.12313843,1.3570497,0.0,81.990265
2017-11-13 04:00:00,13.879547,11.181213,100688.47,0.0,0.12438965,1.8627076,0.0,83.76817
2017-11-13 05:00:00,13.4758,10.957733,100717.555,0.0,0.30126953,1.6353722,0.0,84.73093
2017-11-13 06:00:00,13.49939,10.950592,100800.11,0.0,0.36184692,1.5311303,0.0,84.56068
2017-11-13 07:00:00,13.270477,10.710571,100809.2,0.0,0.27868652,1.7372915,0.0,84.472755
2017-11-13 08:00:00,13.575317,11.097382,100802.586,0.0,0.2749939,1.7361741,0.0,84.96793
2017-11-13 09:00:00,12.673737,10.940765,100783.59,0.0,0.33059692,1.7909333,0.0,89.190605
2017-11-13 10:00:00,12.539886,10.912872,100789.06,0.0,0.410614,1.9518198,9.536743e-07,89.81051
2017-11-13 11:00:00,13.104095,11.379456,100772.6,0.0,0.66189575,2.3801012,1.4305115e-06,89.274155
2017-11-13 12:00:00,12.982819,11.036224,100780.0,0.0,0.7481079,2.6891549,1.4305115e-06,87.959564
2017-11-13 13:00:00,12.996063,10.988556,100812.69,0.0,0.4711914,2.6459072,2.3841858e-06,87.60556
2017-11-13 14:00:00,13.162231,11.095428,100839.86,0.0,0.40811157,2.6462538,2.3841858e-06,87.27653
2017-11-13 15:00:00,13.390472,10.178986,100882.93,0.51555556,0.3781128,2.9797938,9.536743e-07,80.893585
2017-11-13 16:00:00,13.655945,10.524445,100925.95,61.724445,0.6113281,3.1957097,0.0,81.362114
2017-11-13 17:00:00,14.821075,11.163849,100970.12,192.67555,0.32504272,3.1593697,0.0,78.72578
2017-11-13 18:00:00,16.546875,12.655304,100956.67,310.08,0.38012695,3.2748134,4.7683716e-07,77.77383
2017-11-13 19:00:00,17.90445,13.595367,100927.62,456.83554,0.58950806,3.3413744,0.0,75.89075
2017-11-13 20:00:00,18.735687,13.353607,100883.17,450.98666,0.74261475,3.0477884,4.7683716e-07,70.90693
2017-11-13 21:00:00,19.072174,12.155975,100842.67,416.71112,0.8708191,3.131325,0.0,64.19142
2017-11-13 22:00:00,18.546295,13.612518,100829.92,314.50665,1.0,2.201098,3.8146973e-06,72.97343
2017-11-13 23:00:00,17.76184,14.052795,100828.945,95.82222,1.0,1.6682533,0.00013399124,78.88591
2017-11-14 00:00:00,17.270508,14.280182,100815.25,26.666666,1.0,0.7312868,0.00013399124,82.58008
2017-11-14 01:00:00,16.975372,13.715881,100815.06,9.084444,1.0,1.0208579,3.33786e-05,81.11317
2017-11-14 02:00:00,16.940094,13.8020935,100833.7,0.0,1.0,0.9176849,3.385544e-05,81.75179
2017-11-14 03:00:00,16.230682,14.911896,100862.41,0.0,0.98501587,1.0741377,3.1471252e-05,91.89327
2017-11-14 04:00:00,16.094177,15.06485,100933.08,0.0,1.0,0.9129545,0.00012493134,93.614784
2017-11-14 05:00:00,15.731964,14.971039,100946.37,0.0,1.0,1.4089247,0.00015068054,95.23119
2017-11-14 06:00:00,15.444489,14.751617,101010.26,0.0,1.0,0.8764688,8.869171e-05,95.63992
2017-11-14 07:00:00,15.411591,14.563812,101025.55,0.0,1.0,0.9519741,0.00013446808,94.68703
2017-11-14 08:00:00,15.098785,13.901642,101031.984,0.0,1.0,1.2349353,3.0517578e-05,92.553566
2017-11-14 09:00:00,14.530945,13.55896,101034.234,0.0,1.0,1.6194112,6.67572e-06,93.88956
2017-11-14 10:00:00,13.366791,12.336548,101037.03,0.0,0.8769226,0.9221662,5.722046e-06,93.47712
2017-11-14 11:00:00,13.134674,11.93515,101040.77,0.0,0.64068604,1.2585166,2.861023e-06,92.42881
2017-11-14 12:00:00,12.605499,11.216278,101036.83,0.0,0.37124634,1.153546,0.0,91.244385
2017-11-14 13:00:00,12.530182,10.645966,101055.71,0.0,0.4124756,1.7629659,0.0,88.28567
2017-11-14 14:00:00,12.217468,10.703522,101080.56,0.0,0.67755127,1.8139006,0.0,90.464874
2017-11-14 15:00:00,12.124298,9.409088,101071.625,0.5511111,0.8555908,1.4787439,0.0,83.46808
2017-11-14 16:00:00,13.110779,10.165985,101088.2,79.431114,0.91186523,1.4427094,0.0,82.31232
2017-11-14 17:00:00,14.0338745,10.236908,101088.41,247.78667,0.763855,0.9495871,0.0,77.87944
2017-11-14 18:00:00,14.468567,9.130035,101078.48,409.74222,0.7102051,0.8911481,0.0,70.29591
2017-11-14 19:00:00,15.8063965,7.5073547,101021.04,507.18222,0.9730835,1.3170574,0.0,57.77523
2017-11-14 20:00:00,16.579193,7.431671,100939.984,550.4533,0.87872314,1.6481651,0.0,54.712162
2017-11-14 21:00:00,17.194672,4.36911,100856.984,551.0933,0.855072,2.125962,0.0,42.570915
2017-11-14 22:00:00,17.391266,5.233856,100817.16,493.2622,0.8656311,2.0410485,0.0,44.660194
2017-11-14 23:00:00,17.202911,5.2149353,100739.625,341.1378,0.88500977,1.7398351,0.0,45.136086
2017-11-15 00:00:00,16.648834,5.753845,100694.92,172.12445,0.7374878,1.7367682,0.0,48.532635
2017-11-15 01:00:00,15.453583,6.557251,100682.766,40.782223,0.6406555,1.8381782,0.0,55.36997
2017-11-15 02:00:00,14.326477,8.415497,100689.875,0.0,0.7843933,1.8952888,0.0,67.59927
2017-11-15 03:00:00,12.951508,10.487671,100714.72,0.0,0.83935547,1.8426683,0.0,84.9801
2017-11-15 04:00:00,12.781952,10.475525,100689.14,0.0,0.90563965,1.4836556,0.0,85.85904
2017-11-15 05:00:00,12.500946,9.799805,100708.32,0.0,1.0,1.6481146,0.0,83.5915
2017-11-15 06:00:00,12.381561,9.75,100677.09,0.0,1.0,1.0902444,0.0,83.96861
2017-11-15 07:00:00,12.421661,9.104218,100698.07,0.0,0.9987488,0.98973304,0.0,80.18803
2017-11-15 08:00:00,12.2308655,9.715515,100632.875,0.0,0.99749756,0.747555,0.0,84.60876
2017-11-15 09:00:00,12.022919,8.880005,100610.44,0.0,0.86053467,0.5789647,0.0,81.08335
2017-11-15 10:00:00,12.465179,8.480988,100559.8,0.0,1.0,0.73298746,0.0,76.66055
2017-11-15 11:00:00,12.555878,8.805206,100546.3,0.0,1.0,0.8574536,0.0,77.896065
2017-11-15 12:00:00,11.669342,9.088226,100462.27,0.0,0.9906311,0.6419209,0.0,84.17213
2017-11-15 13:00:00,12.862701,8.647858,100428.11,0.0,0.97561646,0.6088212,0.00034999847,75.53698
2017-11-15 14:00:00,12.966431,8.629456,100424.58,0.0,0.5843506,0.6061214,0.0,74.93258
2017-11-15 15:00:00,12.945862,8.183105,100408.5,0.21333334,0.6649475,0.4810352,0.0,72.796646
2017-11-15 16:00:00,12.822632,8.537079,100399.84,26.915556,0.91186523,0.61484,0.0001039505,75.169525
2017-11-15 17:00:00,12.506439,8.778259,100365.83,94.115555,0.6868286,0.7208486,0.0002632141,78.00702
2017-11-15 18:00:00,12.987518,9.415283,100334.31,230.29333,0.65374756,0.13534565,0.00010967255,78.90404
2017-11-15 19:00:00,14.593475,9.613739,100239.94,351.69778,0.8324585,0.20653224,0.00071907043,72.03765
2017-11-15 20:00:00,16.038727,9.373993,100182.484,369.5822,0.8812561,0.88341826,5.531311e-05,64.60167
2017-11-15 21:00:00,16.935059,6.829193,100082.05,425.92,0.91937256,2.2425315,1.7166138e-05,51.326782
2017-11-15 22:00:00,17.006012,7.047577,100052.516,318.3111,0.8781433,3.2716727,3.862381e-05,51.867607
2017-11-15 23:00:00,16.49762,6.2931824,99982.92,250.18666,0.9206543,3.4224572,0.0,50.862534
2017-11-16 00:00:00,16.218597,7.3485413,99960.9,145.74222,0.90686035,3.6975286,0.0006184578,55.666203
2017-11-16 01:00:00,15.959778,8.70285,99958.89,35.128887,0.5987854,3.8030965,4.2915344e-05,62.05404
2017-11-16 02:00:00,16.593872,10.1185,99954.99,0.0,0.89382935,3.958173,0.0,65.54939
2017-11-16 03:00:00,16.229462,12.166779,99955.03,0.0,0.95440674,4.068635,0.0,76.85568
2017-11-16 04:00:00,16.101593,12.64682,99957.11,0.0,0.9812622,4.2079725,3.8146973e-06,79.96815
2017-11-16 05:00:00,16.460846,13.121765,99968.33,0.0,1.0,4.563122,1.8119812e-05,80.62526
2017-11-16 06:00:00,15.550201,12.561188,99910.56,0.0,1.0,4.7647457,0.0005788803,82.37559
2017-11-16 07:00:00,15.436615,12.806183,99926.69,0.0,0.9981384,4.7042522,0.0009455681,84.32147
2017-11-16 08:00:00,15.289703,12.905853,99856.984,0.0,1.0,4.7243357,0.001306057,85.677925
2017-11-16 09:00:00,14.896454,12.895966,99863.2,0.0,1.0,4.5999284,0.002137661,87.81663
2017-11-16 10:00:00,15.309753,14.85788,99845.55,0.0,1.0,3.3400707,0.002169609,97.13416
2017-11-16 11:00:00,15.448303,15.000702,99821.03,0.0,1.0,2.199895,0.0017619133,97.16392
2017-11-16 12:00:00,14.937836,14.473816,99808.0,0.0,1.0,1.1721658,0.0027685165,97.049774
2017-11-16 13:00:00,14.50766,14.027924,99795.25,0.0,1.0,0.69100106,0.0031194687,96.94119
2017-11-16 14:00:00,14.13916,13.480408,99803.46,0.0,1.0,1.045661,0.003229618,95.80934
2017-11-16 15:00:00,13.617401,12.26178,99865.266,0.07111111,1.0,1.7039274,0.00244236,91.51233
2017-11-16 16:00:00,13.587616,11.952545,99883.33,10.631111,1.0,1.1261963,0.0020422935,89.841545
2017-11-16 17:00:00,13.547363,11.857208,99913.78,24.675556,1.0,0.6490595,0.0019464493,89.51267
2017-11-16 18:00:00,13.452667,12.107727,99949.55,44.942223,1.0,0.88706195,0.0015439987,91.56628
2017-11-16 19:00:00,13.804657,12.4599,99928.0,47.644444,1.0,1.513572,0.003007412,91.58949
2017-11-16 20:00:00,13.372711,12.078888,99897.22,43.786667,1.0,2.3472252,0.0029306412,91.8701
2017-11-16 21:00:00,13.766571,11.745514,99875.91,34.4,1.0,2.574912,0.0026788712,87.59679
2017-11-16 22:00:00,13.646515,12.264618,99927.34,54.986668,0.9924927,1.5296588,0.0012273788,91.35616
2017-11-16 23:00:00,13.572968,11.858124,99885.59,69.40444,1.0,1.0976183,0.0004529953,89.36896
2017-11-17 00:00:00,13.773773,11.801849,99935.35,26.524445,1.0,1.1018963,0.00058460236,87.88207
2017-11-17 01:00:00,13.778107,11.923065,99913.78,6.7555556,0.9700012,0.46011585,0.00040912628,88.56282
2017-11-17 02:00:00,13.847656,11.721649,99942.14,0.0,0.7975464,0.73727435,3.71933e-05,86.99917
2017-11-17 03:00:00,13.807129,12.034332,99992.266,0.0,0.91192627,0.68437,9.059906e-06,89.04668
2017-11-17 04:00:00,13.7699585,12.039581,100003.95,0.0,0.9425354,0.9003571,1.04904175e-05,89.29295
2017-11-17 05:00:00,13.976593,12.329315,100053.11,0.0,0.97250366,1.1919475,5.054474e-05,89.79862
2017-11-17 06:00:00,14.031158,12.077606,100089.375,0.0,0.9981384,1.6366305,4.9591064e-05,88.0113
2017-11-17 07:00:00,13.503143,11.347778,100114.05,0.0,0.99935913,2.5703838,0.0003080368,86.797585
2017-11-17 08:00:00,13.134186,10.738739,100159.734,0.0,0.97750854,3.911561,0.00027894974,85.38782
2017-11-17 09:00:00,12.762909,10.539215,100231.89,0.0,0.93182373,4.1105437,0.00020599365,86.33212
2017-11-17 10:00:00,11.997925,10.237244,100320.22,0.0,0.33013916,2.749506,0.00010108948,88.97149
2017-11-17 11:00:00,11.912201,10.315155,100389.59,0.0,0.29382324,2.186262,1.8119812e-05,89.94273
2017-11-17 12:00:00,10.818939,9.37204,100441.734,0.0,0.2569275,1.6771127,2.861023e-06,90.77337
2017-11-17 13:00:00,10.662048,9.052765,100504.59,0.0,0.3343811,1.3405406,1.1444092e-05,89.77432
2017-11-17 14:00:00,10.893097,9.16391,100584.14,0.0,0.4199524,2.1699474,5.531311e-05,89.06959
2017-11-17 15:00:00,10.920105,7.698822,100675.65,0.17777778,0.4656372,2.3213098,2.861023e-06,80.50364
2017-11-17 16:00:00,11.4010315,7.1511536,100756.984,72.0,0.15435791,1.7911394,0.0,75.11119
2017-11-17 17:00:00,12.745117,7.6757507,100807.0,243.52,0.061920166,1.2171788,0.0,71.25623
2017-11-17 18:00:00,13.1586,7.809387,100871.53,404.69333,0.0018920898,1.7519445,0.0,69.98918
2017-11-17 19:00:00,13.844818,7.1581726,100890.44,513.49335,0.0,2.2286596,0.0,64.0176
2017-11-17 20:00:00,14.963165,7.765045,100881.555,566.9867,0.0,2.3481293,0.0,62.070698
2017-11-17 21:00:00,15.25058,5.5380554,100817.31,553.13776,0.0,2.408128,0.0,52.282116
2017-11-17 22:00:00,16.136505,6.381317,100807.234,488.42667,0.0,2.874352,0.0,52.363968
2017-11-17 23:00:00,16.16269,6.6092834,100777.875,369.72446,0.0,3.303676,0.0,53.103462
2017-11-18 00:00:00,15.722656,6.3233337,100740.25,208.64,0.0,3.0711334,0.0,53.553402
2017-11-18 01:00:00,14.641418,6.9819946,100769.39,47.288887,0.0,2.4002395,0.0,60.068794
2017-11-18 02:00:00,13.5338745,6.247925,100849.08,0.0,0.0,1.6110705,0.0,61.363926
2017-11-18 03:00:00,11.496277,6.866852,100884.44,0.0,0.00064086914,1.9877359,0.0,73.198296
2017-11-18 04:00:00,11.371307,6.544464,100902.99,0.0,0.0,1.7733777,0.0,72.189026
2017-11-18 05:00:00,11.820892,6.5030212,100914.8,0.0,0.0,1.8372356,0.0,69.87509
2017-11-18 06:00:00,11.047333,7.086853,100934.47,0.0,0.0,1.8472698,0.0,76.55578
2017-11-18 07:00:00,10.814972,6.3525085,100948.266,0.0,0.0,1.6743314,0.0,73.92107
2017-11-18 08:00:00,10.661865,6.1509705,100939.49,0.0,0.0,1.3604829,0.0,73.647316
2017-11-18 09:00:00,9.447418,5.5696716,100922.78,0.0,0.0,1.2411714,0.0,76.733795
2017-11-18 10:00:00,8.463654,5.8978577,100922.01,0.0,0.0,1.5343702,0.0,83.88847
2017-11-18 11:00:00,8.293976,6.087677,100927.984,0.0,0.0,0.62118006,0.0,85.98016
2017-11-18 12:00:00,7.960968,6.052948,100908.69,0.0,0.0,0.42922238,0.0,87.73727
2017-11-18 13:00:00,7.0486145,5.0190125,100919.164,0.0,0.0,0.7709636,0.0,86.91432
2017-11-18 14:00:00,6.4079285,4.4248962,100951.72,0.0,0.0,0.72760814,0.0,87.13516
2017-11-18 15:00:00,7.52713,3.5154724,100998.19,0.12444445,0.0,0.4896362,0.0,75.70205
2017-11-18 16:00:00,9.24588,3.8772278,101033.06,74.48889,0.0,0.57991374,0.0,69.11136
2017-11-18 17:00:00,11.284332,3.3421936,101046.83,244.37334,0.0,1.142373,0.0,58.07984
2017-11-18 18:00:00,12.581207,3.015503,101042.7,402.6311,0.13504028,1.506946,0.0,52.10161
2017-11-18 19:00:00,13.913361,2.8743896,100994.61,512.69336,0.7843933,1.7756373,0.0,47.287533
2017-11-18 20:00:00,14.554626,3.3855896,100919.53,561.4044,0.3656006,1.5381433,0.0,47.033993
2017-11-18 21:00:00,15.823242,2.736908,100857.484,556.23114,0.096221924,1.2631235,0.0,41.404644
2017-11-18 22:00:00,16.238983,5.626831,100788.09,489.38666,0.79818726,1.0954088,0.0,49.37939
2017-11-18 23:00:00,16.315338,5.6820374,100772.97,364.87112,0.988739,1.2308124,0.0,49.32797
2017-11-19 00:00:00,15.379181,5.7457275,100741.07,201.58223,0.96875,1.1449304,0.0,52.60386
2017-11-19 01:00:00,13.775726,7.1353455,100742.266,43.36,0.9624939,1.6191378,0.0,64.205246
2017-11-19 02:00:00,12.057983,5.603546,100764.9,0.0,0.8487549,1.4945685,0.0,64.64632
2017-11-19 03:00:00,10.560028,6.6935425,100802.53,0.0,0.7368469,1.2785164,0.0,76.972534
2017-11-19 04:00:00,10.583099,7.066162,100804.0,0.0,0.74871826,0.94542974,0.0,78.845085
2017-11-19 05:00:00,9.856323,6.8143616,100802.7,0.0,0.17428589,0.99156165,0.0,81.35222
2017-11-19 06:00:00,9.755096,6.955719,100825.625,0.0,0.0,0.9402021,0.0,82.70482
2017-11-19 07:00:00,10.888519,7.751587,100829.23,0.0,0.0,0.5407861,0.0,80.963554
2017-11-19 08:00:00,10.617157,7.6882935,100853.72,0.0,0.26382446,0.15477826,0.0,82.08421
2017-11-19 09:00:00,9.913879,7.620697,100831.75,0.0,0.96066284,0.3191849,0.0,85.63755
2017-11-19 10:00:00,9.044373,7.728058,100805.516,0.0,0.957489,1.1510428,0.0,91.46016
2017-11-19 11:00:00,9.42218,8.407745,100805.78,0.0,0.91744995,0.86401695,0.0,93.37875
2017-11-19 12:00:00,8.274139,7.4289856,100837.0,0.0,0.57974243,0.73070544,0.0,94.406685
2017-11-19 13:00:00,8.846405,7.8619995,100776.72,0.0,0.8968506,1.2164036,0.0,93.54059
2017-11-19 14:00:00,8.930756,7.894867,100728.984,0.0,0.930603,1.1163514,0.0,93.21754
2017-11-19 15:00:00,9.418091,7.7187195,100788.34,0.053333335,0.98999023,0.5151701,0.0,89.12967
2017-11-19 16:00:00,9.310699,8.412048,100805.92,63.36,1.0,0.6730705,0.0,94.10933
2017-11-19 17:00:00,10.73056,8.997101,100802.09,191.00444,1.0,0.33164182,0.0,89.030685
2017-11-19 18:00:00,12.233154,7.9153137,100765.555,363.52,0.9655762,0.042662792,0.0,74.90494
2017-11-19 19:00:00,13.248962,8.017487,100723.82,482.13333,0.96313477,0.44380113,0.0,70.57006
2017-11-19 20:00:00,14.248566,8.011444,100624.39,544.5867,1.0,0.5547673,0.0,66.10227
2017-11-19 21:00:00,16.056488,6.3038025,100570.19,542.64886,0.75686646,0.3229379,0.0,52.351715
2017-11-19 22:00:00,16.45929,9.349884,100515.52,478.50665,0.9449768,0.33685294,0.0,62.79011
2017-11-19 23:00:00,16.20224,9.623047,100463.875,355.8578,1.0,0.22884531,0.0,65.01017
2017-11-20 00:00:00,15.739441,10.376709,100471.3,179.64444,1.0,0.95931,0.0,70.427345
2017-11-20 01:00:00,13.649628,9.180145,100535.2,29.76,1.0,1.5158534,0.0,74.38156
2017-11-20 02:00:00,13.369324,9.066498,100547.78,0.0,0.9906311,1.6533277,0.0,75.173965
2017-11-20 03:00:00,14.295624,11.610565,100552.555,0.0,1.0,0.6424256,0.0,83.88989
2017-11-20 04:00:00,14.140167,11.5052185,100591.25,0.0,1.0,0.42415679,0.0,84.150604
2017-11-20 05:00:00,13.963776,11.957123,100555.39,0.0,0.995636,1.0817351,0.0,87.69789
2017-11-20 06:00:00,13.099304,11.809723,100560.75,0.0,1.0,1.6812333,0.0,91.87917
2017-11-20 07:00:00,12.789581,11.564423,100525.07,0.0,1.0,1.8518337,0.0,92.25263
2017-11-20 08:00:00,13.213165,11.584198,100508.34,0.0,0.9906311,1.6884186,0.0,89.849625
2017-11-20 09:00:00,12.863312,11.125458,100475.44,0.0,1.0,1.5536742,0.0,89.17683
2017-11-20 10:00:00,14.126221,11.518097,100537.63,0.0,0.98501587,0.6224685,0.00023365021,84.29853
2017-11-20 11:00:00,14.267914,11.724915,100495.45,0.0,1.0,1.3209788,0.0,84.678
2017-11-20 12:00:00,13.940338,11.46109,100449.125,0.0,1.0,1.569591,0.0,84.99996
2017-11-20 13:00:00,14.009247,11.377106,100416.33,0.0,1.0,1.5382768,0.0,84.15141
2017-11-20 14:00:00,14.05838,11.25412,100433.17,0.0,1.0,1.6650759,0.0,83.20278
2017-11-20 15:00:00,14.50177,10.112732,100470.984,0.0,1.0,1.8451254,9.536743e-07,74.93045
2017-11-20 16:00:00,14.417175,9.976044,100515.55,26.026667,1.0,1.4458324,0.0,74.65529
2017-11-20 17:00:00,14.926178,10.565399,100547.836,122.63111,0.99935913,2.0901523,0.0,75.14348
2017-11-20 18:00:00,16.09613,11.149017,100590.41,238.50667,1.0,2.0344567,0.0,72.47029
2017-11-20 19:00:00,16.70163,11.954742,100598.49,82.613335,1.0,1.4331855,4.2915344e-06,73.54518
2017-11-20 20:00:00,17.153778,12.761597,100576.22,185.15555,0.97372437,1.5619304,6.67572e-06,75.357765
2017-11-20 21:00:00,17.66156,12.291962,100556.89,388.62222,0.27874756,2.2167888,5.722046e-06,70.762245
2017-11-20 22:00:00,18.212585,12.565521,100532.95,191.59111,0.58258057,0.8271492,4.7683716e-07,69.5891
2017-11-20 23:00:00,18.24588,13.363678,100527.875,117.44,0.47192383,0.9309216,0.0,73.165855
2017-11-21 00:00:00,17.689972,13.146118,100546.95,83.91111,0.7719116,0.7186461,9.536743e-07,74.70267
2017-11-21 01:00:00,17.240906,11.519684,100539.46,25.155556,0.975647,0.7875357,2.3841858e-06,69.05931
2017-11-21 02:00:00,17.55893,11.689484,100538.69,0.0,1.0,1.0131402,2.3841858e-06,68.44906
2017-11-21 03:00:00,16.841766,13.6409,100555.76,0.0,1.0,1.111347,0.0,81.405655
2017-11-21 04:00:00,16.582184,13.846466,100582.81,0.0,1.0,0.87921274,0.0,83.87318
2017-11-21 05:00:00,16.258179,13.427338,100634.84,0.0,0.96499634,0.34625152,0.0,83.31816
2017-11-21 06:00:00,16.08319,13.531006,100665.72,0.0,0.975647,0.9269158,0.0,84.82472
2017-11-21 07:00:00,15.548431,13.291687,100723.14,0.0,0.960022,1.4375192,0.0,86.41859
2017-11-21 08:00:00,14.365997,12.958832,100703.83,0.0,0.96936035,1.879228,0.0,91.251366
2017-11-21 09:00:00,13.159149,12.83255,100703.17,0.0,0.72439575,1.7952731,0.0,97.88672
2017-11-21 10:00:00,13.206543,11.931122,100679.125,0.0,0.63879395,2.7048583,0.0,91.97154
2017-11-21 11:00:00,13.453369,12.061279,100654.45,0.0,0.7682495,2.5593276,0.0,91.28239
2017-11-21 12:00:00,12.767609,11.393616,100661.266,0.0,0.839386,2.0979242,0.0,91.34708
2017-11-21 13:00:00,12.577789,11.3767395,100686.97,0.0,0.953125,1.527424,0.0,92.387726
2017-11-21 14:00:00,12.357483,11.368439,100724.11,0.0,0.980011,1.5257672,0.0,93.68252
2017-11-21 15:00:00,12.512482,10.273285,100809.0,0.0,1.0,1.1613675,0.0,86.217834
2017-11-21 16:00:00,13.390686,11.248566,100831.19,40.0,1.0,1.8730127,0.0,86.86302
2017-11-21 17:00:00,14.232117,11.416504,100809.26,143.71556,0.98999023,1.3640721,0.0,83.16098
2017-11-21 18:00:00,15.462921,11.700836,100828.81,239.4311,0.9906311,0.88263005,0.0,78.27583
2017-11-21 19:00:00,17.09372,12.345398,100769.36,402.4889,0.9812622,0.97168595,0.0,73.60686
2017-11-21 20:00:00,18.550232,13.03479,100699.03,462.93332,0.9906311,1.309444,0.0,70.25713
2017-11-21 21:00:00,20.299072,12.129547,100584.05,481.54666,0.9737549,2.0174656,0.0,59.37765
2017-11-21 22:00:00,20.979706,13.477875,100528.336,432.35556,0.9706421,1.6346275,0.0,62.19388
2017-11-21 23:00:00,21.58841,14.0052185,100507.95,323.25333,0.92874146,0.5812202,0.0,62.003387
2017-11-22 00:00:00,20.620361,15.156647,100489.86,182.09778,0.8768616,1.084839,0.0,70.885056
2017-11-22 01:00:00,19.126892,13.407562,100513.836,38.684444,0.45996094,1.7411369,0.0,69.438805
2017-11-22 02:00:00,18.753632,13.389587,100575.984,0.0,0.29122925,1.7686324,0.0,70.993744
2017-11-22 03:00:00,17.666351,14.78952,100660.28,0.0,0.19433594,1.7439439,0.0,83.23556
2017-11-22 04:00:00,15.140106,13.26828,100690.47,0.0,0.31063843,1.2812595,0.0,88.579216
2017-11-22 05:00:00,14.867889,13.127991,100705.79,0.0,0.29934692,0.864844,0.0,89.32347
2017-11-22 06:00:00,15.106812,13.395142,100746.414,0.0,0.34188843,0.86875194,0.0,89.50677
2017-11-22 07:00:00,14.577789,12.980988,100740.08,0.0,0.24624634,0.84924823,0.0,90.140915
2017-11-22 08:00:00,14.088898,12.630157,100709.055,0.0,0.06375122,0.9486376,0.0,90.925316
2017-11-22 09:00:00,13.066803,12.526886,100660.86,0.0,0.7501831,1.1293015,0.0,96.5253
2017-11-22 10:00:00,12.524902,11.831818,100667.26,0.0,0.7595825,1.8441226,0.0,95.54071
2017-11-22 11:00:00,12.482208,11.850311,100632.586,0.0,0.2901001,1.9051807,0.0,95.92587
2017-11-22 12:00:00,11.338409,10.9711,100622.44,0.0,0.09753418,1.515262,0.0,97.592384
2017-11-22 13:00:00,10.988678,10.598846,100631.984,0.0,0.3269348,0.47800073,0.0,97.43952
2017-11-22 14:00:00,11.263763,10.7951355,100664.14,0.0,0.77575684,0.6912199,0.0,96.93557
2017-11-22 15:00:00,11.743683,10.122955,100716.44,0.0,0.7626648,0.9046955,0.0,89.78777
2017-11-22 16:00:00,12.468506,10.89035,100747.97,43.875557,0.78759766,1.1030512,0.0,90.09736
2017-11-22 17:00:00,13.876312,12.702576,100774.16,156.69333,0.82876587,1.3131036,4.7683716e-07,92.62724
2017-11-22 18:00:00,14.955231,13.039764,100768.48,274.3111,0.9499817,1.4273155,4.7683716e-07,88.31152
2017-11-22 19:00:00,16.329132,13.948456,100715.28,366.7378,0.99624634,1.3043952,0.0,85.801895
2017-11-22 20:00:00,18.023956,15.092255,100633.945,443.27112,0.94937134,1.0449849,0.0,82.984085
2017-11-22 21:00:00,18.89505,13.822235,100573.06,489.72446,0.96813965,0.92522335,0.0,72.37858
2017-11-22 22:00:00,20.080933,13.519897,100530.766,362.36444,0.95565796,1.1213655,0.0,65.92163
2017-11-22 23:00:00,19.601654,14.538666,100527.92,181.68889,0.9581299,1.0847368,0.0,72.55149
2017-11-23 00:00:00,18.92221,14.571838,100536.89,76.35555,0.988739,1.6020734,0.0,75.85178
2017-11-23 01:00:00,17.436493,13.085297,100536.805,22.666666,1.0,1.5966086,0.0,75.60663
2017-11-23 02:00:00,17.169952,12.80542,100572.836,0.0,0.9924927,1.4534388,0.0,75.497055
2017-11-23 03:00:00,16.253143,15.019043,100595.5,0.0,0.9924927,0.8264097,0.0,92.39719
2017-11-23 04:00:00,16.016632,14.730469,100631.04,0.0,1.0,0.83633316,0.0,92.07406
2017-11-23 05:00:00,15.497711,14.382538,100687.0,0.0,0.98999023,0.953325,0.0,93.06809
2017-11-23 06:00:00,15.548553,14.509674,100715.78,0.0,1.0,1.1312124,0.0,93.530945
2017-11-23 07:00:00,15.32959,14.432404,100741.26,0.0,0.9825134,1.1294299,0.0,94.38174
2017-11-23 08:00:00,14.885162,14.115631,100716.625,0.0,1.0,1.0718902,0.0,95.14751
2017-11-23 09:00:00,14.175873,13.991791,100658.22,0.0,1.0,1.1518985,0.0,98.813354
2017-11-23 10:00:00,13.937042,13.293976,100667.984,0.0,1.0,1.3731713,9.536743e-07,95.90099
2017-11-23 11:00:00,14.210114,13.570831,100633.78,0.0,0.9874878,1.2849178,3.4332275e-05,95.93313
2017-11-23 12:00:00,13.581146,12.704803,100631.17,0.0,0.97753906,0.48666644,2.3841858e-06,94.4361
2017-11-23 13:00:00,13.288605,12.80069,100669.94,0.0,0.8807678,1.605906,5.722046e-06,96.860596
2017-11-23 14:00:00,12.9530945,12.832672,100678.34,0.0,0.88134766,1.4411367,3.8146973e-06,99.214905
2017-11-23 15:00:00,13.270172,12.048798,100720.58,0.0,0.9388428,0.81440884,4.7683716e-06,92.30354
2017-11-23 16:00:00,13.459259,12.440277,100761.41,39.822224,0.975647,0.6095388,2.5749207e-05,93.55086
2017-11-23 17:00:00,14.319855,13.156097,100757.28,167.64444,0.9625244,0.72855633,3.33786e-06,92.71211
2017-11-23 18:00:00,16.081696,14.522827,100746.03,302.5778,0.8019104,0.4657099,2.861023e-06,90.47095
2017-11-23 19:00:00,17.001953,14.593597,100719.734,381.3511,0.85809326,1.1824394,0.0,85.71666
2017-11-23 20:00:00,18.161438,15.900787,100680.81,453.4222,0.8280945,2.2454736,0.0,86.64907
2017-11-23 21:00:00,18.368866,14.820068,100631.03,421.24445,0.6324768,2.5843349,0.0,79.79395
2017-11-23 22:00:00,18.141846,14.314667,100566.19,330.13333,0.8618469,0.83908695,0.0,78.33953
2017-11-23 23:00:00,18.092804,14.487518,100543.95,230.41777,0.8918762,1.1091655,0.0,79.465004
2017-11-24 00:00:00,18.044403,14.779327,100525.414,98.4,0.8887634,1.0806093,0.0,81.22342
2017-11-24 01:00:00,17.581543,14.601105,100528.91,20.017778,0.9555969,1.2228172,0.0,82.670715
2017-11-24 02:00:00,17.124664,14.062439,100534.76,0.0,0.9968567,0.98836887,0.0,82.17825
2017-11-24 03:00:00,16.408844,15.658264,100567.22,0.0,0.99624634,0.7941972,4.7683716e-07,95.31858
2017-11-24 04:00:00,16.162445,15.487335,100580.81,0.0,0.9350281,2.0017405,9.536743e-07,95.772575
2017-11-24 05:00:00,16.312775,15.706421,100636.55,0.0,0.98501587,1.8496044,0.0,96.200134
2017-11-24 06:00:00,16.28897,15.5442505,100641.61,0.0,0.94625854,1.7625777,0.0,95.350174
2017-11-24 07:00:00,16.072235,15.410065,100672.09,0.0,0.9906311,1.7425916,0.0,95.84927
2017-11-24 08:00:00,15.706207,15.215118,100649.02,0.0,0.99124146,1.6947526,0.0,96.89826
2017-11-24 09:00:00,15.525665,15.346741,100646.22,0.0,0.9831238,1.6896745,0.0,98.85836
2017-11-24 10:00:00,14.980225,14.481873,100611.57,0.0,0.9987488,0.454401,0.0,96.83559
2017-11-24 11:00:00,15.296356,14.702362,100577.67,0.0,0.9968567,0.6640299,0.0,96.24752
2017-11-24 12:00:00,14.070831,13.414459,100561.66,0.0,0.9924927,0.51024365,0.0,95.82202
2017-11-24 13:00:00,13.853851,13.371185,100571.375,0.0,0.98062134,0.8713177,0.0,96.907326
2017-11-24 14:00:00,13.971527,13.558044,100559.5,0.0,0.9612732,0.69409686,0.0,97.347786
2017-11-24 15:00:00,14.314117,13.123077,100571.7,0.0,0.97940063,0.52418154,0.0,92.546715
2017-11-24 16:00:00,14.332977,13.175629,100585.1,30.862223,0.99313354,0.91137564,0.0,92.75164
2017-11-24 17:00:00,14.728729,13.628387,100637.66,130.77333,0.97628784,1.1887686,0.0,93.117966
2017-11-24 18:00:00,15.802643,14.204041,100606.3,271.32443,0.9132385,0.9740236,0.0,90.218895
2017-11-24 19:00:00,16.781097,14.49231,100541.15,299.46667,0.9937744,0.91971,0.0,86.35934
2017-11-24 20:00:00,17.576416,14.649811,100479.03,349.6,0.90426636,1.5004631,0.0,82.95799
2017-11-24 21:00:00,18.546844,13.589203,100426.37,426.4889,0.788208,1.5674413,0.0,72.86025
2017-11-24 22:00:00,18.662872,14.277954,100360.97,403.66223,0.82437134,1.3935125,0.0,75.64057
2017-11-24 23:00:00,18.815033,14.317474,100337.336,317.2978,0.04626465,1.6959522,0.0,75.11584
2017-11-25 00:00:00,18.233704,14.3697815,100293.76,181.3689,0.6018677,1.7116877,0.0,78.16702
2017-11-25 01:00:00,17.837646,14.712128,100266.56,35.02222,0.81936646,1.4243851,0.0,81.93145
2017-11-25 02:00:00,16.624756,13.354584,100288.51,0.0,0.33877563,1.5501866,0.0,81.01064
2017-11-25 03:00:00,16.856201,14.914612,100323.78,0.0,0.8126221,1.4573638,0.0,88.3232
2017-11-25 04:00:00,16.079834,14.578705,100334.09,0.0,0.84484863,0.9321206,0.0,90.80901
2017-11-25 05:00:00,15.685028,14.282135,100359.67,0.0,0.90493774,0.99343836,0.0,91.36173
2017-11-25 06:00:00,15.851532,14.295837,100384.2,0.0,0.9549866,0.81187475,0.0,90.473434
2017-11-25 07:00:00,16.302948,14.579987,100380.91,0.0,0.6236267,1.1182402,0.0,89.532936
2017-11-25 08:00:00,15.731598,14.115601,100299.445,0.0,0.35256958,1.3662703,0.0,90.11211
2017-11-25 09:00:00,14.739105,13.647095,100240.875,0.0,0.72439575,1.4618807,0.0,93.16897
2017-11-25 10:00:00,13.230377,12.5711975,100187.734,0.0,0.9468689,1.5943348,0.0,95.77753
2017-11-25 11:00:00,12.76123,12.178131,100155.16,0.0,0.9724426,1.548796,0.0,96.24323
2017-11-25 12:00:00,11.641876,11.116913,100119.08,0.0,0.95809937,1.4304352,0.0,96.58283
2017-11-25 13:00:00,11.924469,11.582916,100084.95,0.0,0.9862671,1.2394778,0.0,97.769714
2017-11-25 14:00:00,11.8506775,11.519989,100090.08,0.0,0.9606018,1.5386348,0.0,97.83872
2017-11-25 15:00:00,11.903046,10.893829,100120.43,0.0,0.96813965,1.3402841,0.0,93.535194
2017-11-25 16:00:00,13.028717,11.612457,100167.18,49.173332,0.97372437,1.3182689,0.0,91.109055
2017-11-25 17:00:00,15.09314,12.368225,100200.95,195.05779,0.98501587,1.3819644,0.0,83.76151
2017-11-25 18:00:00,16.898285,12.652405,100221.92,341.6889,0.9949951,1.4128579,0.0,76.042046
2017-11-25 19:00:00,18.649506,11.24588,100177.42,438.6489,0.980011,2.0634387,0.0,62.063885
2017-11-25 20:00:00,20.035004,10.352936,100084.19,468.48,0.99124146,2.736267,0.0,53.649063
2017-11-25 21:00:00,20.665375,7.450897,100050.92,423.1111,0.98999023,2.5326653,0.0,42.414864
2017-11-25 22:00:00,20.186188,12.41452,100106.29,267.21777,0.9924927,1.025662,0.0,60.92497
2017-11-25 23:00:00,19.128082,12.381073,100093.8,195.11111,1.0,1.0930026,0.0,64.92199
2017-11-26 00:00:00,19.156006,12.867584,100052.53,100.248886,1.0,2.2208426,0.0,66.91041
2017-11-26 01:00:00,18.278046,12.015961,100094.43,22.48889,0.98187256,2.0124142,0.0,66.84373
2017-11-26 02:00:00,17.656403,11.679138,100131.07,0.0,0.98934937,1.8239692,0.0,67.9828
2017-11-26 03:00:00,16.336945,12.884247,100153.234,0.0,1.0,1.7061412,0.0,80.011604
2017-11-26 04:00:00,15.771973,12.618256,100133.36,0.0,1.0,1.7404991,0.0,81.51818
2017-11-26 05:00:00,15.90036,12.700165,100160.3,0.0,1.0,1.8026578,0.0,81.28679
2017-11-26 06:00:00,16.009949,13.425415,100243.27,0.0,1.0,2.2301521,0.0,84.6382
2017-11-26 07:00:00,16.070648,13.328766,100216.05,0.0,1.0,2.6659715,0.0,83.78099
2017-11-26 08:00:00,16.161407,13.869659,100248.336,0.0,1.0,2.94615,0.0,86.281975
2017-11-26 09:00:00,16.50174,14.143097,100227.7,0.0,1.0,3.272043,0.0,85.942085
2017-11-26 10:00:00,15.198608,12.557037,100217.51,0.0,0.9981384,2.8006842,0.0,84.233284
2017-11-26 11:00:00,15.410309,13.128937,100166.53,0.0,1.0,3.2596307,0.0,86.26618
2017-11-26 12:00:00,16.037872,13.890839,100194.83,0.0,1.0,3.17905,0.0,87.08491
2017-11-26 13:00:00,16.079681,14.478882,100204.53,0.0,0.97750854,2.9147315,0.0,90.22596
2017-11-26 14:00:00,16.19284,14.586914,100194.836,0.0,0.99935913,3.052109,0.0,90.20417
2017-11-26 15:00:00,16.444305,14.9470825,100213.37,0.0,0.98999023,3.6337812,0.0,90.85646
2017-11-26 16:00:00,16.587616,15.059174,100233.11,12.408889,0.9987488,4.28814,1.04904175e-05,90.68373
2017-11-26 17:00:00,16.580109,14.906036,100250.86,46.54222,1.0,5.067669,3.0517578e-05,89.83671
2017-11-26 18:00:00,16.906921,15.078186,100290.81,49.244446,1.0,5.197923,3.8146973e-05,88.97154
2017-11-26 19:00:00,16.982971,15.11261,100252.984,64.67555,1.0,5.128651,9.059906e-05,88.73972
2017-11-26 20:00:00,16.689789,14.740509,100228.41,71.69778,1.0,5.0624714,0.00010538101,88.26531
2017-11-26 21:00:00,16.814728,14.084808,100174.86,78.04444,1.0,4.649063,6.198883e-05,83.931206
2017-11-26 22:00:00,16.558258,15.36618,100152.81,89.67111,1.0,4.4914627,0.00018405914,92.66408
2017-11-26 23:00:00,16.502869,15.113983,100090.92,79.022224,1.0,3.4309063,0.00023317337,91.49614
2017-11-27 00:00:00,16.159088,15.131073,100100.69,39.822224,1.0,3.6111214,0.00029230118,93.62578
2017-11-27 01:00:00,16.418121,14.532501,100060.53,8.9777775,0.98501587,2.5055776,0.00034999847,88.60603
2017-11-27 02:00:00,15.843048,13.798462,100040.266,0.0,0.98687744,2.2084792,0.0001835823,87.64862
2017-11-27 03:00:00,15.513519,13.364288,100094.4,0.0,1.0,2.6038759,0.00012207031,87.02344
2017-11-27 04:00:00,15.32132,12.79715,100088.28,0.0,1.0,3.2978008,5.8174133e-05,84.897705
2017-11-27 05:00:00,15.076874,12.360626,100089.84,0.0,1.0,3.1133387,2.7656555e-05,83.80737
2017-11-27 06:00:00,14.86264,12.031586,100079.58,0.0,0.9700012,3.7768514,1.1444092e-05,83.15153
2017-11-27 07:00:00,14.543243,11.198212,100067.03,0.0,0.6080322,4.3311176,3.6239624e-05,80.333244
2017-11-27 08:00:00,13.959137,10.324951,100065.97,0.0,0.8925171,5.0806823,0.00037765503,78.71973
2017-11-27 09:00:00,12.063141,10.319702,100092.95,0.0,0.9850464,6.2408595,0.0020484924,89.07934
2017-11-27 10:00:00,10.229584,8.064789,100161.42,0.0,0.98501587,3.1343007,0.0024161339,86.422195
2017-11-27 11:00:00,10.326324,8.247314,100177.516,0.0,0.6355896,1.5212324,0.0017209053,86.936874
2017-11-27 12:00:00,9.726257,8.035126,100187.46,0.0,0.6874695,3.1517303,0.0006594658,89.20468
2017-11-27 13:00:00,9.892242,8.242828,100285.03,0.0,0.80493164,2.4396255,0.0007658005,89.47115
2017-11-27 14:00:00,10.326508,7.832062,100362.3,0.0,0.46115112,2.2766852,0.0015039444,84.51524
2017-11-27 15:00:00,10.720917,6.2959595,100434.34,0.0,0.23440552,1.1069337,4.7683716e-05,74.09581
2017-11-27 16:00:00,11.271606,6.459503,100518.16,39.502224,0.10183716,0.56696814,0.0,72.24374
2017-11-27 17:00:00,11.981964,7.6643677,100623.03,197.61778,0.1187439,0.67371964,3.8146973e-06,74.863235
2017-11-27 18:00:00,12.63562,7.9644775,100730.49,353.99112,0.15939331,1.8706928,0.0,73.19514
2017-11-27 19:00:00,13.138458,8.936859,100748.234,458.27554,0.27316284,2.3260636,6.67572e-06,75.650536
2017-11-27 20:00:00,13.580292,8.504364,100744.71,479.00446,0.38253784,2.9413068,0.0,71.3829
2017-11-27 21:00:00,14.519257,7.4690247,100713.34,504.62222,0.06994629,3.2226179,0.0,62.596943
2017-11-27 22:00:00,14.244293,7.6564636,100702.84,440.65778,0.30178833,2.6161675,0.0,64.54102
2017-11-27 23:00:00,14.449524,7.743469,100717.45,326.27554,0.039398193,2.5265756,0.0,64.068436
2017-11-28 00:00:00,14.204681,7.818817,100699.36,184.23111,0.022491455,2.365449,0.0,65.426926
2017-11-28 01:00:00,13.269623,7.9360657,100728.984,35.644444,0.003753662,1.6663337,0.0,70.08563
2017-11-28 02:00:00,12.451752,7.436981,100717.17,0.0,0.0,1.466834,0.0,71.46649
2017-11-28 03:00:00,11.289398,8.612457,100714.234,0.0,0.0,1.2520387,0.0,83.58487
2017-11-28 04:00:00,10.820831,8.399139,100727.984,0.0,0.18130493,1.5800613,0.0,84.98912
2017-11-28 05:00:00,10.561005,8.332428,100707.53,0.0,0.61572266,1.4501592,0.0,86.08204
2017-11-28 06:00:00,10.208832,8.061768,100761.03,0.0,0.8293762,1.3337468,0.0,86.52439
2017-11-28 07:00:00,11.104767,8.308563,100758.61,0.0,0.9781189,1.3775067,0.0,82.88981
2017-11-28 08:00:00,11.186005,8.404633,100739.09,0.0,0.76678467,1.3285509,0.0,82.9832
2017-11-28 09:00:00,9.814514,7.7878113,100706.11,0.0,0.78619385,1.3246839,0.0,87.19775
2017-11-28 10:00:00,8.312225,7.378662,100736.98,0.0,0.88687134,1.0424349,0.0,93.839645
2017-11-28 11:00:00,9.346466,7.9615784,100678.53,0.0,0.75064087,1.0073061,0.0,91.05396
2017-11-28 12:00:00,9.2812805,7.7117004,100635.125,0.0,0.34991455,0.7340771,0.0,89.911064
2017-11-28 13:00:00,9.523834,7.6242676,100618.58,0.0,0.30056763,0.38136786,0.0,87.929985
2017-11-28 14:00:00,9.53537,7.423523,100643.84,0.0,0.33877563,0.32101676,0.0,86.66571
2017-11-28 15:00:00,10.438965,7.1220703,100687.9,0.0,0.3968811,0.5775844,0.0,79.912094
2017-11-28 16:00:00,8.971466,6.8921204,100749.86,46.364445,0.44747925,0.44788793,0.0,86.80347
2017-11-28 17:00:00,10.70752,8.034393,100785.21,199.75111,0.29681396,0.6808002,0.0,83.5375
2017-11-28 18:00:00,11.823822,8.48587,100804.11,350.08,0.27999878,1.0140014,0.0,79.99328
2017-11-28 19:00:00,13.007324,9.4444275,100793.016,456.97778,0.75006104,2.3544066,0.0,78.95653
2017-11-28 20:00:00,13.617584,9.870758,100761.42,490.6311,0.91186523,2.8959641,0.0,78.07788
2017-11-28 21:00:00,14.669586,8.037903,100674.61,498.61334,0.84310913,3.0742393,0.0,64.4429
2017-11-28 22:00:00,14.988861,9.174805,100610.88,423.89334,0.93688965,2.9647698,0.0,68.18055
2017-11-28 23:00:00,15.1203,8.952484,100572.92,322.7378,0.8206177,2.5850363,0.0,66.59994
2017-11-29 00:00:00,14.567841,8.5104065,100624.82,174.45334,0.6950073,2.4291842,0.0,66.98186
2017-11-29 01:00:00,14.194366,9.466827,100627.625,33.12,0.921875,2.4368162,0.0,73.195656
2017-11-29 02:00:00,13.620758,8.970306,100625.766,0.0,0.890625,1.8725725,0.0,73.47419
2017-11-29 03:00:00,12.766144,10.264465,100636.44,0.0,0.34387207,1.3772875,0.0,84.74547
2017-11-29 04:00:00,12.366852,10.188202,100685.484,0.0,0.0025024414,2.0030112,0.0,86.55294
2017-11-29 05:00:00,11.733917,9.733856,100707.88,0.0,0.0,2.3249874,0.0,87.53397
2017-11-29 06:00:00,11.1614685,9.203308,100713.13,0.0,0.0,1.9549738,0.0,87.7287
2017-11-29 07:00:00,10.16214,8.629089,100732.586,0.0,0.0,2.035686,0.0,90.200356
2017-11-29 08:00:00,10.331665,8.824188,100695.62,0.0,0.0,1.3857502,0.0,90.36888
2017-11-29 09:00:00,8.931671,8.246246,100707.67,0.0,0.18331909,1.5327154,0.0,95.46528
2017-11-29 10:00:00,8.312683,7.879486,100753.23,0.0,0.13406372,0.6317549,0.0,97.09843
2017-11-29 11:00:00,9.976227,9.085754,100736.05,0.0,0.0,0.41674745,0.0,94.19129
2017-11-29 12:00:00,9.400543,8.574463,100730.664,0.0,0.0,1.1141628,0.0,94.57715
2017-11-29 13:00:00,9.31189,8.584412,100736.26,0.0,0.19393921,1.5706909,0.0,95.20718
2017-11-29 14:00:00,9.473389,8.765564,100747.8,0.0,0.17895508,1.4690974,0.0,95.339775
2017-11-29 15:00:00,10.155304,7.9839783,100773.69,0.0,0.0018920898,0.5054385,0.0,86.37639
2017-11-29 16:00:00,10.651672,8.684143,100808.94,44.657776,0.0,0.66879576,0.0,87.62685
2017-11-29 17:00:00,11.999786,9.242462,100861.89,197.40445,0.0,0.84647477,0.0,83.216934
2017-11-29 18:00:00,13.396759,8.267029,100879.05,350.04443,0.0,1.0925994,0.0,71.08813
2017-11-29 19:00:00,14.745697,7.6131287,100827.3,464.0889,0.0,2.1109598,0.0,62.29822
2017-11-29 20:00:00,15.766693,7.1820374,100765.56,523.23553,0.0,2.7344058,0.0,56.64797
2017-11-29 21:00:00,16.579926,5.1213074,100712.125,520.92444,0.0,2.9147918,0.0,46.651283
2017-11-29 22:00:00,16.459503,7.150482,100636.234,458.06223,0.0,2.0505104,0.0,54.080154
2017-11-29 23:00:00,16.402618,7.5242615,100604.17,341.40445,0.0,1.8477464,0.0,55.68162
2017-11-30 00:00:00,15.788391,7.9101257,100627.64,186.04445,0.0,1.3066616,0.0,59.452274
2017-11-30 01:00:00,13.030365,6.8480835,100641.45,35.76889,0.0,2.0371292,0.0,66.08743
2017-11-30 02:00:00,11.64566,6.295929,100640.8,0.0,0.0,1.7210536,0.0,69.68708
2017-11-30 03:00:00,10.573395,8.128845,100694.45,0.0,0.0,1.2178048,0.0,84.83019
2017-11-30 04:00:00,9.882965,7.9413147,100720.984,0.0,0.0,1.250257,0.0,87.71063
2017-11-30 05:00:00,9.884857,7.976776,100761.39,0.0,0.0,1.5213895,0.0,87.91138
2017-11-30 06:00:00,10.393524,8.384613,100807.266,0.0,0.0,1.8070215,0.0,87.35775
2017-11-30 07:00:00,10.731628,8.806976,100801.734,0.0,0.0,1.8163898,0.0,87.88854
2017-11-30 08:00:00,10.369598,8.852386,100778.516,0.0,0.0,1.7459036,0.0,90.31221
2017-11-30 09:00:00,9.922791,8.80246,100763.91,0.0,0.06750488,2.1684394,0.0,92.738174
2017-11-30 10:00:00,7.6388855,7.0206604,100758.12,0.0,0.2946167,1.2672291,0.0,95.86024
2017-11-30 11:00:00,7.974518,7.146393,100762.41,0.0,0.4465332,1.3458264,0.0,94.503845
2017-11-30 12:00:00,7.0693054,6.3146973,100740.66,0.0,0.756073,1.2786022,0.0,94.94529
2017-11-30 13:00:00,6.8564453,6.053009,100751.0,0.0,0.7435913,1.3675971,0.0,94.61724
2017-11-30 14:00:00,6.8470764,5.9058533,100771.07,0.0,0.87002563,1.3571172,0.0,93.71984
2017-11-30 15:00:00,8.036072,5.44516,100807.55,0.0,0.80685425,1.0975945,0.0,83.69205
2017-11-30 16:00:00,8.714813,6.5326233,100832.23,39.36,0.6079712,1.0722244,0.0,86.16652
2017-11-30 17:00:00,11.118378,8.170898,100827.32,184.64,0.117492676,0.9901585,0.0,82.044525
2017-11-30 18:00:00,13.066803,8.357147,100842.67,344.10666,0.0,1.1813613,0.0,73.08145
2017-11-30 19:00:00,14.300812,7.1211243,100799.41,456.17776,0.0,1.5571687,0.0,61.99463
2017-11-30 20:00:00,15.333649,6.4503784,100746.42,512.51556,0.3156128,2.1361978,0.0,55.388905
2017-11-30 21:00:00,16.517975,4.6026917,100668.63,506.8089,0.30490112,2.657107,0.0,45.171528
2017-11-30 22:00:00,16.90326,7.522766,100595.08,445.4222,0.8399658,1.6358144,0.0,53.931805
2017-11-30 23:00:00,16.711426,8.00769,100584.06,328.94223,0.84313965,1.1778734,0.0,56.427097
2017-12-01 00:00:00,16.221283,9.34079,100572.3,178.50667,0.9031677,1.5660776,0.0,63.71074
2017-12-01 01:00:00,14.52475,8.522491,100615.234,33.884445,0.73876953,1.9168288,0.0,67.223625
2017-12-01 02:00:00,12.466064,6.748993,100614.016,0.0,0.13687134,2.0828872,0.0,68.11174
2017-12-01 03:00:00,10.674438,8.396088,100612.85,0.0,0.0,1.2224345,0.0,85.80356
2017-12-01 04:00:00,10.4844055,8.345856,100633.92,0.0,0.0,1.3413177,0.0,86.60167
2017-12-01 05:00:00,10.296051,8.173889,100664.2,0.0,0.30880737,1.6977018,0.0,86.67954
2017-12-01 06:00:00,9.986053,7.9053955,100677.67,0.0,0.36813354,0.91002244,0.0,86.894295
2017-12-01 07:00:00,11.061096,8.706238,100664.195,0.0,0.16937256,0.99188036,0.0,85.40066
2017-12-01 08:00:00,10.645538,8.585175,100658.81,0.0,0.018188477,1.3569835,0.0,87.07742
2017-12-01 09:00:00,9.765717,8.047974,100602.61,0.0,0.0,1.003128,0.0,89.04661
2017-12-01 10:00:00,8.651123,7.9095764,100620.125,0.0,0.76516724,0.23243971,0.0,95.0915
2017-12-01 11:00:00,8.8341675,8.216827,100590.53,0.0,0.8257446,0.75040126,0.0,95.90435
2017-12-01 12:00:00,8.492706,7.9377136,100574.44,0.0,0.9718933,1.0573264,0.0,96.30132
2017-12-01 13:00:00,6.907318,6.334381,100594.84,0.0,0.7970276,0.8560294,0.0,96.13618
2017-12-01 14:00:00,7.553589,6.8029785,100572.0,0.0,0.99624634,0.9664689,0.0,94.99037
2017-12-01 15:00:00,8.733765,7.589264,100615.49,0.0,0.9906616,0.8155767,0.0,92.51924
2017-12-01 16:00:00,9.255035,7.7752686,100664.84,34.453335,0.99246216,1.0919805,0.0,90.46122
2017-12-01 17:00:00,10.546722,9.209991,100681.03,137.31555,0.9981384,0.9212974,0.0,91.43091
2017-12-01 18:00:00,11.302643,9.497803,100693.91,286.50665,0.99749756,0.90586644,0.0,88.651
2017-12-01 19:00:00,12.148773,9.620605,100643.516,355.73334,0.9968872,1.2306828,0.0,84.52686
2017-12-01 20:00:00,13.204071,9.362335,100600.77,445.49335,1.0,1.6385003,0.0,77.51866
2017-12-01 21:00:00,14.307434,7.666168,100517.41,467.28888,0.96499634,1.8498154,0.0,64.32024
2017-12-01 22:00:00,14.712006,9.501678,100463.42,435.16446,0.96307373,1.2889414,0.0,70.95225
2017-12-01 23:00:00,14.707428,9.475494,100446.89,330.9689,0.9981079,1.1957583,0.0,70.84839
2017-12-02 00:00:00,14.573486,9.579376,100432.28,177.67111,0.99935913,1.3419815,0.0,71.964424
2017-12-02 01:00:00,13.085724,9.18512,100421.28,32.924446,0.98187256,1.9614352,0.0,77.193565
2017-12-02 02:00:00,11.906158,7.985718,100445.19,0.0,0.97750854,2.01063,0.0,76.90352
2017-12-02 03:00:00,10.888031,8.938965,100455.586,0.0,0.99124146,1.5814193,0.0,87.75777
2017-12-02 04:00:00,9.931244,8.272339,100455.22,0.0,0.91500854,1.3115498,0.0,89.41662
2017-12-02 05:00:00,8.952728,7.575836,100452.21,0.0,0.93185425,1.5369121,0.0,91.076965
2017-12-02 06:00:00,10.113617,8.313385,100470.8,0.0,0.9543762,1.2563232,0.0,88.578
2017-12-02 07:00:00,10.818848,8.806,100465.016,0.0,0.99624634,0.8797521,0.0,87.37413
2017-12-02 08:00:00,10.412384,8.502014,100444.984,0.0,0.9987488,0.7355983,0.0,87.94495
2017-12-02 09:00:00,9.55246,8.115509,100421.61,0.0,0.9825134,0.9954593,0.0,90.746315
2017-12-02 10:00:00,9.707306,9.183685,100426.52,0.0,0.9981079,0.7555045,0.0,96.540016
2017-12-02 11:00:00,9.133575,8.92746,100392.266,0.0,0.99935913,0.68608266,0.0,98.618965
2017-12-02 12:00:00,8.777618,8.690796,100372.85,0.0,1.0,1.0616283,0.0,99.41456
2017-12-02 13:00:00,8.393036,8.2960205,100358.97,0.0,1.0,1.1207564,0.0,99.34403
2017-12-02 14:00:00,8.344788,8.187195,100357.3,0.0,1.0,0.7909778,0.0,98.93596
2017-12-02 15:00:00,8.334686,7.822998,100391.84,0.0,1.0,0.61676574,0.0,96.58129
2017-12-02 16:00:00,7.652313,7.2838745,100433.28,23.502222,1.0,0.72030604,1.9073486e-06,97.514534
2017-12-02 17:00:00,8.966034,8.481659,100442.95,114.844444,1.0,0.60002023,1.9073486e-06,96.77706
2017-12-02 18:00:00,10.916534,9.748749,100489.05,188.37334,1.0,0.44964236,0.0,92.497925
2017-12-02 19:00:00,11.990082,9.419373,100453.03,332.2489,1.0,0.40790376,0.0,84.26766
2017-12-02 20:00:00,13.304474,9.321747,100390.95,365.95557,1.0,0.1817228,9.536743e-07,76.80225
2017-12-02 21:00:00,14.538269,8.186829,100325.33,359.21777,1.0,0.22752568,0.0,65.65294
2017-12-02 22:00:00,15.235077,9.012939,100259.35,302.59555,1.0,0.08778239,0.0,66.38054
2017-12-02 23:00:00,14.927887,8.901123,100233.16,211.05779,1.0,0.47567078,0.0,67.1966
2017-12-03 00:00:00,14.436676,10.129852,100253.266,118.08,1.0,0.98098326,0.0,75.33268
2017-12-03 01:00:00,13.521118,9.7743225,100264.33,21.137777,1.0,1.6366088,0.0,78.06343
2017-12-03 02:00:00,12.859955,9.49292,100271.77,0.0,1.0,1.4965445,0.0,79.9819
2017-12-03 03:00:00,12.050507,11.128021,100296.53,0.0,1.0,1.5075935,0.0,94.082565
2017-12-03 04:00:00,11.774017,10.779877,100307.47,0.0,1.0,1.6281251,0.0,93.622734
2017-12-03 05:00:00,11.624268,10.69278,100334.11,0.0,1.0,1.5721551,0.0,94.00697
2017-12-03 06:00:00,11.78952,10.760284,100362.39,0.0,0.8887634,1.3661593,0.0,93.4051
2017-12-03 07:00:00,12.214447,11.124359,100348.5,0.0,0.9182129,1.7706716,4.7683716e-06,93.04986
2017-12-03 08:00:00,12.713104,11.494293,100357.34,0.0,0.98306274,1.9913977,5.2452087e-05,92.28695
2017-12-03 09:00:00,12.563995,10.861603,100414.266,0.0,1.0,3.9284437,0.00039196014,89.36337
2017-12-03 10:00:00,11.036102,9.703583,100547.3,0.0,1.0,5.097393,0.0003042221,91.4883
2017-12-03 11:00:00,10.624878,8.661652,100571.29,0.0,0.56307983,4.0780077,3.0040741e-05,87.649925
2017-12-03 12:00:00,9.591339,7.011505,100622.3,0.0,0.20941162,3.6796036,1.4305115e-06,83.93946
2017-12-03 13:00:00,9.461334,7.0279236,100701.766,0.0,0.12945557,3.1303115,9.536743e-07,84.77142
2017-12-03 14:00:00,9.678192,7.266693,100772.28,0.0,0.1362915,2.674793,0.0,84.92277
2017-12-03 15:00:00,10.450043,5.5678406,100856.805,0.0,0.09188843,2.0457091,0.0,71.74065
2017-12-03 16:00:00,9.809204,5.1051025,100924.07,38.54222,0.03439331,1.8696797,0.0,72.51302
2017-12-03 17:00:00,11.594666,6.1783447,100970.55,190.0089,0.012481689,2.4584825,0.0,69.35749
2017-12-03 18:00:00,12.358978,5.928955,101017.016,343.53778,0.039367676,3.0016117,0.0,64.82289
2017-12-03 19:00:00,12.980682,6.239319,100988.12,454.08,0.053741455,3.3089926,0.0,63.5822
2017-12-03 20:00:00,13.419525,6.2896423,100941.13,514.1689,0.019989014,3.502808,0.0,62.000957
2017-12-03 21:00:00,13.53244,4.906708,100910.11,513.0311,0.018707275,3.74215,0.0,55.918602
2017-12-03 22:00:00,13.743622,4.3159485,100833.86,450.77335,0.0,3.0008104,0.0,52.92437
2017-12-03 23:00:00,13.976929,4.761505,100825.22,335.37778,0.0,2.943255,0.0,53.7782
2017-12-04 00:00:00,13.427307,4.7592773,100817.266,182.15111,0.0,2.757051,0.0,55.72677
2017-12-04 01:00:00,13.140533,5.044403,100866.16,34.34667,0.0,2.436419,0.0,57.919582
2017-12-04 02:00:00,12.316406,5.091217,100880.75,0.0,0.0,2.2585244,0.0,61.33347
2017-12-04 03:00:00,10.620392,4.921173,100893.805,0.0,0.0,2.1621954,0.0,67.81146
2017-12-04 04:00:00,9.585846,4.413147,100938.2,0.0,0.0,2.4859965,0.0,70.137
2017-12-04 05:00:00,9.420288,3.888092,100938.97,0.0,0.0,2.7089417,0.0,68.35698
2017-12-04 06:00:00,9.618256,3.4969788,100948.016,0.0,0.007507324,2.7994218,0.0,65.62117
2017-12-04 07:00:00,9.620819,3.2574768,100927.58,0.0,0.0,3.2190905,0.0,64.50989
2017-12-04 08:00:00,9.699219,3.4759521,100891.75,0.0,0.01687622,3.49421,0.0,65.16874
2017-12-04 09:00:00,9.716339,3.2652283,100867.234,0.0,0.09060669,3.4605322,0.0,64.13268
2017-12-04 10:00:00,9.386627,2.3627014,100864.09,0.0,0.15686035,2.968954,0.0,61.504005
2017-12-04 11:00:00,9.527435,1.9662781,100828.695,0.0,0.02935791,3.2394369,0.0,59.226654
2017-12-04 12:00:00,8.233856,0.6629944,100825.62,0.0,0.00064086914,3.1390784,0.0,58.86168
2017-12-04 13:00:00,8.262329,0.35946655,100801.875,0.0,0.0,2.6221752,0.0,57.47347
2017-12-04 14:00:00,8.177856,0.3310547,100811.37,0.0,0.0,2.500017,0.0,57.685364
2017-12-04 15:00:00,8.165863,0.1713562,100802.24,0.0,0.0,2.379565,0.0,57.068573
2017-12-04 16:00:00,8.902222,-0.04824829,100853.766,38.648888,0.0,2.49214,0.0,53.434025
2017-12-04 17:00:00,10.377045,-0.9254761,100915.19,194.66667,0.0,2.375288,0.0,45.399742
2017-12-04 18:00:00,11.948212,-1.3013,100917.086,352.2489,0.0,3.269311,0.0,39.79509
2017-12-04 19:00:00,13.030457,-1.6636047,100837.75,466.09778,0.0,4.353366,0.0,36.091965
2017-12-04 20:00:00,13.854645,-2.3559875,100763.5,527.25336,0.0,5.207701,0.0,32.50104
2017-12-04 21:00:00,15.481598,-2.973297,100653.336,525.9022,0.0,5.635231,0.0,27.950914
2017-12-04 22:00:00,16.084015,-2.8076477,100619.2,463.7511,0.0,5.228317,0.0,27.226904
2017-12-04 23:00:00,16.040985,-1.7189026,100616.81,346.7911,0.0,5.1434145,0.0,29.590406
2017-12-05 00:00:00,15.537018,-1.0007935,100652.94,189.04889,0.0,4.855187,0.0,32.214005
2017-12-05 01:00:00,15.100769,-0.8780823,100716.06,35.697777,0.0,4.6238413,0.0,33.428055
2017-12-05 02:00:00,13.984467,-0.62454224,100738.2,0.0,0.0,4.4723268,0.0,36.599754
2017-12-05 03:00:00,12.820465,-0.68844604,100754.02,0.0,0.0,4.307543,0.0,39.301556
2017-12-05 04:00:00,12.681,-0.9706421,100747.836,0.0,0.0,3.9663665,0.0,38.852955
2017-12-05 05:00:00,12.284637,-0.49908447,100771.39,0.0,0.0,3.9904466,0.0,41.274174
2017-12-05 06:00:00,11.946442,-0.3217163,100844.695,0.0,0.0,4.099672,0.0,42.75226
2017-12-05 07:00:00,11.937347,0.3850708,100915.19,0.0,0.0,3.8723447,0.0,45.0286
2017-12-05 08:00:00,11.380707,0.70803833,100987.28,0.0,0.0,3.5793686,0.0,47.818672
2017-12-05 09:00:00,9.690186,-0.28479004,101009.586,0.0,0.0,3.4654086,0.0,49.80957
2017-12-05 10:00:00,10.459991,-0.1749878,100985.67,0.0,0.0,2.5069394,0.0,47.687946
2017-12-05 11:00:00,10.476593,-0.023590088,100976.44,0.0,0.0,2.7136538,0.0,48.16182
2017-12-05 12:00:00,8.745026,-0.8490906,100979.875,0.0,0.0,2.746416,0.0,50.944744
2017-12-05 13:00:00,8.783295,-0.6121521,101015.2,0.0,0.0,2.722152,0.0,51.69968
2017-12-05 14:00:00,8.813751,0.0954895,101045.08,0.0,0.0,2.2185636,0.0,54.31788
2017-12-05 15:00:00,8.609161,0.8179016,101061.45,0.0,0.0,1.5610663,0.0,58.027615
2017-12-05 16:00:00,9.782288,1.4243469,101097.8,36.72889,0.0,1.1731936,0.0,56.007027
2017-12-05 17:00:00,11.904327,0.3913269,101115.8,190.08,0.0,1.2489347,0.0,45.147186
2017-12-05 18:00:00,13.507111,-1.2451172,101143.92,346.3111,0.0,1.6608323,0.0,36.07853
2017-12-05 19:00:00,14.740051,-1.8120422,101110.516,461.61777,0.0,2.394166,0.0,31.947905
2017-12-05 20:00:00,15.564362,-1.5326843,101075.2,522.0089,0.0,2.398742,0.0,30.927498
2017-12-05 21:00:00,16.698456,-1.3654175,100998.35,521.0845,0.0,2.455848,0.0,29.123356
2017-12-05 22:00:00,17.300873,-1.1658936,100845.625,459.28888,0.0,1.4296975,0.0,28.44507
2017-12-05 23:00:00,17.35199,-0.39608765,100895.91,342.88,0.0,1.50577,0.0,29.993013
2017-12-06 00:00:00,17.042389,0.9503784,100894.8,186.75555,0.0,1.1292723,0.0,33.71868
2017-12-06 01:00:00,13.461273,2.1973572,100890.28,35.146667,0.0,1.3982191,0.0,46.410774
2017-12-06 02:00:00,10.893433,1.8187561,100947.13,0.0,0.0,1.1113546,0.0,53.49147
2017-12-06 03:00:00,9.831512,2.1921082,100981.125,0.0,0.0,1.8407345,0.0,58.97255
2017-12-06 04:00:00,8.947601,2.2986755,101033.21,0.0,0.0,2.0235531,0.0,63.062912
2017-12-06 05:00:00,8.255096,2.9535217,101034.805,0.0,0.0,1.7677128,0.0,69.23639
2017-12-06 06:00:00,9.200348,3.1021423,101077.87,0.0,0.0,1.476199,0.0,65.63565
2017-12-06 07:00:00,9.36972,3.7938538,101082.266,0.0,0.0,1.1897023,0.0,68.136826
2017-12-06 08:00:00,9.23056,4.773834,101075.42,0.0,0.0,1.0668015,0.0,73.66764
2017-12-06 09:00:00,8.576355,5.417877,101073.586,0.0,0.0,1.1262202,0.0,80.52654
2017-12-06 10:00:00,7.960968,6.2108765,101114.92,0.0,0.0,1.4047608,0.0,88.69922
2017-12-06 11:00:00,8.312042,6.6701355,101124.375,0.0,0.0,1.3521627,0.0,89.39163
2017-12-06 12:00:00,7.007904,5.8041077,101117.17,0.0,0.0,1.1533082,0.0,92.0411
2017-12-06 13:00:00,5.5257263,4.8147583,101116.98,0.0,0.0,1.2496706,0.0,95.173416
2017-12-06 14:00:00,5.429474,4.0227356,101150.67,0.0,0.0,1.5086783,0.0,90.643776
2017-12-06 15:00:00,6.1031494,4.186737,101179.84,0.0,0.0,1.483434,0.0,87.51376
2017-12-06 16:00:00,7.0692444,4.5691223,101226.83,34.204445,0.0,1.4703346,0.0,84.10873
2017-12-06 17:00:00,9.133331,5.150116,101294.92,182.96889,0.0,1.4162927,0.0,76.1223
2017-12-06 18:00:00,10.741241,3.1059265,101328.41,336.56888,0.0,1.7127512,0.0,59.21603
2017-12-06 19:00:00,12.455597,2.3258362,101286.984,451.94666,0.0,2.1601388,0.0,50.02258
2017-12-06 20:00:00,13.888824,2.7185974,101223.61,512.67554,0.0,2.789869,0.0,46.84245
2017-12-06 21:00:00,15.38855,2.4549255,101155.47,512.6578,0.0,3.0467453,0.0,41.729935
2017-12-06 22:00:00,16.319916,2.1560364,101101.25,451.96445,0.0,2.6080687,0.0,38.488453
2017-12-06 23:00:00,16.314545,2.167389,101088.93,337.10223,0.0,2.6244357,0.0,38.532806
2017-12-07 00:00:00,15.950592,1.6661682,101070.2,183.39555,0.0,1.633565,0.0,38.051277
2017-12-07 01:00:00,13.801117,3.098053,101079.305,34.613335,0.0,2.5769675,0.0,48.3941
2017-12-07 02:00:00,12.201569,2.9380493,101121.92,0.0,0.0,2.0423071,0.0,53.125443
2017-12-07 03:00:00,10.419159,2.9699402,101162.125,0.0,0.0,1.6336509,0.0,59.921318
2017-12-07 04:00:00,9.678955,4.0190735,101159.59,0.0,0.0,1.6857367,0.0,67.800316
2017-12-07 05:00:00,9.033478,4.355255,101144.266,0.0,0.0,1.7727185,0.0,72.49971
2017-12-07 06:00:00,8.502045,4.6074524,101176.69,0.0,0.0,1.8268241,0.0,76.48988
2017-12-07 07:00:00,7.9971313,4.3867493,101200.99,0.0,0.0,1.717506,0.0,77.94446
2017-12-07 08:00:00,7.9197693,4.4570923,101256.484,0.0,0.0,1.6357981,0.0,78.74264
2017-12-07 09:00:00,7.543701,4.617401,101284.7,0.0,0.0,1.8128202,0.0,81.69823
2017-12-07 10:00:00,7.034149,4.9396667,101344.13,0.0,0.0,1.9282542,0.0,86.520805
2017-12-07 11:00:00,5.7615356,4.361084,101428.734,0.0,0.0,1.985942,0.0,90.70748
2017-12-07 12:00:00,5.197876,3.7209778,101403.94,0.0,0.0,2.3417845,0.0,90.18073
2017-12-07 13:00:00,5.481598,3.9781494,101402.72,0.0,0.0,2.3260198,0.0,90.033966
2017-12-07 14:00:00,5.678131,3.9962769,101442.66,0.0,0.0,2.4507263,0.0,88.92829
2017-12-07 15:00:00,5.6979065,4.0430603,101464.16,0.0,0.0,2.4530175,0.0,89.09878
2017-12-07 16:00:00,7.506958,5.4579163,101491.984,33.564445,0.0,1.9365195,0.0,86.84172
2017-12-07 17:00:00,9.748322,5.619385,101533.016,184.42667,0.0,1.7491782,0.0,75.45818
2017-12-07 18:00:00,11.962738,4.200592,101533.73,340.97778,0.0,1.8891405,0.0,58.990612
2017-12-07 19:00:00,14.01413,4.0489197,101509.27,459.25333,0.0,2.2769024,0.0,51.03775
2017-12-07 20:00:00,15.911224,4.210968,101443.516,520.96,0.0,2.1262555,0.0,45.683914
2017-12-07 21:00:00,17.497894,4.130188,101405.36,521.3689,0.0,1.9599892,0.0,41.068783
2017-12-07 22:00:00,17.861359,3.7112732,101389.64,459.53778,0.5939636,1.0811136,0.0,38.973404
2017-12-07 23:00:00,18.08136,4.665802,101440.516,342.8622,0.72579956,0.6846704,0.0,41.09877
2017-12-08 00:00:00,17.393341,5.464386,101441.42,184.23111,0.9038696,1.2105933,0.0,45.37534
2017-12-08 01:00:00,13.827393,3.84552,101500.17,34.453335,0.9425049,1.3968627,0.0,50.92722
2017-12-08 02:00:00,13.549774,2.8493347,101525.734,0.0,0.9981384,1.8609728,0.0,48.332928
2017-12-08 03:00:00,10.648163,3.528778,101544.8,0.0,0.86642456,2.1263754,0.0,61.390556
2017-12-08 04:00:00,9.684113,5.876068,101586.45,0.0,0.97439575,2.2449183,0.0,77.1433
2017-12-08 05:00:00,9.563782,6.2395935,101610.64,0.0,0.99560547,2.1778152,0.0,79.74708
2017-12-08 06:00:00,10.6163025,7.7511597,101670.84,0.0,0.9949646,1.7515874,0.0,82.44147
2017-12-08 07:00:00,9.780914,7.447754,101697.39,0.0,0.9981079,1.1797525,0.0,85.39003
2017-12-08 08:00:00,9.325348,7.4236755,101714.07,0.0,0.99624634,0.78294146,0.0,87.89949
2017-12-08 09:00:00,8.830841,7.0055237,101670.29,0.0,0.97436523,1.3310155,0.0,88.31616
2017-12-08 10:00:00,8.386383,7.20105,101677.734,0.0,0.9906006,1.693005,0.0,92.24117
2017-12-08 11:00:00,8.584747,7.400696,101644.55,0.0,0.9430237,1.5677192,0.0,92.26101
2017-12-08 12:00:00,7.4322205,6.4815674,101643.14,0.0,0.8351135,1.0691704,0.0,93.68736
2017-12-08 13:00:00,7.116272,6.218445,101664.69,0.0,0.7857666,0.8799993,0.0,94.01404
2017-12-08 14:00:00,5.0399475,4.216095,101679.125,0.0,0.78952026,0.9736499,0.0,94.405106
2017-12-08 15:00:00,5.479889,4.5207825,101704.78,0.0,0.79660034,0.7756056,9.536743e-07,93.535736
2017-12-08 16:00:00,5.905609,4.7704163,101717.74,24.56889,0.93237305,0.99872977,0.0,92.41496
2017-12-08 17:00:00,8.185059,6.8439636,101711.09,132.26666,0.928833,1.250235,0.0,91.24883
2017-12-08 18:00:00,9.767212,7.0260315,101729.33,281.0311,0.96258545,1.1277328,0.0,83.03702
2017-12-08 19:00:00,12.253387,5.410675,101674.484,430.27554,1.0,1.3849607,0.0,62.971603
2017-12-08 20:00:00,14.098053,4.312561,101596.95,480.92444,1.0,1.7013835,0.0,51.708035
2017-12-08 21:00:00,15.882996,3.7117615,101512.7,475.78665,1.0,1.9580805,0.0,44.189
2017-12-08 22:00:00,16.747955,4.073578,101419.33,422.59555,0.9981384,1.6105144,0.0,42.89607
2017-12-08 23:00:00,16.74405,4.310913,101406.875,306.7022,1.0,1.0389246,0.0,43.62685
2017-12-09 00:00:00,16.24231,4.6615295,101395.44,177.3689,0.9787903,1.7366626,0.0,46.16124
2017-12-09 01:00:00,12.749115,4.6059875,101390.39,34.08,0.964447,1.9349099,0.0,57.63179
2017-12-09 02:00:00,11.272705,3.5854797,101418.57,0.0,1.0,1.8057057,0.0,59.13081
2017-12-09 03:00:00,9.992493,5.783325,101406.195,0.0,0.99935913,1.8478556,0.0,75.08134
2017-12-09 04:00:00,8.947113,5.767914,101403.39,0.0,0.99935913,1.7940387,0.0,80.46253
2017-12-09 05:00:00,8.276764,5.750641,101404.16,0.0,1.0,1.6631248,0.0,84.09726
2017-12-09 06:00:00,8.457245,6.222748,101393.02,0.0,0.9981384,1.6090572,0.0,85.829926
2017-12-09 07:00:00,8.155487,6.6785583,101392.14,0.0,1.0,1.7385151,0.0,90.39925
2017-12-09 08:00:00,7.174408,6.0189514,101356.84,0.0,1.0,1.7309837,0.0,92.35935
2017-12-09 09:00:00,5.93042,5.0452576,101310.25,0.0,0.99624634,1.6995788,0.0,94.04157
2017-12-09 10:00:00,5.8766785,5.4047546,101349.266,0.0,0.98687744,1.6418527,0.0,96.78165
2017-12-09 11:00:00,5.3180237,4.9223022,101309.78,0.0,0.995636,1.2697332,0.0,97.28302
2017-12-09 12:00:00,4.4075623,3.994995,101286.06,0.0,0.9831238,1.4650346,0.0,97.14828
2017-12-09 13:00:00,4.0056458,3.641693,101262.18,0.0,0.97125244,1.7678864,0.0,97.47243
2017-12-09 14:00:00,4.299469,3.8737488,101269.266,0.0,0.96691895,1.9007622,0.0,97.05604
2017-12-09 15:00:00,4.958954,4.5207825,101272.94,0.0,0.51449585,1.8648807,0.0,96.986916
2017-12-09 16:00:00,6.340973,5.3076477,101310.266,27.27111,0.6506958,1.9930578,0.0,93.097496
2017-12-09 17:00:00,9.205139,7.2529907,101318.98,171.34222,0.85946655,1.6842932,0.0,87.58568
2017-12-09 18:00:00,11.185394,6.9476624,101322.75,326.54224,0.89126587,1.6304253,0.0,75.13704
2017-12-09 19:00:00,13.450653,5.176178,101298.984,443.27112,0.9324951,1.8735629,0.0,57.28247
2017-12-09 20:00:00,14.994232,5.093689,101208.54,505.77777,0.90374756,1.9626124,0.0,51.535023
2017-12-09 21:00:00,16.373932,4.32724,101141.78,504.0889,0.8593445,2.001451,0.0,44.71743
2017-12-09 22:00:00,17.391235,3.8379211,101068.0,444.19556,0.8899536,1.657992,0.0,40.506264
2017-12-09 23:00:00,17.268066,4.337921,101077.016,327.1111,0.8499756,1.607399,0.0,42.28115
2017-12-10 00:00:00,17.267212,5.772705,101066.2,168.8,0.69924927,1.6196882,0.0,46.726974
2017-12-10 01:00:00,14.9617,6.3375244,101098.68,34.38222,0.55807495,2.5264769,0.0,56.29049
2017-12-10 02:00:00,12.855316,6.3123474,101120.87,0.0,0.5986328,2.301931,0.0,64.429634
2017-12-10 03:00:00,10.612762,6.835205,101119.03,0.0,0.29922485,2.0290108,0.0,77.452576
2017-12-10 04:00:00,9.301239,6.4639893,101147.0,0.0,0.16494751,1.9184747,0.0,82.43283
2017-12-10 05:00:00,8.40036,6.212982,101144.734,0.0,0.0012512207,1.974214,0.0,86.10352
2017-12-10 06:00:00,7.585724,6.02536,101168.56,0.0,0.014984131,2.0257251,0.0,89.83836
2017-12-10 07:00:00,7.3403625,6.0188293,101179.32,0.0,0.0,2.0120277,0.0,91.3157
2017-12-10 08:00:00,6.9255066,6.078583,101156.66,0.0,0.0,2.0965104,0.0,94.33638
2017-12-10 09:00:00,6.0142517,5.451996,101147.82,0.0,0.011291504,2.2212203,0.0,96.180305
2017-12-10 10:00:00,4.69812,4.105438,101134.28,0.0,0.020690918,2.2865527,0.0,95.93538
2017-12-10 11:00:00,4.477417,4.0399475,101092.47,0.0,0.014434814,2.211231,0.0,96.980156
2017-12-10 12:00:00,4.077484,3.3755798,101091.086,0.0,0.008148193,2.2621949,0.0,95.17897
2017-12-10 13:00:00,4.0199585,3.3408203,101085.516,0.0,0.01876831,2.1985054,0.0,95.32994
2017-12-10 14:00:00,3.9730225,3.3122253,101096.95,0.0,0.027557373,2.0783708,0.0,95.45178
2017-12-10 15:00:00,4.100128,3.331421,101106.664,0.0,0.0,2.0286946,0.0,94.731995
2017-12-10 16:00:00,5.950714,5.1461487,101154.31,29.76,0.0,1.8893584,0.0,94.571655
2017-12-10 17:00:00,8.78949,6.810272,101177.375,177.84889,0.0,2.1318016,0.0,87.38469
2017-12-10 18:00:00,11.480103,4.3772583,101193.85,334.68445,0.0,2.0011678,0.0,61.660202
2017-12-10 19:00:00,13.942535,4.224579,101155.11,453.6,0.0,2.0167654,0.0,51.911312
2017-12-10 20:00:00,16.101288,4.764099,101082.31,516.69336,0.083099365,1.9871804,0.0,46.913357
2017-12-10 21:00:00,17.603607,4.217804,100996.625,518.1511,0.24432373,1.9587127,0.0,41.047073
2017-12-10 22:00:00,18.378998,4.0796814,100919.46,457.4222,0.22686768,1.483664,0.0,38.71543
2017-12-10 23:00:00,18.590302,4.862732,100893.81,341.93777,0.27563477,1.3579584,0.0,40.357803
2017-12-11 00:00:00,17.767212,6.5016785,100871.2,186.09778,0.41885376,1.7664536,0.0,47.611557
2017-12-11 01:00:00,15.249634,7.108307,100872.92,35.324444,0.5800476,2.241567,0.0,58.263103
2017-12-11 02:00:00,12.2899475,5.1720276,100880.195,0.0,0.67941284,2.2570155,0.0,61.786823
2017-12-11 03:00:00,10.2146,6.273834,100884.14,0.0,0.80184937,2.1394184,0.0,76.52432
2017-12-11 04:00:00,9.17453,5.9213257,100932.8,0.0,0.8781433,2.0436585,0.0,80.08339
2017-12-11 05:00:00,8.4531555,6.332489,100961.55,0.0,0.9543762,1.8939164,0.0,86.50594
2017-12-11 06:00:00,8.102325,7.027191,101000.92,0.0,0.9768982,1.8799809,0.0,92.92396
2017-12-11 07:00:00,7.334442,6.4188538,101011.664,0.0,0.9637451,1.9693009,0.0,93.909195
2017-12-11 08:00:00,6.7810974,6.034973,101026.16,0.0,0.97750854,2.1137023,0.0,94.989586
2017-12-11 09:00:00,6.123291,5.5681458,101008.1,0.0,0.9700012,2.2461433,0.0,96.231026
2017-12-11 10:00:00,4.9662476,4.311737,101067.28,0.0,0.9581299,2.1998844,0.0,95.52936
2017-12-11 11:00:00,4.9377747,4.3262024,101059.61,0.0,0.9674988,2.2274532,0.0,95.81619
2017-12-11 12:00:00,4.5748596,3.7575684,101061.13,0.0,0.79244995,1.9017242,0.0,94.42826
2017-12-11 13:00:00,4.563507,3.839386,101083.9,0.0,0.78375244,1.6375017,0.0,95.0488
2017-12-11 14:00:00,4.9029236,4.1540833,101110.14,0.0,0.92626953,1.6771055,0.0,94.89731
2017-12-11 15:00:00,5.7338257,4.900177,101138.59,0.0,0.9562683,1.8366954,0.0,94.37089
2017-12-11 16:00:00,6.811249,5.9093323,101197.484,22.186666,0.9674988,1.9153508,0.0,93.97328
2017-12-11 17:00:00,9.014832,7.7377014,101244.91,146.24,0.9737549,1.7832386,0.0,91.7029
2017-12-11 18:00:00,11.427429,7.697174,101273.7,301.01334,0.928772,1.6526295,0.0,77.83059
2017-12-11 19:00:00,13.550476,5.1095276,101256.96,419.53778,0.9637451,1.746219,0.0,56.6478
2017-12-11 20:00:00,16.006775,5.5360413,101193.72,500.81778,0.97558594,1.720786,0.0,49.80221
2017-12-11 21:00:00,17.470306,4.5361023,101138.42,504.60443,0.8605957,1.6754041,0.0,42.327038
2017-12-11 22:00:00,18.197906,4.7770996,101101.39,450.50665,0.6961975,0.937952,0.0,41.117146
2017-12-11 23:00:00,18.322815,5.531189,101109.36,331.00446,0.71621704,0.8002069,0.0,42.993896
2017-12-12 00:00:00,17.753815,6.210968,101110.59,172.26666,0.769989,1.0728788,0.0,46.706512
2017-12-12 01:00:00,14.343414,5.6282043,101150.984,26.524445,0.88375854,1.3217254,0.0,55.779705
2017-12-12 02:00:00,12.302887,4.632141,101165.29,0.0,0.9112549,1.6271214,0.0,59.45339
2017-12-12 03:00:00,10.99234,6.3545227,101212.08,0.0,0.8968811,1.7318103,0.0,73.064705
2017-12-12 04:00:00,9.589752,6.454315,101243.06,0.0,0.81185913,1.8062776,0.0,80.79504
2017-12-12 05:00:00,8.925873,6.1881104,101278.086,0.0,0.74746704,1.4895719,0.0,82.95302
2017-12-12 06:00:00,9.326599,6.8006897,101301.414,0.0,0.7093811,1.146451,0.0,84.21991
2017-12-12 07:00:00,8.603088,7.294342,101311.78,0.0,0.32070923,1.181726,0.0,91.47883
2017-12-12 08:00:00,7.375702,6.322113,101325.95,0.0,0.060028076,1.375224,0.0,93.022415
2017-12-12 09:00:00,6.742401,5.837921,101306.266,0.0,0.1743164,1.615028,0.0,93.953384
2017-12-12 10:00:00,5.567444,4.393524,101311.46,0.0,0.8444214,2.050285,0.0,92.14496
2017-12-12 11:00:00,5.4550476,4.417816,101311.836,0.0,0.8400879,1.3383663,0.0,93.024506
2017-12-12 12:00:00,4.3826294,3.3909607,101282.63,0.0,0.8406677,1.1429032,0.0,93.265594
2017-12-12 13:00:00,4.2861023,3.3665771,101254.64,0.0,0.80947876,1.2670732,0.0,93.73688
2017-12-12 14:00:00,4.1967773,3.3312073,101254.336,0.0,0.8276367,1.3026046,0.0,94.09041
2017-12-12 15:00:00,4.426422,3.3778992,101290.47,0.0,0.9099121,1.198906,0.0,92.89439
2017-12-12 16:00:00,5.878601,4.730438,101333.26,26.737778,0.8126526,1.2822174,0.0,92.32973
2017-12-12 17:00:00,9.191528,7.4088135,101332.266,170.45334,0.7633362,1.1410226,0.0,88.60524
2017-12-12 18:00:00,10.926178,7.532013,101338.66,307.41333,0.014984131,1.3483616,0.0,79.560425
2017-12-12 19:00:00,12.909821,5.508148,101264.19,448.48,0.014984131,1.8600806,0.0,60.726532
2017-12-12 20:00:00,15.04715,5.120941,101164.88,512.4622,0.00064086914,2.3955114,0.0,51.45728
2017-12-12 21:00:00,16.54898,2.3413086,101071.64,516.12445,0.007537842,2.570605,0.0,38.435085
2017-12-12 22:00:00,16.833405,4.4121704,100990.42,458.04443,0.0,1.6900789,0.0,43.688713
2017-12-12 23:00:00,16.918304,4.55249,100950.62,344.2489,0.0,0.9912932,0.0,43.88267
2017-12-13 00:00:00,16.529236,5.7891846,100909.33,189.63556,0.0,1.531402,0.0,49.02304
2017-12-13 01:00:00,12.994598,5.5249023,100877.15,36.88889,0.0,1.2165196,0.0,60.460907
2017-12-13 02:00:00,11.828125,4.577179,100865.07,0.0,0.0,1.0194751,0.0,61.107006
2017-12-13 03:00:00,11.439972,5.4806213,100845.39,0.0,0.0,1.0687493,0.0,66.76753
2017-12-13 04:00:00,10.084015,5.7062073,100845.87,0.0,0.0,1.2125231,0.0,74.22529
2017-12-13 05:00:00,9.509552,6.404663,100849.87,0.0,0.0,1.1762393,0.0,80.95426
2017-12-13 06:00:00,8.083832,5.599304,100869.11,0.0,0.0,1.3441639,0.0,84.31769
2017-12-13 07:00:00,7.034363,4.730072,100888.305,0.0,0.0,1.4778858,0.0,85.26356
2017-12-13 08:00:00,7.083893,4.750946,100869.84,0.0,0.0,1.5749062,0.0,85.09855
2017-12-13 09:00:00,7.184723,4.3783875,100844.11,0.0,0.0,1.609071,0.0,82.33977
2017-12-13 10:00:00,6.568756,4.872467,100847.734,0.0,0.62265015,1.2601664,0.0,88.913216
2017-12-13 11:00:00,6.2687683,4.684723,100843.375,0.0,0.7501831,1.2320256,0.0,89.588005
2017-12-13 12:00:00,5.3716736,4.3125,100807.47,0.0,0.7501831,1.4602602,0.0,92.877106
2017-12-13 13:00:00,6.2966003,5.191742,100801.98,0.0,0.7501831,1.7160033,0.0,92.633125
2017-12-13 14:00:00,6.2826233,5.1004944,100791.43,0.0,0.7819824,1.6977805,0.0,92.13549
2017-12-13 15:00:00,6.496002,5.639496,100796.97,0.0,0.81066895,1.467276,0.0,94.2548
2017-12-13 16:00:00,6.0467834,5.410187,100797.625,26.631111,0.7532959,1.1295415,0.0,95.68615
2017-12-13 17:00:00,8.325714,6.7741394,100792.484,172.8,0.7501831,1.4723256,0.0,89.94933
2017-12-13 18:00:00,10.424042,6.6977234,100832.85,331.34222,0.007507324,1.9334505,0.0,77.69613
2017-12-13 19:00:00,12.543182,6.469269,100769.3,450.29333,0.015014648,1.9950879,0.0,66.47639
2017-12-13 20:00:00,14.344208,5.761261,100660.09,511.96445,0.00064086914,2.10953,0.0,56.293427
2017-12-13 21:00:00,15.681763,2.8750916,100577.7,515.2889,0.010620117,2.2177284,0.0,42.192833
2017-12-13 22:00:00,15.522919,4.8822937,100483.84,457.12,0.049957275,1.6124586,0.0,49.085182
2017-12-13 23:00:00,15.350952,4.1798706,100505.49,342.66666,0.014373779,1.5957761,0.0,47.25061
2017-12-14 00:00:00,14.625916,5.22348,100488.22,188.76445,0.0062561035,1.637,0.0,53.252457
2017-12-14 01:00:00,12.431641,6.6178284,100505.44,36.604443,0.25558472,1.9818633,0.0,67.65317
2017-12-14 02:00:00,10.915497,5.4270325,100496.88,0.0,0.57369995,2.0438926,0.0,68.874695
2017-12-14 03:00:00,9.154755,6.3330994,100500.95,0.0,0.81622314,1.8089907,0.0,82.50291
2017-12-14 04:00:00,8.900421,6.375366,100510.38,0.0,0.8800049,1.8057191,0.0,84.17575
2017-12-14 05:00:00,9.746246,6.8174133,100511.266,0.0,0.8531494,1.7448393,0.0,81.97213
2017-12-14 06:00:00,10.546112,7.4299316,100527.016,0.0,0.5644226,1.2599964,0.0,81.032
2017-12-14 07:00:00,10.079681,7.74527,100537.14,0.0,0.7394104,0.9601145,0.0,85.414665
2017-12-14 08:00:00,9.700134,8.010895,100501.484,0.0,0.74005127,0.74894625,0.0,89.21406
2017-12-14 09:00:00,9.334564,7.9277344,100495.69,0.0,0.8643799,1.0375426,0.0,90.917305
2017-12-14 10:00:00,6.8666077,6.0719604,100470.52,0.0,0.97872925,1.1356523,0.0,94.67512
2017-12-14 11:00:00,7.1392517,6.446686,100442.28,0.0,0.9812622,1.2406982,0.0,95.35473
2017-12-14 12:00:00,5.9753113,5.3322144,100433.625,0.0,0.96691895,0.5503199,9.536743e-07,95.64052
2017-12-14 13:00:00,5.673126,4.934845,100440.69,0.0,0.8258362,0.84747005,1.9073486e-05,94.99794
2017-12-14 14:00:00,5.0830994,4.325226,100482.65,0.0,0.6989136,0.16706146,3.8146973e-06,94.8445
2017-12-14 15:00:00,5.598419,4.816864,100524.53,0.0,0.7501831,0.40462282,0.0,94.70868
2017-12-14 16:00:00,5.927307,5.0413513,100586.11,19.12889,0.7501831,1.2569985,0.0,94.03622
2017-12-14 17:00:00,8.384735,7.2790833,100636.984,131.69778,0.42010498,1.2578272,0.0,92.74546
2017-12-14 18:00:00,10.37796,8.001251,100676.234,258.13333,0.003753662,1.3940222,0.0,85.20098
2017-12-14 19:00:00,12.166504,6.542328,100659.89,440.10666,0.0093688965,1.5700808,0.0,68.48634
2017-12-14 20:00:00,15.192627,4.344452,100599.4,506.91556,0.007507324,1.9069972,0.0,48.28758
2017-12-14 21:00:00,17.240509,1.2753601,100532.23,510.20444,0.037506104,2.1390347,0.0,34.085526
2017-12-14 22:00:00,18.14624,2.7823792,100504.19,454.00888,0.20809937,1.7615347,0.0,35.84881
2017-12-14 23:00:00,18.685974,3.974762,100515.016,342.59555,0.0,1.5110722,0.0,37.699005
2017-12-15 00:00:00,17.795563,5.5592957,100533.84,188.33778,0.0,1.5525082,0.0,44.53022
2017-12-15 01:00:00,14.683624,2.5588684,100598.484,36.853333,0.0,2.3297384,0.0,43.991028
2017-12-15 02:00:00,12.287994,2.3838196,100640.766,0.0,0.06124878,2.0948427,0.0,50.78579
2017-12-15 03:00:00,11.220642,5.4877014,100676.39,0.0,0.38568115,1.695135,0.0,67.7782
2017-12-15 04:00:00,11.440918,5.4024353,100701.75,0.0,0.60372925,1.2475163,0.0,66.40192
2017-12-15 05:00:00,11.456055,5.8025208,100740.0,0.0,0.49246216,1.1025803,0.0,68.20145
2017-12-15 06:00:00,10.697723,7.049469,100802.72,0.0,0.55496216,1.1852914,0.0,78.15585
2017-12-15 07:00:00,10.132721,7.555969,100812.63,0.0,0.8149719,1.4205971,0.0,84.02016
2017-12-15 08:00:00,8.813812,7.117737,100791.19,0.0,0.7987366,1.4678429,0.0,89.10044
2017-12-15 09:00:00,8.548676,7.9685364,100791.766,0.0,0.048309326,1.5374383,0.0,96.13831
2017-12-15 10:00:00,6.917633,5.986908,100809.05,0.0,0.8155823,1.3454487,0.0,93.79131
2017-12-15 11:00:00,7.5436707,6.764496,100800.69,0.0,0.98501587,0.60160226,0.0,94.8038
2017-12-15 12:00:00,6.4152527,5.8816223,100838.11,0.0,0.93722534,0.9944602,0.0,96.38305
2017-12-15 13:00:00,6.4776917,5.914673,100828.42,0.0,0.9981079,1.1937646,0.0,96.18911
2017-12-15 14:00:00,5.5807495,4.9307556,100793.484,0.0,0.99438477,0.93855757,0.0,95.58101
2017-12-15 15:00:00,7.179535,6.4239807,100765.86,0.0,1.0,0.8617318,0.0,94.943436
2017-12-15 16:00:00,6.8694763,6.1803894,100826.28,17.884445,0.99935913,0.68396056,2.861023e-06,95.36781
2017-12-15 17:00:00,7.671417,6.9343567,100889.29,131.12889,1.0,1.0568602,0.0,95.08331
2017-12-15 18:00:00,9.295929,8.176422,100881.984,231.50223,1.0,0.73393387,0.0,92.708565
2017-12-15 19:00:00,11.016174,6.9865417,100812.125,344.30222,1.0,0.76548004,0.0,76.18866
2017-12-15 20:00:00,12.054596,6.4808655,100685.63,382.72,1.0,0.67845654,0.0,68.70163
2017-12-15 21:00:00,13.661133,5.561981,100617.18,358.88,1.0,1.5873988,0.0,58.03759
2017-12-15 22:00:00,14.128693,7.349823,100519.4,309.1378,0.99935913,1.4049878,0.0,63.678684
2017-12-15 23:00:00,13.769012,8.227905,100474.27,193.84889,1.0,1.2560217,0.0,69.20202
2017-12-16 00:00:00,13.523651,8.9618225,100479.94,116.30222,0.98999023,1.8039969,0.0,73.89786
2017-12-16 01:00:00,12.863007,9.728729,100499.21,24.942223,0.99749756,1.798398,0.0,81.242424
2017-12-16 02:00:00,12.276001,10.059662,100432.805,0.0,0.9468689,1.4199935,0.0,86.32606
2017-12-16 03:00:00,11.277924,10.063568,100427.91,0.0,0.9987488,1.6464673,0.0,92.23058
2017-12-16 04:00:00,11.400818,10.017212,100440.86,0.0,1.0,1.9620079,0.0,91.199295
2017-12-16 05:00:00,11.273651,9.8471985,100388.3,0.0,0.9624939,1.4481653,0.0,90.92937
2017-12-16 06:00:00,11.438812,10.000549,100373.84,0.0,0.41375732,1.3791217,0.0,90.86874
2017-12-16 07:00:00,11.379852,9.873444,100360.22,0.0,0.1262207,1.9627126,0.0,90.45073
2017-12-16 08:00:00,11.169647,9.631683,100287.53,0.0,0.03189087,2.32882,0.0,90.24431
2017-12-16 09:00:00,9.4878845,8.020172,100204.29,0.0,0.0012512207,2.6929786,0.0,90.552185
2017-12-16 10:00:00,9.262604,7.083435,100208.05,0.0,0.0,3.8343241,0.0,86.2402
2017-12-16 11:00:00,9.626251,7.258362,100166.34,0.0,0.0,3.8998525,0.0,85.17085
2017-12-16 12:00:00,9.879486,6.4534607,100177.234,0.0,0.0,3.8383324,0.0,79.234924
2017-12-16 13:00:00,9.643036,6.472748,100118.0,0.0,0.0,4.1789193,0.0,80.60869
2017-12-16 14:00:00,10.314514,5.507477,100110.0,0.0,0.0,4.229655,0.0,72.09011
2017-12-16 15:00:00,10.648651,1.879303,100082.58,0.0,0.0,4.2114477,0.0,54.60579
2017-12-16 16:00:00,11.026764,0.28851318,100117.83,22.151112,0.05999756,4.8441706,0.0,47.492477
2017-12-16 17:00:00,12.9086,-0.76013184,100145.41,159.18222,0.40872192,5.357137,0.0,38.87149
2017-12-16 18:00:00,14.405334,-0.94924927,100158.02,313.1378,0.121276855,5.4292746,0.0,34.780483
2017-12-16 19:00:00,15.232849,-2.4554138,100113.64,427.94666,0.0018615723,6.8355846,0.0,29.513735
2017-12-16 20:00:00,15.995026,-2.919464,100050.39,492.96,0.0,8.012831,0.0,27.155548
2017-12-16 21:00:00,17.224915,-2.8912354,100005.625,497.84888,0.05682373,8.103612,0.0,25.165262
2017-12-16 22:00:00,17.234741,-2.7014465,99987.41,441.83112,0.22940063,6.952876,0.0,25.506596
2017-12-16 23:00:00,17.264618,-3.3641968,99999.42,332.10666,0.0,6.604846,0.0,24.233397
2017-12-17 00:00:00,16.351776,-4.1800537,100029.97,183.39555,0.0,5.666205,0.0,24.157948
2017-12-17 01:00:00,15.636627,-3.8952026,100029.59,36.444443,0.0,5.011184,0.0,25.83378
2017-12-17 02:00:00,15.126129,-3.3484497,100067.516,0.0,0.0,4.816817,0.0,27.808456
2017-12-17 03:00:00,13.444061,-3.8061218,100059.27,0.0,0.06375122,4.653581,0.0,29.965322
2017-12-17 04:00:00,12.886353,-3.8263855,100069.71,0.0,0.5617981,4.4956975,0.0,31.029827
2017-12-17 05:00:00,12.931091,-3.2652893,100110.96,0.0,0.5705261,4.3976326,0.0,32.263943
2017-12-17 06:00:00,12.479492,-3.326233,100111.16,0.0,0.79000854,4.329829,0.0,33.082584
2017-12-17 07:00:00,12.447113,-3.2229004,100149.53,0.0,0.76623535,4.172753,0.0,33.409416
2017-12-17 08:00:00,12.140137,-2.3837585,100162.484,0.0,0.8268738,4.147309,0.0,36.28283
2017-12-17 09:00:00,11.235504,-1.8918762,100190.34,0.0,0.81185913,3.7935417,0.0,39.94267
2017-12-17 10:00:00,10.747284,-2.7575378,100208.78,0.0,0.76501465,2.490356,0.0,38.700176
2017-12-17 11:00:00,10.628113,-3.5294495,100227.625,0.0,0.58184814,2.667513,0.0,36.829163
2017-12-17 12:00:00,9.933136,-3.78714,100239.89,0.0,0.41003418,2.1724277,0.0,37.84294
2017-12-17 13:00:00,9.66275,-3.5070496,100260.09,0.0,0.46624756,2.379808,0.0,39.351143
2017-12-17 14:00:00,9.794312,-2.4700012,100277.0,0.0,0.5144043,2.2865102,0.0,42.133156
2017-12-17 15:00:00,9.658417,-1.7781677,100314.15,0.0,0.02444458,2.1137977,0.0,44.74793
2017-12-17 16:00:00,9.2499695,-1.8694153,100326.1,21.226667,0.0,2.1524093,0.0,45.68586
2017-12-17 17:00:00,11.274963,-1.9943542,100379.41,156.12445,0.0,1.862175,0.0,39.538406
2017-12-17 18:00:00,12.74118,-2.729187,100440.45,307.9822,0.0,2.6000595,0.0,33.996742
2017-12-17 19:00:00,13.915253,-2.691742,100427.74,423.73334,0.0,3.3377132,0.0,31.577908
2017-12-17 20:00:00,14.856689,-2.8337402,100360.3,486.4889,0.0,3.2580688,0.0,29.400389
2017-12-17 21:00:00,16.128815,-2.7468567,100319.125,489.74222,0.0,2.8766043,0.0,27.271967
2017-12-17 22:00:00,16.301605,-2.5543518,100280.58,434.18668,0.0,2.4375515,0.0,27.360922
2017-12-17 23:00:00,16.641876,-1.9888,100282.87,326.8089,0.0,1.6271834,0.0,27.917967
2017-12-18 00:00:00,15.940033,3.0171814,100338.42,180.90666,0.0,1.3236618,0.0,41.921135
2017-12-18 01:00:00,15.899933,-2.6141357,100396.79,36.40889,0.035583496,1.6757848,0.0,27.947527
2017-12-18 02:00:00,13.282196,0.24868774,100453.66,0.0,0.35049438,0.9786381,0.0,40.82147
2017-12-18 03:00:00,10.278168,2.2209778,100464.21,0.0,0.32736206,0.9524118,0.0,57.35368
2017-12-18 04:00:00,9.840546,2.4397888,100524.82,0.0,0.21658325,1.1529603,0.0,59.9855
2017-12-18 05:00:00,10.512604,2.2187195,100570.375,0.0,0.014373779,0.9389022,0.0,56.45413
2017-12-18 06:00:00,10.592133,2.3158875,100601.445,0.0,0.0,0.7286835,0.0,56.545654
2017-12-18 07:00:00,9.596222,2.1186523,100634.58,0.0,0.0,0.5297178,0.0,59.598125
2017-12-18 08:00:00,9.206512,3.172638,100650.67,0.0,0.022491455,1.2982651,0.0,65.93635
2017-12-18 09:00:00,8.416046,3.6827698,100700.09,0.0,0.1031189,1.6813837,0.0,72.10427
2017-12-18 10:00:00,6.8495483,4.349945,100711.03,0.0,0.70129395,1.5950348,0.0,84.0861
2017-12-18 11:00:00,6.3453674,4.283783,100708.086,0.0,0.81500244,1.8318056,0.0,86.65095
2017-12-18 12:00:00,6.5064697,4.7920227,100751.734,0.0,0.5843811,1.8431737,0.0,88.7954
2017-12-18 13:00:00,7.114319,5.622345,100782.45,0.0,0.05886841,1.8034582,0.0,90.22893
2017-12-18 14:00:00,7.086212,5.9420166,100832.125,0.0,0.022491455,1.183995,0.0,92.4261
2017-12-18 15:00:00,7.5183105,6.344574,100876.28,0.0,0.10687256,1.0635396,0.0,92.26318
2017-12-18 16:00:00,7.0120544,5.9562073,100920.42,19.804445,0.0,1.0201123,0.0,92.9883
2017-12-18 17:00:00,8.462677,6.506775,100952.89,150.7911,0.34570312,1.0981821,0.0,87.494316
2017-12-18 18:00:00,10.38385,5.467041,100985.45,301.3511,0.08126831,0.9978099,0.0,71.55603
2017-12-18 19:00:00,12.351593,3.2203674,100972.45,416.56888,0.4425354,0.9601508,0.0,53.665348
2017-12-18 20:00:00,13.820709,2.2688904,100899.086,480.17776,0.39624023,0.8352526,0.0,45.56954
2017-12-18 21:00:00,15.304932,1.085968,100844.516,488.19556,0.33874512,0.9148504,0.0,38.04143
2017-12-18 22:00:00,15.87915,0.45639038,100802.22,436.16,0.014373779,0.4924155,0.0,35.039375
2017-12-18 23:00:00,16.163605,0.58029175,100780.92,328.48,0.14807129,0.44109833,0.0,34.717834
2017-12-19 00:00:00,15.559601,4.128998,100776.75,181.26222,0.078125,0.9705193,0.0,46.456158
2017-12-19 01:00:00,13.553436,1.5315247,100781.91,36.657776,0.0,1.2043554,0.0,43.98912
2017-12-19 02:00:00,11.956238,1.8623047,100832.96,0.0,0.0,0.9099989,0.0,50.012276
2017-12-19 03:00:00,11.400787,1.2688599,100852.86,0.0,0.06188965,0.71579856,0.0,49.722366
2017-12-19 04:00:00,10.333679,1.9530945,100851.95,0.0,0.12814331,0.56556094,0.0,56.05978
2017-12-19 05:00:00,9.692108,2.1544495,100871.41,0.0,0.18560791,0.7718871,0.0,59.367012
2017-12-19 06:00:00,9.316742,3.2303162,100867.516,0.0,0.14376831,1.0042007,0.0,65.71611
2017-12-19 07:00:00,8.917297,4.513275,100868.84,0.0,0.06503296,0.91677994,0.0,73.88316
2017-12-19 08:00:00,9.216522,5.484955,100872.375,0.0,0.006866455,0.7002454,0.0,77.47892
2017-12-19 09:00:00,8.138763,5.5100403,100836.52,0.0,0.0,0.90623516,0.0,83.48496
2017-12-19 10:00:00,7.5485535,5.757904,100860.67,0.0,0.75393677,1.350657,0.0,88.41549
2017-12-19 11:00:00,7.177643,5.7313843,100839.875,0.0,0.759552,1.0421299,0.0,90.51986
2017-12-19 12:00:00,6.368744,5.078827,100836.5,0.0,0.7426758,1.071189,0.0,91.45205
2017-12-19 13:00:00,4.8457947,3.697937,100829.8,0.0,0.7426758,1.1997602,0.0,92.270164
2017-12-19 14:00:00,5.0542297,4.1610107,100864.34,0.0,0.7888794,1.3554018,0.0,93.947586
2017-12-19 15:00:00,5.759552,4.390625,100880.5,0.0,0.8600464,1.1332172,4.7683716e-07,90.907814
2017-12-19 16:00:00,6.3057556,4.8401184,100912.28,13.866667,0.9450073,1.5205889,9.536743e-07,90.334465
2017-12-19 17:00:00,7.7835083,5.6004944,100918.234,97.884445,0.98934937,1.9035742,0.0,86.06598
2017-12-19 18:00:00,9.013977,5.629425,100930.47,197.12,0.9456177,1.9281075,0.0,79.3353
2017-12-19 19:00:00,10.48819,5.0709534,100882.0,349.3689,0.98498535,1.6851647,0.0,69.12943
2017-12-19 20:00:00,11.980682,5.4997864,100836.94,443.37778,0.99560547,1.738953,0.0,64.510475
2017-12-19 21:00:00,13.492889,5.1108093,100773.58,405.45776,1.0,2.5595222,0.0,56.86575
2017-12-19 22:00:00,14.330383,6.3557434,100744.31,386.18668,0.7475281,2.8805115,0.0,58.70607
2017-12-19 23:00:00,13.740814,6.3089294,100754.54,309.76,0.96936035,3.0868568,0.0,60.798367
2017-12-20 00:00:00,13.231567,6.980255,100779.336,150.34666,0.9143677,2.68381,9.536743e-07,65.81862
2017-12-20 01:00:00,12.700714,8.917877,100766.695,30.115555,0.8968811,1.4582624,4.7683716e-07,77.749176
2017-12-20 02:00:00,12.701599,9.515747,100757.21,0.0,0.9680786,1.0177704,1.4305115e-06,80.94003
2017-12-20 03:00:00,11.975006,10.280975,100746.53,0.0,0.6481323,1.285819,2.861023e-06,89.36676
2017-12-20 04:00:00,12.148499,10.268524,100708.734,0.0,0.6625061,1.8263233,3.33786e-06,88.27769
2017-12-20 05:00:00,12.2508545,10.150787,100691.7,0.0,0.8961792,1.8006148,4.7683716e-07,86.99771
2017-12-20 06:00:00,12.075409,9.506317,100791.94,0.0,0.868103,1.5763198,0.0,84.286514
2017-12-20 07:00:00,12.333038,9.396179,100781.17,0.0,0.65509033,2.5105748,5.722046e-06,82.25813
2017-12-20 08:00:00,12.304932,9.212372,100732.945,0.0,0.82369995,3.3475208,1.9073486e-06,81.396774
2017-12-20 09:00:00,12.055176,9.293152,100695.86,0.0,1.0,3.838745,2.193451e-05,83.19728
2017-12-20 10:00:00,11.469574,9.848724,100689.78,0.0,0.99624634,2.6010613,0.00024223328,89.766174
2017-12-20 11:00:00,10.623383,8.616486,100732.99,0.0,1.0,2.735183,0.00050258636,87.39111
2017-12-20 12:00:00,9.113129,5.781006,100805.78,0.0,1.0,3.7982311,0.00015068054,79.638466
2017-12-20 13:00:00,9.132507,5.075287,100789.7,0.0,0.696228,3.4155974,2.4795532e-05,75.731026
2017-12-20 14:00:00,9.101593,5.079834,100845.89,0.0,0.096954346,3.3564389,0.0,75.91308
2017-12-20 15:00:00,9.052338,4.12796,100900.78,0.0,0.1394043,2.9282553,4.7683716e-07,71.26292
2017-12-20 16:00:00,8.866669,3.500885,100982.38,16.746666,0.28689575,2.9038963,0.0,69.047745
2017-12-20 17:00:00,9.782043,2.5620422,101014.89,124.30222,0.26812744,3.7587962,0.0,60.747
2017-12-20 18:00:00,10.577911,2.1371155,101086.914,280.49777,0.104400635,4.30339,0.0,55.882828
2017-12-20 19:00:00,11.471405,2.7641602,101071.8,402.4,0.013122559,4.6890225,0.0,55.06503
2017-12-20 20:00:00,11.668457,2.8819885,101023.06,490.59555,0.005645752,4.772745,1.9073486e-06,54.808147
2017-12-20 21:00:00,12.181122,2.455902,100932.97,496.42667,0.0,4.7854705,0.0,51.40708
2017-12-20 22:00:00,12.358643,3.3518372,100939.95,445.45776,0.0,5.42663,0.0,54.141014
2017-12-20 23:00:00,11.66275,3.8764954,100901.86,335.41333,0.0093688965,4.657985,0.0,58.816486
2017-12-21 00:00:00,11.462555,4.2710876,100923.12,187.2,0.0,4.238977,0.0,61.274395
2017-12-21 01:00:00,11.125458,5.001526,100946.375,39.43111,0.0,3.2615538,0.0,65.9401
2017-12-21 02:00:00,10.214783,4.5250854,100956.16,0.0,0.0,3.2859483,0.0,67.771385
2017-12-21 03:00:00,9.216888,4.4263,100970.266,0.0,0.0,3.214019,0.0,71.96584
2017-12-21 04:00:00,8.720459,4.4776306,100984.125,0.0,0.0,2.812225,0.0,74.68614
2017-12-21 05:00:00,8.262848,4.033905,100979.08,0.0,0.0,2.2564914,0.0,74.678955
2017-12-21 06:00:00,7.1860657,4.15802,101020.53,0.0,0.0,1.8341476,0.0,81.07033
2017-12-21 07:00:00,6.7179565,4.0028076,101049.36,0.0,0.0,1.5709012,0.0,82.80858
2017-12-21 08:00:00,6.427826,3.7000427,101037.72,0.0,0.0,1.9476097,0.0,82.6985
2017-12-21 09:00:00,4.886627,2.749176,101048.94,0.0,0.0,2.1380265,0.0,86.03993
2017-12-21 10:00:00,5.3160095,2.7322388,101099.81,0.0,0.0,2.078648,0.0,83.40568
2017-12-21 11:00:00,5.2776794,2.5944824,101061.11,0.0,0.0,2.3140137,0.0,82.81418
2017-12-21 12:00:00,4.9587097,2.2824402,101058.734,0.0,0.0,1.9229717,0.0,82.814705
2017-12-21 13:00:00,4.8753967,2.084015,101040.51,0.0,0.0,2.109041,0.0,82.127266
2017-12-21 14:00:00,4.8593445,1.7711182,101061.59,0.0,0.0,2.0028152,0.0,80.402
2017-12-21 15:00:00,4.863678,1.1572266,101094.84,0.0,0.0,1.7992711,0.0,76.91642
2017-12-21 16:00:00,5.393921,0.92404175,101138.67,19.27111,0.0,1.421991,0.0,72.89609
2017-12-21 17:00:00,7.9030457,0.7077637,101142.72,155.41333,0.0,1.731348,0.0,60.395317
2017-12-21 18:00:00,9.170197,-0.6185608,101191.72,312.8889,0.0,2.6188045,0.0,50.343475
2017-12-21 19:00:00,10.408173,-1.3075867,101199.39,432.40887,0.0,3.2373137,0.0,44.055233
2017-12-21 20:00:00,11.347717,-1.6232605,101138.55,500.55112,0.0,3.325094,0.0,40.438614
2017-12-21 21:00:00,12.538239,-2.363861,101092.734,508.37332,0.0,3.5435598,0.0,35.39773
2017-12-21 22:00:00,12.984955,-2.929657,100987.984,454.75555,0.0,2.7660158,0.0,32.963932
2017-12-21 23:00:00,12.999512,-3.4085388,100966.15,346.06223,0.0,3.1607747,0.0,31.778452
2017-12-22 00:00:00,12.696136,-2.4502869,100974.95,195.64444,0.11627197,1.7601845,0.0,34.809605
2017-12-22 01:00:00,10.62738,0.409729,101056.89,41.99111,0.0,1.7707618,0.0,49.20077
2017-12-22 02:00:00,9.119965,0.7684021,101104.945,0.0,0.6095276,1.782127,0.0,55.859592
2017-12-22 03:00:00,7.6633606,1.4166565,101118.09,0.0,0.98065186,1.3316206,0.0,64.60166
2017-12-22 04:00:00,8.607056,2.816864,101070.86,0.0,0.97561646,0.60882026,0.0,66.95234
2017-12-22 05:00:00,7.3432617,2.9657288,101056.734,0.0,0.863739,0.4300487,0.0,73.7379
2017-12-22 06:00:00,7.219757,3.5960999,101108.64,0.0,0.043823242,0.7848343,0.0,77.750275
2017-12-22 07:00:00,7.00473,3.6978455,101112.234,0.0,0.0,0.7769367,0.0,79.47162
2017-12-22 08:00:00,6.7065125,3.7969666,101112.1,0.0,0.014984131,0.16141026,0.0,81.68318
2017-12-22 09:00:00,6.2085266,3.922638,101154.64,0.0,0.0,0.20630768,0.0,85.28338
2017-12-22 10:00:00,5.535248,3.1116333,101185.914,0.0,0.33084106,1.504554,0.0,84.38378
2017-12-22 11:00:00,5.626251,3.4303284,101158.0,0.0,0.3821106,1.4381776,0.0,85.76248
2017-12-22 12:00:00,5.163788,3.6159668,101196.97,0.0,0.8110962,0.6531936,0.0,89.728806
2017-12-22 13:00:00,5.390106,3.8197327,101261.08,0.0,0.9906311,0.9895728,0.0,89.60427
2017-12-22 14:00:00,4.9828796,3.8038635,101319.22,0.0,0.8855896,1.4725506,0.0,92.07636
2017-12-22 15:00:00,6.0153503,4.609558,101278.8,0.0,0.99624634,1.9105124,0.0,90.69166
2017-12-22 16:00:00,5.915924,4.612671,101331.81,13.404445,0.51119995,1.2514737,0.0,91.337105
2017-12-22 17:00:00,6.2287292,5.123993,101336.09,113.28,0.09750366,0.74579865,0.0,92.63003
2017-12-22 18:00:00,8.07843,3.8948975,101406.42,290.13333,1.0,0.4670874,0.0,74.88544
2017-12-22 19:00:00,9.678131,1.8828735,101347.61,385.72446,1.0,0.6380267,0.0,58.28194
2017-12-22 20:00:00,10.747894,0.8354492,101304.125,404.49777,1.0,0.98648524,0.0,50.330925
2017-12-22 21:00:00,11.804962,0.8079529,101198.69,437.5822,1.0,1.1879345,0.0,46.832123
2017-12-22 22:00:00,12.43161,1.5743713,101181.08,429.28,0.9924927,0.6020572,0.0,47.483463
2017-12-22 23:00:00,12.394714,0.9989319,101177.4,285.10223,1.0,0.79170233,0.0,45.672
2017-12-23 00:00:00,12.326691,2.2957458,101163.19,161.49333,0.99435425,0.23430535,0.0,50.340107
2017-12-23 01:00:00,11.04007,2.844452,101226.89,29.35111,1.0,1.5251045,0.0,56.985977
2017-12-23 02:00:00,9.991211,2.5689392,101256.64,0.0,1.0,1.5729893,0.0,59.930798
2017-12-23 03:00:00,10.341339,1.9312439,101238.94,0.0,1.0,1.300789,0.0,55.943737
2017-12-23 04:00:00,10.006592,2.8591614,101258.56,0.0,1.0,0.9742862,0.0,61.11513
2017-12-23 05:00:00,9.478485,3.2453003,101262.83,0.0,1.0,1.049489,0.0,65.07379
2017-12-23 06:00:00,9.218536,3.9942932,101265.02,0.0,1.0,1.3573803,0.0,69.81074
2017-12-23 07:00:00,8.599548,4.2478943,101243.84,0.0,1.0,1.0911022,0.0,74.097855
2017-12-23 08:00:00,8.984711,4.4010925,101245.89,0.0,1.0,0.72016966,0.0,72.972534
2017-12-23 09:00:00,8.434601,3.9830627,101213.64,0.0,1.0,0.697695,0.0,73.55081
2017-12-23 10:00:00,8.032837,3.960205,101184.234,0.0,0.97436523,1.3791082,0.0,75.46351
2017-12-23 11:00:00,7.49881,3.956604,101158.34,0.0,0.9968872,0.841972,0.0,78.24075
2017-12-23 12:00:00,7.103363,3.7500305,101157.53,0.0,0.9924927,0.68377364,0.0,79.226715
2017-12-23 13:00:00,6.6282654,3.395935,101103.01,0.0,0.9825134,1.1269498,0.0,79.8354
2017-12-23 14:00:00,6.728668,3.4205017,101114.336,0.0,0.98376465,1.0684934,0.0,79.42384
2017-12-23 15:00:00,7.387909,4.0514526,101143.95,0.0,0.928772,1.0229023,0.0,79.362816
2017-12-23 16:00:00,7.7045593,4.424835,101170.4,12.302222,0.9725342,0.64141685,0.0,79.725395
2017-12-23 17:00:00,7.476166,4.998932,101136.2,102.755554,0.98934937,0.34667024,0.0,84.29045
2017-12-23 18:00:00,8.533173,1.7073975,101185.914,250.09778,1.0,0.6313374,0.0,62.17473
2017-12-23 19:00:00,9.752747,0.95578,101172.39,367.7689,1.0,1.0001618,0.0,54.25994
2017-12-23 20:00:00,10.365509,0.41854858,101108.0,429.22665,0.9812622,1.0278982,0.0,50.099556
2017-12-23 21:00:00,11.641449,-0.0385437,100992.63,455.73334,0.8987427,0.7723565,0.0,44.528797
2017-12-23 22:00:00,12.425262,1.7327881,100997.5,406.34668,1.0,0.7517693,0.0,48.04508
2017-12-23 23:00:00,12.445068,1.4535522,100937.836,304.03555,0.99749756,0.8366474,0.0,47.032467
2017-12-24 00:00:00,12.2890625,2.7760925,100933.59,177.63556,0.9718628,0.53050154,0.0,52.21754
2017-12-24 01:00:00,10.633148,2.848114,100949.17,38.488888,0.94311523,1.5357136,0.0,58.564644
2017-12-24 02:00:00,10.268616,2.3814392,100966.04,0.0,0.96936035,1.9313266,0.0,58.04986
2017-12-24 03:00:00,9.447784,2.9255981,100973.75,0.0,0.9593506,1.282179,0.0,63.74963
2017-12-24 04:00:00,10.2778015,3.6642761,100999.58,0.0,0.9612427,0.8684328,0.0,63.52996
2017-12-24 05:00:00,10.726227,3.9049988,100955.86,0.0,1.0,0.48015136,0.0,62.711445
2017-12-24 06:00:00,9.083923,4.1237183,100994.28,0.0,1.0,0.6779767,0.0,71.090096
2017-12-24 07:00:00,10.181305,4.428253,100985.164,0.0,0.97125244,1.369447,0.0,67.46458
2017-12-24 08:00:00,9.976349,5.475006,100973.95,0.0,0.964386,1.765696,0.0,73.57306
2017-12-24 09:00:00,9.426727,5.7658997,100943.5,0.0,0.97250366,1.2474514,0.0,77.89275
2017-12-24 10:00:00,9.025574,5.2757874,100962.5,0.0,0.988739,1.4769971,0.0,77.35075
2017-12-24 11:00:00,9.008392,5.610077,100909.31,0.0,0.9399719,1.669478,0.0,79.25882
2017-12-24 12:00:00,8.680695,5.27652,100926.64,0.0,0.98999023,1.1177053,0.0,79.17835
2017-12-24 13:00:00,8.432983,5.4636536,100843.73,0.0,0.980011,0.85044944,0.0,81.571396
2017-12-24 14:00:00,8.564667,6.1361694,100825.875,0.0,0.98999023,0.7871233,0.0,84.69991
2017-12-24 15:00:00,8.27005,6.1115723,100839.09,0.0,0.98065186,0.7431873,0.0,86.262115
2017-12-24 16:00:00,8.046539,5.614624,100859.86,8.0,1.0,1.2515699,0.0,84.62158
2017-12-24 17:00:00,9.19931,6.242584,100929.125,99.37778,0.99749756,0.8111177,0.0,81.74371
2017-12-24 18:00:00,9.614105,6.169586,100976.33,163.91112,0.9768982,0.58810884,0.0,79.09494
2017-12-24 19:00:00,10.046295,5.4610596,100944.02,224.85333,0.9781494,0.9345313,0.0,73.158485
2017-12-24 20:00:00,10.629364,5.3207703,100890.16,201.04889,1.0,0.96449405,0.0,69.682465
2017-12-24 21:00:00,10.891449,3.6302185,100822.625,213.77777,1.0,0.8156422,0.0,60.838013
2017-12-24 22:00:00,11.553986,3.6573792,100808.11,167.82222,1.0,0.8713503,0.0,58.33447
2017-12-24 23:00:00,11.732605,3.668396,100824.34,179.2889,0.90371704,0.7384666,0.0,57.694576
2017-12-25 00:00:00,11.493927,4.022339,100803.14,101.54667,0.95562744,0.456575,0.0,60.089462
2017-12-25 01:00:00,11.308258,5.853119,100844.086,14.097777,0.98999023,0.85356563,0.0,69.11393
2017-12-25 02:00:00,10.566162,5.299408,100824.22,0.0,1.0,0.42799708,0.0,69.87275
2017-12-25 03:00:00,9.998993,6.2148743,100796.19,0.0,1.0,0.6291513,0.0,77.32096
2017-12-25 04:00:00,9.802643,5.704712,100841.016,0.0,0.9924927,1.0537865,0.0,75.62968
2017-12-25 05:00:00,9.832489,5.4136047,100896.03,0.0,1.0,1.6511908,0.0,73.96967
2017-12-25 06:00:00,9.704498,5.4462585,100891.516,0.0,1.0,1.5595129,0.0,74.77682
2017-12-25 07:00:00,9.193695,5.2692566,100894.81,0.0,0.9868469,1.5274602,0.0,76.44414
2017-12-25 08:00:00,9.833038,4.7897034,100868.805,0.0,0.9843445,1.6127477,0.0,70.822945
2017-12-25 09:00:00,9.306244,4.8650513,100841.766,0.0,0.8937683,1.3510292,0.0,73.76112
2017-12-25 10:00:00,8.198303,6.150818,100883.586,0.0,0.99438477,0.9988514,0.0,86.91857
2017-12-25 11:00:00,7.68631,5.4770203,100897.47,0.0,0.9981079,1.1705421,0.0,85.89915
2017-12-25 12:00:00,6.1928406,4.1936035,100918.36,0.0,0.9375305,1.3780887,0.0,87.01546
2017-12-25 13:00:00,5.9267273,4.4513245,100874.42,0.0,0.988739,1.2844383,0.0,90.24476
2017-12-25 14:00:00,6.015381,4.523773,100888.36,0.0,1.0,0.9222684,0.0,90.14913
2017-12-25 15:00:00,6.5125427,4.552704,100884.79,0.0,1.0,1.0807431,0.0,87.28669
2017-12-25 16:00:00,6.6211243,4.6888733,100901.36,13.9377775,1.0,0.6615172,0.0,87.46545
2017-12-25 17:00:00,8.591095,5.0662537,100959.52,117.973335,1.0,0.50337064,0.0,78.50299
2017-12-25 18:00:00,10.549988,3.4180603,100967.875,270.72,0.9925232,0.7764785,0.0,61.31278
2017-12-25 19:00:00,11.830048,1.6985779,100913.65,273.2622,1.0,0.93183064,0.0,49.84327
2017-12-25 20:00:00,12.661713,0.68634033,100835.87,313.74222,1.0,1.09841,0.0,43.87885
2017-12-25 21:00:00,13.8089905,-0.9438782,100780.14,259.68,0.9812622,1.7775627,0.0,36.165806
2017-12-25 22:00:00,13.422394,1.5661926,100713.88,221.97333,1.0,1.6480253,0.0,44.47662
2017-12-25 23:00:00,13.518951,1.7308655,100725.72,161.58223,1.0,1.2212741,0.0,44.721836
2017-12-26 00:00:00,13.339386,1.342804,100740.24,78.613335,1.0,1.354552,0.0,44.007385
2017-12-26 01:00:00,12.089203,1.5946655,100744.3,15.2711115,1.0,1.8609225,0.0,48.635674
2017-12-26 02:00:00,10.985992,1.690155,100778.21,0.0,1.0,1.601101,0.0,52.676605
2017-12-26 03:00:00,10.181427,3.3517761,100763.14,0.0,1.0,0.90080696,0.0,62.5468
2017-12-26 04:00:00,9.494293,3.2974548,100801.67,0.0,1.0,0.85114425,0.0,65.24466
2017-12-26 05:00:00,9.431549,2.7430725,100830.3,0.0,1.0,0.76948607,0.0,62.99863
2017-12-26 06:00:00,10.367279,2.4620056,100831.586,0.0,0.9906311,0.8519186,0.0,58.000103
2017-12-26 07:00:00,10.186066,2.5334778,100820.79,0.0,0.980011,1.0178326,0.0,59.005646
2017-12-26 08:00:00,10.533142,3.1504822,100818.6,0.0,0.9981384,1.2853242,0.0,60.23222
2017-12-26 09:00:00,9.305023,3.6438904,100810.82,0.0,1.0,1.4212028,0.0,67.7155
2017-12-26 10:00:00,8.108856,4.0967407,100846.7,0.0,0.042663574,1.3758453,0.0,75.79778
2017-12-26 11:00:00,8.001312,4.0040283,100860.08,0.0,0.07131958,0.6672827,0.0,75.85867
2017-12-26 12:00:00,6.914276,4.2763977,100883.164,0.0,0.14508057,0.72970206,0.0,83.28312
2017-12-26 13:00:00,6.832123,4.131256,100850.37,0.0,0.11071777,0.69179964,0.0,82.905945
2017-12-26 14:00:00,6.850281,4.5513,100883.19,0.0,0.010040283,0.6356825,0.0,85.27513
2017-12-26 15:00:00,6.7972107,4.961853,100924.86,0.0,0.0,0.91450775,0.0,88.075
2017-12-26 16:00:00,6.284027,4.744507,100978.81,15.822222,0.0,0.6614993,0.0,89.86822
2017-12-26 17:00:00,8.774384,7.1756897,100983.625,141.26222,0.0,0.36526707,0.0,89.69352
2017-12-26 18:00:00,10.400482,7.811554,101056.32,294.11557,0.0,0.531475,0.0,83.98146
2017-12-26 19:00:00,11.7760315,7.3072205,101050.2,417.10223,0.0,1.1741234,0.0,74.058464
2017-12-26 20:00:00,12.656036,8.02713,100976.91,488.76443,0.0,1.2357321,0.0,73.40942
2017-12-26 21:00:00,14.029083,7.322174,100911.42,502.25778,0.0,2.1569607,0.0,63.970303
2017-12-26 22:00:00,14.408966,5.707306,100886.33,452.1422,0.06939697,1.9995866,0.0,55.84895
2017-12-26 23:00:00,14.409088,6.306488,100876.17,335.39557,0.7520752,2.4700594,0.0,58.209892
2017-12-27 00:00:00,13.549042,6.0690613,100911.15,186.50667,0.96313477,2.2841585,0.0,60.55107
2017-12-27 01:00:00,12.251373,7.1803894,100933.31,42.435555,0.99935913,1.5324805,0.0,71.15415
2017-12-27 02:00:00,11.125092,7.0201416,100987.67,0.0,0.98501587,1.9357495,0.0,75.814156
2017-12-27 03:00:00,9.872955,7.538666,101068.875,0.0,0.9606323,2.0265775,0.0,85.39329
2017-12-27 04:00:00,9.870026,7.7382507,101100.266,0.0,0.94940186,1.2288877,0.0,86.580925
2017-12-27 05:00:00,8.308655,6.8493958,101088.69,0.0,0.46133423,0.8072613,0.0,90.52011
2017-12-27 06:00:00,9.389984,7.5207214,101110.58,0.0,0.31185913,0.5411236,0.0,88.1001
2017-12-27 07:00:00,7.6430664,6.4841003,101169.25,0.0,0.2081604,1.4418952,0.0,92.36448
2017-12-27 08:00:00,7.6355286,6.4848633,101185.39,0.0,0.7720337,1.7488669,0.0,92.416824
2017-12-27 09:00:00,8.333588,7.5210266,101144.06,0.0,0.8132324,1.3805506,0.0,94.61961
2017-12-27 10:00:00,7.342926,6.663971,101158.75,0.0,0.9447937,1.0246316,4.7683716e-07,95.45138
2017-12-27 11:00:00,6.6655884,6.0954285,101169.125,0.0,0.7751465,0.56710976,4.7683716e-07,96.1473
2017-12-27 12:00:00,6.6946106,6.4474792,101179.84,0.0,0.7576599,0.8076925,4.7683716e-07,98.314026
2017-12-27 13:00:00,6.1701355,5.9551086,101153.14,0.0,0.7501831,0.6894678,2.3841858e-06,98.52549
2017-12-27 14:00:00,6.228485,5.8838806,101200.25,0.0,0.7501831,0.6991521,2.3841858e-06,97.64734
2017-12-27 15:00:00,7.378357,7.0063477,101217.05,0.0,0.75390625,0.69126517,4.7683716e-06,97.4853
2017-12-27 16:00:00,6.9772644,6.6490173,101242.67,11.235556,0.7564392,0.15842152,1.9073486e-06,97.77114
2017-12-27 17:00:00,8.291473,7.7444763,101279.33,112.85333,0.9874878,0.24787912,2.861023e-06,96.34801
2017-12-27 18:00:00,9.250946,8.252075,101311.23,218.24,0.9606323,0.45769444,0.0,93.46877
2017-12-27 19:00:00,11.005005,8.838226,101292.25,355.68,0.92248535,1.0278621,4.7683716e-07,86.48771
2017-12-27 20:00:00,12.077789,8.347809,101251.555,424.33777,0.7637024,1.6061455,0.0,77.93198
2017-12-27 21:00:00,13.307861,6.59848,101163.75,420.67557,0.79248047,1.5254841,0.0,63.796757
2017-12-27 22:00:00,13.92746,8.1267395,101108.75,391.59113,0.8243408,1.1067294,0.0,68.02425
2017-12-27 23:00:00,14.2595825,8.395721,101083.29,304.49777,0.63623047,1.6210935,0.0,67.801704
2017-12-28 00:00:00,14.143585,8.404694,101069.484,184.37334,0.35379028,1.5028819,0.0,68.35477
2017-12-28 01:00:00,12.397797,8.040558,101089.055,45.795555,0.13061523,1.6974592,0.0,74.73256
2017-12-28 02:00:00,10.893066,7.3450317,101061.06,0.0,0.20123291,2.3238378,0.0,78.72352
2017-12-28 03:00:00,9.641937,6.8927917,101060.94,0.0,0.61938477,2.002672,0.0,82.97629
2017-12-28 04:00:00,9.348541,6.6459045,101110.95,0.0,0.82559204,2.115555,0.0,83.205864
2017-12-28 05:00:00,8.828552,6.2550354,101127.125,0.0,0.17816162,1.7748908,0.0,83.886604
2017-12-28 06:00:00,9.411774,6.8281555,101165.66,0.0,0.2793579,1.4722699,0.0,83.89668
2017-12-28 07:00:00,8.802032,6.6843567,101150.65,0.0,0.122528076,1.3566543,0.0,86.558556
2017-12-28 08:00:00,8.710968,6.748871,101139.27,0.0,0.69070435,1.2976794,0.0,87.48015
2017-12-28 09:00:00,7.3285217,6.436249,101085.54,0.0,0.957489,1.3350853,0.0,94.05985
2017-12-28 10:00:00,6.962677,6.0542297,101102.984,0.0,0.9906616,1.342965,0.0,93.93796
2017-12-28 11:00:00,5.4480896,5.011383,101057.625,0.0,0.99935913,0.7033172,0.0,97.00847
2017-12-28 12:00:00,4.5131226,4.293762,101063.2,0.0,0.9981384,0.96562976,0.0,98.47596
2017-12-28 13:00:00,5.4042053,5.22583,101035.12,0.0,1.0,0.73662734,0.0,98.76794
2017-12-28 14:00:00,6.1142883,5.7672424,101087.33,0.0,0.9850464,0.9266431,0.0,97.6287
2017-12-28 15:00:00,6.573578,5.924286,101051.375,0.0,0.87698364,1.2212782,0.0,95.61993
2017-12-28 16:00:00,6.523285,5.790863,101103.664,14.791111,0.7533264,1.2152947,0.0,95.06966
2017-12-28 17:00:00,8.064606,7.6335144,101148.81,143.25333,0.7533264,1.3722097,0.0,97.106735
2017-12-28 18:00:00,9.678436,7.789032,101163.945,299.73334,0.7501831,1.3165767,0.0,88.004776
2017-12-28 19:00:00,11.72641,6.0245667,101134.43,308.2311,0.2869568,1.4267951,0.0,68.029915
2017-12-28 20:00:00,13.597504,6.1094666,101040.766,412.26666,0.035614014,1.8072437,0.0,60.52903
2017-12-28 21:00:00,15.393768,2.8554382,100939.016,455.71555,0.046875,1.9413121,0.0,42.9194
2017-12-28 22:00:00,15.196991,6.863495,100857.33,432.8889,0.7338257,0.9778462,0.0,57.48734
2017-12-28 23:00:00,15.646149,6.579193,100859.805,314.66666,0.9968872,1.3341469,0.0,54.773174
2017-12-29 00:00:00,15.476929,7.3561707,100828.88,152.55112,0.9981384,1.2754238,0.0,58.401344
2017-12-29 01:00:00,13.511993,7.547882,100809.875,39.484444,0.93688965,2.2052286,0.0,67.18539
2017-12-29 02:00:00,12.338501,6.302704,100801.2,0.0,0.8399658,2.1029565,0.0,66.60727
2017-12-29 03:00:00,10.513519,6.914337,100846.46,0.0,0.6538086,2.048788,0.0,78.39127
2017-12-29 04:00:00,9.355988,5.942505,100858.016,0.0,0.56762695,1.8742123,0.0,79.22667
2017-12-29 05:00:00,9.424011,5.7519836,100861.945,0.0,0.9131775,1.7183694,0.0,77.83195
2017-12-29 06:00:00,9.377167,6.07901,100862.12,0.0,1.0,1.7923584,0.0,79.86376
2017-12-29 07:00:00,8.53775,5.840973,100873.42,0.0,1.0,2.0387874,0.0,83.14051
2017-12-29 08:00:00,7.78537,5.492035,100844.73,0.0,1.0,2.029448,0.0,85.41
2017-12-29 09:00:00,6.755768,5.6321106,100839.625,0.0,0.98999023,2.007297,0.0,92.53853
2017-12-29 10:00:00,5.9617004,4.872406,100850.875,0.0,0.98999023,1.6810703,0.0,92.71464
2017-12-29 11:00:00,5.328888,4.638214,100809.64,0.0,0.98999023,1.4762908,0.0,95.30101
2017-12-29 12:00:00,4.5548706,4.1166687,100816.18,0.0,1.0,1.7356406,0.0,96.97704
2017-12-29 13:00:00,4.9170227,4.5603943,100796.984,0.0,1.0,1.6283218,0.0,97.54066
2017-12-29 14:00:00,5.1171875,4.6561584,100793.38,0.0,0.9906311,1.6269251,9.536743e-07,96.835945
2017-12-29 15:00:00,5.922699,5.200714,100782.39,0.0,0.42877197,1.7035865,9.536743e-07,95.11547
2017-12-29 16:00:00,5.73291,4.888397,100832.0,11.946667,0.763916,1.7231888,0.0,94.29939
2017-12-29 17:00:00,7.472687,6.633148,100903.44,113.77778,0.57891846,1.6222234,0.0,94.40831
2017-12-29 18:00:00,9.345978,7.451599,100935.4,245.76,0.87561035,1.522124,0.0,87.94518
2017-12-29 19:00:00,11.387421,6.854706,100899.42,397.15555,0.98373413,1.3616416,0.0,73.66624
2017-12-29 20:00:00,13.762573,6.335968,100822.11,452.17776,1.0,1.4113108,0.0,60.8257
2017-12-29 21:00:00,15.152191,5.9576416,100740.75,479.9289,1.0,1.4218888,0.0,54.16525
2017-12-29 22:00:00,16.522919,5.8840027,100686.28,419.50223,1.0,1.1468532,0.0,49.365646
2017-12-29 23:00:00,16.78836,5.895874,100669.98,326.34668,0.99624634,0.8046567,0.0,48.57948
2017-12-30 00:00:00,16.384613,7.453644,100672.49,197.72444,0.92059326,0.89003253,0.0,55.4773
2017-12-30 01:00:00,13.744354,4.829254,100639.91,48.0,0.917511,1.864638,0.0,54.855625
2017-12-30 02:00:00,12.181183,4.2902527,100671.72,0.0,0.88565063,1.9874054,0.0,58.514454
2017-12-30 03:00:00,10.028351,5.0928955,100684.92,0.0,0.8994446,1.8058971,0.0,71.39545
2017-12-30 04:00:00,9.482819,4.641754,100720.516,0.0,1.0,1.8732147,0.0,71.76259
2017-12-30 05:00:00,9.129883,4.7953796,100757.89,0.0,1.0,1.7404796,0.0,74.28076
2017-12-30 06:00:00,7.842621,4.242035,100754.65,0.0,1.0,1.5120227,0.0,77.97393
2017-12-30 07:00:00,9.076996,5.334564,100771.05,0.0,1.0,1.3224592,0.0,77.39845
2017-12-30 08:00:00,8.677948,5.8141174,100727.94,0.0,1.0,1.7749094,0.0,82.202225
2017-12-30 09:00:00,7.3788147,5.595215,100714.67,0.0,0.980011,2.1507716,0.0,88.443924
2017-12-30 10:00:00,6.1170654,5.032501,100722.375,0.0,0.99749756,0.8805916,0.0,92.75393
2017-12-30 11:00:00,7.5336914,6.1807556,100698.43,0.0,1.0,0.92893684,0.0,91.13081
2017-12-30 12:00:00,6.593292,5.2986145,100699.79,0.0,1.0,1.0637901,0.0,91.43648
2017-12-30 13:00:00,6.5663757,5.605316,100669.22,0.0,0.99935913,1.0396559,0.0,93.57738
2017-12-30 14:00:00,6.5126038,5.537506,100647.87,0.0,0.99935913,1.0093666,0.0,93.48362
2017-12-30 15:00:00,6.1444397,5.1697693,100638.84,0.0,1.0,1.047702,0.0,93.46775
2017-12-30 16:00:00,5.2417603,4.3239136,100657.06,10.204445,1.0,0.8075646,0.0,93.79452
2017-12-30 17:00:00,6.977997,5.8483276,100680.22,97.63556,0.9987488,1.1024054,0.0,92.512764
2017-12-30 18:00:00,8.612091,7.2602844,100684.72,231.53778,1.0,1.0740358,0.0,91.21033
2017-12-30 19:00:00,10.4409485,5.1025696,100633.7,385.2622,1.0,1.1648254,0.0,69.500465
2017-12-30 20:00:00,12.977692,4.9458923,100556.56,425.56445,1.0,1.1704568,0.0,58.138954
2017-12-30 21:00:00,14.615631,1.9437866,100460.19,457.99112,1.0,1.1983446,0.0,42.29018
2017-12-30 22:00:00,15.720459,5.208435,100430.8,382.6311,1.0,0.5714008,0.0,49.58135
2017-12-30 23:00:00,15.709534,5.3523865,100363.086,293.47556,1.0,0.9644501,0.0,50.11506
2017-12-31 00:00:00,14.600861,7.162384,100331.65,154.11555,1.0,1.072877,0.0,60.975456
2017-12-31 01:00:00,13.306152,7.0765686,100331.59,39.84,1.0,1.6879468,0.0,65.93292
2017-12-31 02:00:00,11.972626,5.486664,100361.83,0.0,1.0,1.1460836,0.0,64.485985
2017-12-31 03:00:00,11.534729,5.582611,100367.5,0.0,0.9924927,0.606472,0.0,66.82134
2017-12-31 04:00:00,10.486176,5.0140686,100354.234,0.0,0.9856262,0.17919502,0.0,68.865326
2017-12-31 05:00:00,8.3645935,4.843109,100389.89,0.0,0.948761,0.4345118,0.0,78.48695
2017-12-31 06:00:00,7.957611,4.9318237,100418.17,0.0,0.98999023,0.4449594,0.0,81.188065
2017-12-31 07:00:00,8.596039,5.5427856,100432.75,0.0,0.98809814,0.24500999,0.0,81.11951
2017-12-31 08:00:00,7.9787903,5.7855225,100399.37,0.0,0.980011,0.60470784,0.0,86.02501
2017-12-31 09:00:00,7.5664062,6.141876,100357.94,0.0,0.96313477,0.95130783,0.0,90.68379
2017-12-31 10:00:00,7.0887146,6.4069214,100360.45,0.0,1.0,1.6863155,0.0,95.42369
2017-12-31 11:00:00,6.7323914,6.093048,100357.66,0.0,1.0,1.7334452,0.0,95.69113
2017-12-31 12:00:00,6.514435,5.9360657,100375.95,0.0,0.9406433,1.2079799,0.0,96.088165
2017-12-31 13:00:00,7.101471,6.6124573,100397.984,0.0,0.988739,1.1328087,0.0,96.69881
2017-12-31 14:00:00,7.099518,6.7541504,100433.42,0.0,0.995636,1.0085443,0.0,97.65834
2017-12-31 15:00:00,8.127045,7.204376,100449.83,0.0,0.9874878,1.287961,0.0,93.90086
2017-12-31 16:00:00,7.7052307,7.07489,100496.3,8.0,0.96875,1.5096495,0.0,95.78282
2017-12-31 17:00:00,9.607147,9.288483,100560.35,85.08444,0.96813965,1.1005154,7.6293945e-06,97.87987
2017-12-31 18:00:00,10.364441,9.509918,100588.29,175.71556,0.98565674,0.43879434,2.002716e-05,94.436485
2017-12-31 19:00:00,11.640228,9.14389,100605.0,312.30222,0.98376465,0.60175,0.0,84.65134
2017-12-31 20:00:00,12.266144,9.807709,100589.36,370.18668,0.98999023,1.1656625,0.0,84.9363
2017-12-31 21:00:00,12.869293,8.290161,100536.47,409.61777,0.98999023,1.3365417,0.0,73.69607
2017-12-31 22:00:00,13.692322,9.014404,100547.195,343.30667,0.9868164,1.3410913,0.0,73.35087
2017-12-31 23:00:00,13.7413025,9.199921,100483.05,242.50667,0.77560425,0.87607867,0.0,74.03795
