window_id,t_origin,aligned_mae,shuffled_mae,raw24_mae,zero_mae
w3702,2014-03-23 22:00:00,0.1866554319858551,0.1699504256248474,0.14852748811244965,0.1691749393939972
w3703,2014-03-23 23:00:00,0.18339143693447113,0.1695980280637741,0.14050769805908203,0.1706267148256302
w3704,2014-03-24 00:00:00,0.197127565741539,0.1723598837852478,0.12736788392066956,0.17067664861679077
w3705,2014-03-24 01:00:00,0.18325424194335938,0.16980600357055664,0.12115299701690674,0.16912716627120972
w3706,2014-03-24 02:00:00,0.16721861064434052,0.167658731341362,0.1239938735961914,0.1673675924539566
w3707,2014-03-24 03:00:00,0.15200181305408478,0.16582170128822327,0.12355799227952957,0.16588371992111206
w3708,2014-03-24 04:00:00,0.16539642214775085,0.16399157047271729,0.13196048140525818,0.1644386202096939
w3709,2014-03-24 05:00:00,0.17097517848014832,0.16359677910804749,0.13497573137283325,0.16343823075294495
w3710,2014-03-24 06:00:00,0.15166409313678741,0.16283978521823883,0.1422470510005951,0.16370980441570282
w3711,2014-03-24 07:00:00,0.16972821950912476,0.16406673192977905,0.14322175085544586,0.16372579336166382
w3712,2014-03-24 08:00:00,0.19521726667881012,0.1700456738471985,0.14231620728969574,0.1637057512998581
w3713,2014-03-24 09:00:00,0.18896636366844177,0.16359536349773407,0.14121797680854797,0.16370461881160736
w3714,2014-03-24 10:00:00,0.16242796182632446,0.16398775577545166,0.14127576351165771,0.16370180249214172
w3715,2014-03-24 11:00:00,0.17357659339904785,0.1629692167043686,0.14164595305919647,0.16369588673114777
w3716,2014-03-24 12:00:00,0.17698033154010773,0.1714337170124054,0.14146816730499268,0.163685142993927
w3717,2014-03-24 13:00:00,0.173976331949234,0.16501182317733765,0.14160922169685364,0.16366881132125854
w3718,2014-03-24 14:00:00,0.14832717180252075,0.16092340648174286,0.14258579909801483,0.1636471450328827
w3719,2014-03-24 15:00:00,0.15210320055484772,0.1636255979537964,0.1428530216217041,0.16362236440181732
w3720,2014-03-24 16:00:00,0.1543293595314026,0.16305452585220337,0.1423855423927307,0.16359908878803253
w3721,2014-03-24 17:00:00,0.1708892583847046,0.16070742905139923,0.14210249483585358,0.1635810136795044
w3722,2014-03-24 18:00:00,0.18530519306659698,0.16165778040885925,0.1422673463821411,0.16356825828552246
w3723,2014-03-24 19:00:00,0.20045436918735504,0.16180279850959778,0.1428370326757431,0.16356490552425385
w3724,2014-03-24 20:00:00,0.17663955688476562,0.1656714230775833,0.14363086223602295,0.16357143223285675
w3725,2014-03-24 21:00:00,0.17560039460659027,0.16743218898773193,0.1444520503282547,0.16356174647808075
w3726,2014-03-24 22:00:00,0.183137908577919,0.16299594938755035,0.14716273546218872,0.16321510076522827
w3727,2014-03-24 23:00:00,0.21354275941848755,0.1674112230539322,0.14840596914291382,0.16342681646347046
w3728,2014-03-25 00:00:00,0.23637837171554565,0.16609665751457214,0.14790908992290497,0.1646001935005188
w3729,2014-03-25 01:00:00,0.23244863748550415,0.15917550027370453,0.14982043206691742,0.16511359810829163
w3730,2014-03-25 02:00:00,0.21740786731243134,0.162997305393219,0.1550266593694687,0.1635635942220688
w3731,2014-03-25 03:00:00,0.21530109643936157,0.16593925654888153,0.1504024863243103,0.16481851041316986
w3732,2014-03-25 04:00:00,0.22426968812942505,0.1641121506690979,0.1595068722963333,0.16354817152023315
w3733,2014-03-25 05:00:00,0.20562320947647095,0.16626974940299988,0.15074385702610016,0.16523681581020355
w3734,2014-03-25 06:00:00,0.15246886014938354,0.16507530212402344,0.1491566151380539,0.1660817265510559
w3735,2014-03-25 07:00:00,0.18056803941726685,0.16229063272476196,0.15076524019241333,0.16652065515518188
w3736,2014-03-25 08:00:00,0.21283602714538574,0.16922062635421753,0.1510051041841507,0.16672544181346893
w3737,2014-03-25 09:00:00,0.2202729880809784,0.1676737368106842,0.15061861276626587,0.16673077642917633
w3738,2014-03-25 10:00:00,0.19361241161823273,0.1661680042743683,0.15188084542751312,0.16673077642917633
w3739,2014-03-25 11:00:00,0.20492522418498993,0.16549184918403625,0.15180659294128418,0.16673077642917633
w3740,2014-03-25 12:00:00,0.21131791174411774,0.16591118276119232,0.15154702961444855,0.16673077642917633
w3741,2014-03-25 13:00:00,0.21074125170707703,0.16810162365436554,0.1514413058757782,0.16673077642917633
w3742,2014-03-25 14:00:00,0.18133984506130219,0.1669655740261078,0.15047992765903473,0.16673077642917633
w3743,2014-03-25 15:00:00,0.18417280912399292,0.16729380190372467,0.14988967776298523,0.16673077642917633
w3744,2014-03-25 16:00:00,0.18412920832633972,0.1637318879365921,0.15062467753887177,0.16673077642917633
w3745,2014-03-25 17:00:00,0.2049681544303894,0.16793881356716156,0.15143601596355438,0.16673077642917633
w3746,2014-03-25 18:00:00,0.22437474131584167,0.1655728667974472,0.1513071358203888,0.16673077642917633
w3747,2014-03-25 19:00:00,0.22580115497112274,0.16368308663368225,0.15183210372924805,0.16673077642917633
w3748,2014-03-25 20:00:00,0.1981767863035202,0.16210328042507172,0.15221597254276276,0.16673077642917633
w3749,2014-03-25 21:00:00,0.20098567008972168,0.16890788078308105,0.15134339034557343,0.16659098863601685
w3750,2014-03-25 22:00:00,0.20841152966022491,0.16439788043498993,0.1494584083557129,0.16584937274456024
w3751,2014-03-25 23:00:00,0.2270575910806656,0.16905075311660767,0.14472544193267822,0.16692489385604858
w3752,2014-03-26 00:00:00,0.22115619480609894,0.16868160665035248,0.14580124616622925,0.1699288934469223
w3753,2014-03-26 01:00:00,0.21142630279064178,0.16932734847068787,0.13530048727989197,0.1713881939649582
w3754,2014-03-26 02:00:00,0.1699691116809845,0.1788000762462616,0.14525297284126282,0.17457914352416992
w3755,2014-03-26 03:00:00,0.15726147592067719,0.1699361801147461,0.13647273182868958,0.17849572002887726
w3756,2014-03-26 04:00:00,0.18154564499855042,0.17763619124889374,0.13947731256484985,0.17926502227783203
w3757,2014-03-26 05:00:00,0.16058191657066345,0.1706540435552597,0.1407875418663025,0.17761534452438354
w3758,2014-03-26 06:00:00,0.1692715287208557,0.1828480064868927,0.14084461331367493,0.1766360104084015
w3759,2014-03-26 07:00:00,0.17514795064926147,0.17648983001708984,0.14091485738754272,0.17636503279209137
w3760,2014-03-26 08:00:00,0.170291930437088,0.1742333024740219,0.13965275883674622,0.17636342346668243
w3761,2014-03-26 09:00:00,0.17460423707962036,0.17802904546260834,0.1394539326429367,0.17635829746723175
w3762,2014-03-26 10:00:00,0.1529165357351303,0.1781296730041504,0.13984471559524536,0.17635183036327362
w3763,2014-03-26 11:00:00,0.16511313617229462,0.17545311152935028,0.13996130228042603,0.1763402670621872
w3764,2014-03-26 12:00:00,0.1655871570110321,0.17673784494400024,0.14005759358406067,0.1763223260641098
w3765,2014-03-26 13:00:00,0.16915106773376465,0.18800950050354004,0.13983310759067535,0.17629796266555786
w3766,2014-03-26 14:00:00,0.13396814465522766,0.17670698463916779,0.13969334959983826,0.17626890540122986
w3767,2014-03-26 15:00:00,0.14091667532920837,0.18277083337306976,0.13991229236125946,0.1762361377477646
w3768,2014-03-26 16:00:00,0.14419353008270264,0.18271610140800476,0.13993673026561737,0.17620350420475006
w3769,2014-03-26 17:00:00,0.1724778562784195,0.18520841002464294,0.13993166387081146,0.17617665231227875
w3770,2014-03-26 18:00:00,0.18963031470775604,0.18418914079666138,0.1405496746301651,0.17616035044193268
w3771,2014-03-26 19:00:00,0.1918642669916153,0.17188966274261475,0.14130443334579468,0.17615601420402527
w3772,2014-03-26 20:00:00,0.16126041114330292,0.1714957058429718,0.14203189313411713,0.1761607527732849
w3773,2014-03-26 21:00:00,0.17119154334068298,0.177076518535614,0.14342287182807922,0.17609408497810364
w3774,2014-03-26 22:00:00,0.1937951147556305,0.17148032784461975,0.14537853002548218,0.17626455426216125
w3775,2014-03-26 23:00:00,0.20875075459480286,0.176226407289505,0.14735831320285797,0.17627201974391937
w3776,2014-03-27 00:00:00,0.2073025405406952,0.17591163516044617,0.14842237532138824,0.17586641013622284
w3777,2014-03-27 01:00:00,0.2023550420999527,0.17306733131408691,0.14799824357032776,0.17713722586631775
w3778,2014-03-27 02:00:00,0.16523994505405426,0.18126487731933594,0.1467030793428421,0.1813475638628006
w3779,2014-03-27 03:00:00,0.15467722713947296,0.18596073985099792,0.1478455364704132,0.18674391508102417
w3780,2014-03-27 04:00:00,0.1753942370414734,0.18449720740318298,0.14817115664482117,0.18648739159107208
w3781,2014-03-27 05:00:00,0.14672797918319702,0.19158561527729034,0.14444538950920105,0.1872229278087616
w3782,2014-03-27 06:00:00,0.14665716886520386,0.1839430183172226,0.13819514214992523,0.1868187040090561
w3783,2014-03-27 07:00:00,0.15748848021030426,0.18112680315971375,0.1402096003293991,0.18681389093399048
w3784,2014-03-27 08:00:00,0.1450076550245285,0.18882505595684052,0.13893556594848633,0.18669073283672333
w3785,2014-03-27 09:00:00,0.15974919497966766,0.19426147639751434,0.13929514586925507,0.1866866797208786
w3786,2014-03-27 10:00:00,0.1427009403705597,0.18785347044467926,0.1399567425251007,0.1866808533668518
w3787,2014-03-27 11:00:00,0.15822525322437286,0.19069239497184753,0.14004962146282196,0.18667250871658325
w3788,2014-03-27 12:00:00,0.16304944455623627,0.19991561770439148,0.13971209526062012,0.1866600215435028
w3789,2014-03-27 13:00:00,0.16615554690361023,0.18525582551956177,0.13973626494407654,0.18664291501045227
w3790,2014-03-27 14:00:00,0.13103991746902466,0.18589173257350922,0.13925138115882874,0.18661995232105255
w3791,2014-03-27 15:00:00,0.14088723063468933,0.18587592244148254,0.1388906091451645,0.1865973025560379
w3792,2014-03-27 16:00:00,0.13913266360759735,0.18520647287368774,0.13935624063014984,0.1865815371274948
w3793,2014-03-27 17:00:00,0.1666230857372284,0.1868375837802887,0.1399507224559784,0.18657487630844116
w3794,2014-03-27 18:00:00,0.1808512806892395,0.19097866117954254,0.14055806398391724,0.186580628156662
w3795,2014-03-27 19:00:00,0.18227797746658325,0.19019831717014313,0.1414758712053299,0.18660058081150055
w3796,2014-03-27 20:00:00,0.15460865199565887,0.19566373527050018,0.14250369369983673,0.18663662672042847
w3797,2014-03-27 21:00:00,0.16793902218341827,0.18545715510845184,0.14367032051086426,0.18656693398952484
w3798,2014-03-27 22:00:00,0.19090360403060913,0.18246673047542572,0.14387434720993042,0.18434561789035797
w3799,2014-03-27 23:00:00,0.18930959701538086,0.1865333765745163,0.14917020499706268,0.18816667795181274
w3800,2014-03-28 00:00:00,0.17629382014274597,0.19285163283348083,0.15464486181735992,0.19345782697200775
w3801,2014-03-28 01:00:00,0.1721203476190567,0.19389663636684418,0.16074231266975403,0.1995411366224289
w3802,2014-03-28 02:00:00,0.13990089297294617,0.20089209079742432,0.16856248676776886,0.20612733066082
w3803,2014-03-28 03:00:00,0.11856113374233246,0.20378047227859497,0.17001663148403168,0.21172787249088287
w3804,2014-03-28 04:00:00,0.13527721166610718,0.19860047101974487,0.17477144300937653,0.21623636782169342
w3805,2014-03-28 05:00:00,0.11578159779310226,0.2113763988018036,0.17532411217689514,0.21766836941242218
w3806,2014-03-28 06:00:00,0.12853379547595978,0.22032544016838074,0.1722235083580017,0.21568481624126434
w3807,2014-03-28 07:00:00,0.14111387729644775,0.20773845911026,0.17362120747566223,0.21556025743484497
w3808,2014-03-28 08:00:00,0.1095099225640297,0.2177748680114746,0.17010731995105743,0.21545158326625824
w3809,2014-03-28 09:00:00,0.09905321896076202,0.22372862696647644,0.1689046025276184,0.21544325351715088
w3810,2014-03-28 10:00:00,0.09648701548576355,0.1979195922613144,0.1696402132511139,0.21542970836162567
w3811,2014-03-28 11:00:00,0.12054698914289474,0.20739804208278656,0.16962915658950806,0.21540457010269165
w3812,2014-03-28 12:00:00,0.12782637774944305,0.21676474809646606,0.1694927215576172,0.21536557376384735
w3813,2014-03-28 13:00:00,0.11851000785827637,0.21401363611221313,0.16951146721839905,0.21531426906585693
w3814,2014-03-28 14:00:00,0.09084602445363998,0.22466114163398743,0.16937156021595,0.21525605022907257
w3815,2014-03-28 15:00:00,0.0979575589299202,0.21868430078029633,0.16945607960224152,0.2151966691017151
w3816,2014-03-28 16:00:00,0.091026172041893,0.21840450167655945,0.16972336173057556,0.2151392549276352
w3817,2014-03-28 17:00:00,0.1241954043507576,0.2100626826286316,0.17015273869037628,0.21509122848510742
w3818,2014-03-28 18:00:00,0.12351030856370926,0.22007149457931519,0.17142479121685028,0.2150663137435913
w3819,2014-03-28 19:00:00,0.1279008984565735,0.19375741481781006,0.17332567274570465,0.215068057179451
w3820,2014-03-28 20:00:00,0.12612083554267883,0.22101876139640808,0.17597395181655884,0.21509596705436707
w3821,2014-03-28 21:00:00,0.15688247978687286,0.21978044509887695,0.18170450627803802,0.2149745672941208
w3822,2014-03-28 22:00:00,0.1781506985425949,0.20870435237884521,0.18028047680854797,0.2135276198387146
w3823,2014-03-28 23:00:00,0.16933012008666992,0.20995095372200012,0.14599548280239105,0.2120896726846695
w3824,2014-03-29 00:00:00,0.16685160994529724,0.2055312842130661,0.13998457789421082,0.21099607646465302
w3825,2014-03-29 01:00:00,0.16413307189941406,0.21181052923202515,0.14308840036392212,0.21164195239543915
w3826,2014-03-29 02:00:00,0.13750606775283813,0.2119954228401184,0.12610644102096558,0.20939506590366364
w3827,2014-03-29 03:00:00,0.12316004186868668,0.2074611783027649,0.11675265431404114,0.20645076036453247
w3828,2014-03-29 04:00:00,0.14268998801708221,0.20848780870437622,0.10764870047569275,0.20533639192581177
w3829,2014-03-29 05:00:00,0.14491739869117737,0.21644814312458038,0.10105517506599426,0.20557105541229248
w3830,2014-03-29 06:00:00,0.10502923280000687,0.21550986170768738,0.09634184837341309,0.2050708532333374
w3831,2014-03-29 07:00:00,0.12758010625839233,0.2087664008140564,0.09611745923757553,0.20506839454174042
w3832,2014-03-29 08:00:00,0.11046698689460754,0.1987507939338684,0.09673874080181122,0.2050940990447998
w3833,2014-03-29 09:00:00,0.12113887816667557,0.214478999376297,0.09707935899496078,0.20509010553359985
w3834,2014-03-29 10:00:00,0.10884381830692291,0.20492476224899292,0.09715191274881363,0.2050774246454239
w3835,2014-03-29 11:00:00,0.14016085863113403,0.21119512617588043,0.09803026914596558,0.20505711436271667
w3836,2014-03-29 12:00:00,0.15955014526844025,0.20484651625156403,0.09646497666835785,0.20502744615077972
w3837,2014-03-29 13:00:00,0.15056347846984863,0.19416560232639313,0.09390825033187866,0.20498712360858917
w3838,2014-03-29 14:00:00,0.1201343834400177,0.2016378790140152,0.09493567794561386,0.2049364447593689
w3839,2014-03-29 15:00:00,0.12721286714076996,0.2105606347322464,0.09634197503328323,0.204881489276886
w3840,2014-03-29 16:00:00,0.12148446589708328,0.21181517839431763,0.09684774279594421,0.2048323154449463
w3841,2014-03-29 17:00:00,0.14201569557189941,0.2020587921142578,0.09761103987693787,0.2047983855009079
w3842,2014-03-29 18:00:00,0.14746254682540894,0.2124219536781311,0.09869849681854248,0.20479071140289307
w3843,2014-03-29 19:00:00,0.13968418538570404,0.21591724455356598,0.09887988120317459,0.20480595529079437
w3844,2014-03-29 20:00:00,0.13025709986686707,0.2019355297088623,0.0979040190577507,0.20484106242656708
w3845,2014-03-29 21:00:00,0.148942768573761,0.20749741792678833,0.09768998622894287,0.20476143062114716
w3846,2014-03-29 22:00:00,0.16332823038101196,0.21008141338825226,0.09899160265922546,0.2027636617422104
w3847,2014-03-29 23:00:00,0.152777761220932,0.20818914473056793,0.10866403579711914,0.20568855106830597
w3848,2014-03-30 00:00:00,0.14621654152870178,0.21000485122203827,0.12664486467838287,0.2115149199962616
w3849,2014-03-30 01:00:00,0.12096966803073883,0.2260698676109314,0.12499764561653137,0.2175682783126831
w3850,2014-03-30 02:00:00,0.10946791619062424,0.22754594683647156,0.1255320906639099,0.22108514606952667
w3851,2014-03-30 03:00:00,0.11732755601406097,0.22392262518405914,0.14294475317001343,0.22240670025348663
w3852,2014-03-30 04:00:00,0.13540887832641602,0.2292904257774353,0.1225435882806778,0.22790391743183136
w3853,2014-03-30 05:00:00,0.12045245617628098,0.22233611345291138,0.12406224757432938,0.22956861555576324
w3854,2014-03-30 06:00:00,0.1025545746088028,0.23830440640449524,0.12638449668884277,0.22840602695941925
w3855,2014-03-30 07:00:00,0.12195736914873123,0.21656735241413116,0.12580759823322296,0.22810353338718414
w3856,2014-03-30 08:00:00,0.08988082408905029,0.2134050577878952,0.12574748694896698,0.2280552089214325
w3857,2014-03-30 09:00:00,0.0838196650147438,0.21648909151554108,0.1274726241827011,0.22804392874240875
w3858,2014-03-30 10:00:00,0.08380390703678131,0.22422276437282562,0.12932631373405457,0.22802135348320007
w3859,2014-03-30 11:00:00,0.12137550860643387,0.21380247175693512,0.12966054677963257,0.22798675298690796
w3860,2014-03-30 12:00:00,0.13611528277397156,0.22820451855659485,0.12591157853603363,0.22793971002101898
w3861,2014-03-30 13:00:00,0.1188584417104721,0.22139546275138855,0.12186135351657867,0.22788190841674805
w3862,2014-03-30 14:00:00,0.09257663786411285,0.22516785562038422,0.12196651846170425,0.22781473398208618
w3863,2014-03-30 15:00:00,0.09183556586503983,0.23404306173324585,0.12306062132120132,0.2277488112449646
w3864,2014-03-30 16:00:00,0.08179574459791183,0.21453148126602173,0.12519176304340363,0.22769369184970856
w3865,2014-03-30 17:00:00,0.1131550744175911,0.2309156060218811,0.12854880094528198,0.22765427827835083
w3866,2014-03-30 18:00:00,0.11417374014854431,0.22473689913749695,0.13033342361450195,0.2276402860879898
w3867,2014-03-30 19:00:00,0.11882727593183517,0.23848956823349,0.1305822879076004,0.22765080630779266
w3868,2014-03-30 20:00:00,0.13637731969356537,0.21140941977500916,0.13316112756729126,0.22768807411193848
w3869,2014-03-30 21:00:00,0.15061736106872559,0.2280370444059372,0.13945716619491577,0.2277451604604721
w3870,2014-03-30 22:00:00,0.15780527889728546,0.21962584555149078,0.12195878475904465,0.22802267968654633
w3871,2014-03-30 23:00:00,0.13622616231441498,0.22322532534599304,0.08651867508888245,0.22655683755874634
w3872,2014-03-31 00:00:00,0.13892923295497894,0.21562501788139343,0.08343866467475891,0.22198978066444397
w3873,2014-03-31 01:00:00,0.13099510967731476,0.24190875887870789,0.08092398196458817,0.21656197309494019
w3874,2014-03-31 02:00:00,0.12953317165374756,0.2134479433298111,0.08276234567165375,0.20911599695682526
w3875,2014-03-31 03:00:00,0.11515384167432785,0.21529462933540344,0.08616431057453156,0.20230036973953247
w3876,2014-03-31 04:00:00,0.12735983729362488,0.1803148090839386,0.08562217652797699,0.1978015899658203
w3877,2014-03-31 05:00:00,0.14117635786533356,0.19078442454338074,0.07965683937072754,0.19478873908519745
w3878,2014-03-31 06:00:00,0.10904110968112946,0.21295028924942017,0.0788629874587059,0.1967257857322693
w3879,2014-03-31 07:00:00,0.14941717684268951,0.1970442235469818,0.08154231309890747,0.19713518023490906
w3880,2014-03-31 08:00:00,0.1253923624753952,0.19089849293231964,0.07856474816799164,0.19739311933517456
w3881,2014-03-31 09:00:00,0.14474838972091675,0.20869125425815582,0.07855891436338425,0.197387233376503
w3882,2014-03-31 10:00:00,0.1270679384469986,0.19835278391838074,0.07884399592876434,0.19736891984939575
w3883,2014-03-31 11:00:00,0.1579030603170395,0.20413167774677277,0.07958386838436127,0.19734059274196625
w3884,2014-03-31 12:00:00,0.1730668544769287,0.20122896134853363,0.07901225239038467,0.19730043411254883
w3885,2014-03-31 13:00:00,0.1664143204689026,0.1944187730550766,0.07881833612918854,0.19724778831005096
w3886,2014-03-31 14:00:00,0.13196080923080444,0.20155300199985504,0.07948128879070282,0.1971909999847412
w3887,2014-03-31 15:00:00,0.14569877088069916,0.1997460424900055,0.07956516742706299,0.1971372812986374
w3888,2014-03-31 16:00:00,0.12578457593917847,0.1957595944404602,0.07855824381113052,0.19709311425685883
w3889,2014-03-31 17:00:00,0.13762857019901276,0.19584308564662933,0.07845314592123032,0.19706542789936066
w3890,2014-03-31 18:00:00,0.16365282237529755,0.19768673181533813,0.07900455594062805,0.19706293940544128
w3891,2014-03-31 19:00:00,0.13985824584960938,0.19324280321598053,0.0793713629245758,0.19708795845508575
w3892,2014-03-31 20:00:00,0.145429328083992,0.18190759420394897,0.0810217335820198,0.19713789224624634
w3893,2014-03-31 21:00:00,0.13941353559494019,0.20231641829013824,0.07766658812761307,0.19757014513015747
w3894,2014-03-31 22:00:00,0.15392708778381348,0.2022974193096161,0.07681090384721756,0.20018187165260315
w3895,2014-03-31 23:00:00,0.14424212276935577,0.22323881089687347,0.08198663592338562,0.20138104259967804
w3896,2014-04-01 00:00:00,0.1394623965024948,0.20467224717140198,0.09081771969795227,0.20036906003952026
w3897,2014-04-01 01:00:00,0.14748559892177582,0.19899936020374298,0.09744962304830551,0.1981540471315384
w3898,2014-04-01 02:00:00,0.13985294103622437,0.19202181696891785,0.10462202876806259,0.1965039074420929
w3899,2014-04-01 03:00:00,0.13395021855831146,0.19104117155075073,0.11317809671163559,0.19555096328258514
w3900,2014-04-01 04:00:00,0.18687859177589417,0.20006625354290009,0.1215769350528717,0.19598960876464844
w3901,2014-04-01 05:00:00,0.18690092861652374,0.20003890991210938,0.13085287809371948,0.1973171830177307
w3902,2014-04-01 06:00:00,0.15945319831371307,0.1991935521364212,0.13977479934692383,0.1986299306154251
w3903,2014-04-01 07:00:00,0.18399180471897125,0.20098140835762024,0.1322009265422821,0.1990727037191391
w3904,2014-04-01 08:00:00,0.14447744190692902,0.1994464099407196,0.13313081860542297,0.19912393391132355
w3905,2014-04-01 09:00:00,0.15563106536865234,0.18784292042255402,0.13418762385845184,0.19911696016788483
w3906,2014-04-01 10:00:00,0.2083333134651184,0.19984039664268494,0.1344403475522995,0.19910115003585815
w3907,2014-04-01 11:00:00,0.25234103202819824,0.20169030129909515,0.13346044719219208,0.1990792155265808
w3908,2014-04-01 12:00:00,0.25369739532470703,0.19674430787563324,0.13307151198387146,0.19905154407024384
w3909,2014-04-01 13:00:00,0.2225072681903839,0.19698797166347504,0.1327405571937561,0.19902104139328003
w3910,2014-04-01 14:00:00,0.1831752210855484,0.19909587502479553,0.1332785189151764,0.19898974895477295
w3911,2014-04-01 15:00:00,0.2325291931629181,0.19991150498390198,0.13399259746074677,0.19896233081817627
w3912,2014-04-01 16:00:00,0.1996825486421585,0.20668548345565796,0.13428542017936707,0.1989423930644989
w3913,2014-04-01 17:00:00,0.23734252154827118,0.20550908148288727,0.13472722470760345,0.1989343911409378
w3914,2014-04-01 18:00:00,0.2553875744342804,0.20108996331691742,0.1353169083595276,0.1989426612854004
w3915,2014-04-01 19:00:00,0.2590493857860565,0.20246762037277222,0.1355762481689453,0.19896648824214935
w3916,2014-04-01 20:00:00,0.23168553411960602,0.19690003991127014,0.1370982974767685,0.19900494813919067
w3917,2014-04-01 21:00:00,0.2614839971065521,0.20312097668647766,0.14175041019916534,0.19917307794094086
w3918,2014-04-01 22:00:00,0.26473483443260193,0.20049387216567993,0.1385442018508911,0.20127670466899872
w3919,2014-04-01 23:00:00,0.2415650635957718,0.19297973811626434,0.13179682195186615,0.19793106615543365
w3920,2014-04-02 00:00:00,0.268052339553833,0.1900753527879715,0.13447263836860657,0.19278256595134735
w3921,2014-04-02 01:00:00,0.28273341059684753,0.18424449861049652,0.13670817017555237,0.1853467971086502
w3922,2014-04-02 02:00:00,0.25157076120376587,0.17961977422237396,0.13866837322711945,0.17830611765384674
w3923,2014-04-02 03:00:00,0.29072654247283936,0.18472984433174133,0.14142557978630066,0.17328216135501862
w3924,2014-04-02 04:00:00,0.2727109491825104,0.16525323688983917,0.14241178333759308,0.16919869184494019
w3925,2014-04-02 05:00:00,0.32372716069221497,0.16235893964767456,0.14186358451843262,0.1662469506263733
w3926,2014-04-02 06:00:00,0.3615078330039978,0.16587992012500763,0.14313465356826782,0.16604989767074585
w3927,2014-04-02 07:00:00,0.3563225567340851,0.1752091944217682,0.14620648324489594,0.16606810688972473
w3928,2014-04-02 08:00:00,0.25874048471450806,0.17148327827453613,0.1433388590812683,0.16630911827087402
w3929,2014-04-02 09:00:00,0.20831112563610077,0.1638392210006714,0.14293330907821655,0.16630686819553375
w3930,2014-04-02 10:00:00,0.2589355707168579,0.16832920908927917,0.14344340562820435,0.1663002371788025
w3931,2014-04-02 11:00:00,0.28711646795272827,0.1695578247308731,0.1442118138074875,0.16628755629062653
w3932,2014-04-02 12:00:00,0.2861023247241974,0.1711081713438034,0.144061878323555,0.1662653535604477
w3933,2014-04-02 13:00:00,0.2907284200191498,0.17454375326633453,0.14367511868476868,0.1662333756685257
w3934,2014-04-02 14:00:00,0.23035113513469696,0.17011933028697968,0.1444021314382553,0.166193425655365
w3935,2014-04-02 15:00:00,0.2819492518901825,0.16816933453083038,0.14432331919670105,0.16614961624145508
w3936,2014-04-02 16:00:00,0.26613250374794006,0.1631818413734436,0.14295275509357452,0.16610711812973022
w3937,2014-04-02 17:00:00,0.31251615285873413,0.17516782879829407,0.14224743843078613,0.16606834530830383
w3938,2014-04-02 18:00:00,0.3444673418998718,0.15495750308036804,0.1428564190864563,0.1660396158695221
w3939,2014-04-02 19:00:00,0.3424169719219208,0.17430740594863892,0.14352791011333466,0.16602516174316406
w3940,2014-04-02 20:00:00,0.29699447751045227,0.17045187950134277,0.14620797336101532,0.1660328209400177
w3941,2014-04-02 21:00:00,0.2988322675228119,0.16728754341602325,0.13809189200401306,0.165973961353302
w3942,2014-04-02 22:00:00,0.2919326722621918,0.16396650671958923,0.13491229712963104,0.16596552729606628
w3943,2014-04-02 23:00:00,0.26935046911239624,0.16233457624912262,0.14705133438110352,0.16680817306041718
w3944,2014-04-03 00:00:00,0.2507512867450714,0.1719232052564621,0.12047522515058517,0.16962487995624542
w3945,2014-04-03 01:00:00,0.23935897648334503,0.1834208369255066,0.11622338742017746,0.17089152336120605
w3946,2014-04-03 02:00:00,0.20361876487731934,0.17553502321243286,0.10567089170217514,0.1756516844034195
w3947,2014-04-03 03:00:00,0.18991610407829285,0.18350693583488464,0.10952773690223694,0.177572101354599
w3948,2014-04-03 04:00:00,0.16749565303325653,0.18397241830825806,0.11797204613685608,0.17987988889217377
w3949,2014-04-03 05:00:00,0.1466023325920105,0.18209798634052277,0.12167111784219742,0.18059200048446655
w3950,2014-04-03 06:00:00,0.19644266366958618,0.16865123808383942,0.11791907250881195,0.1790648251771927
w3951,2014-04-03 07:00:00,0.22166115045547485,0.1788223832845688,0.12088833749294281,0.17859581112861633
w3952,2014-04-03 08:00:00,0.19881834089756012,0.18760138750076294,0.12149405479431152,0.17850521206855774
w3953,2014-04-03 09:00:00,0.2105598896741867,0.1795753687620163,0.12034869194030762,0.17849746346473694
w3954,2014-04-03 10:00:00,0.23295126855373383,0.183428555727005,0.11945971846580505,0.1784847378730774
w3955,2014-04-03 11:00:00,0.24987384676933289,0.18428435921669006,0.11952657252550125,0.17846396565437317
w3956,2014-04-03 12:00:00,0.2677217721939087,0.17942692339420319,0.11905058473348618,0.17843444645404816
w3957,2014-04-03 13:00:00,0.2721518278121948,0.18246281147003174,0.11963073164224625,0.1783992201089859
w3958,2014-04-03 14:00:00,0.23637215793132782,0.17608216404914856,0.1203213781118393,0.17836007475852966
w3959,2014-04-03 15:00:00,0.29221785068511963,0.16171114146709442,0.12052175402641296,0.17832058668136597
w3960,2014-04-03 16:00:00,0.2699006497859955,0.17924240231513977,0.12143177539110184,0.17828471958637238
w3961,2014-04-03 17:00:00,0.29634231328964233,0.18334266543388367,0.12107852101325989,0.17826251685619354
w3962,2014-04-03 18:00:00,0.321219801902771,0.1730795055627823,0.12047804892063141,0.17825692892074585
w3963,2014-04-03 19:00:00,0.3158968687057495,0.17894130945205688,0.1208280697464943,0.17826536297798157
w3964,2014-04-03 20:00:00,0.2818840742111206,0.17816370725631714,0.12097465991973877,0.17828796803951263
w3965,2014-04-03 21:00:00,0.3023396134376526,0.17543870210647583,0.1186169907450676,0.17790991067886353
w3966,2014-04-03 22:00:00,0.2847599983215332,0.1676962524652481,0.11439818888902664,0.1756906658411026
w3967,2014-04-03 23:00:00,0.2572118043899536,0.17593370378017426,0.12077135592699051,0.1782226413488388
w3968,2014-04-04 00:00:00,0.24521583318710327,0.1809539496898651,0.12937550246715546,0.18342672288417816
w3969,2014-04-04 01:00:00,0.2520540952682495,0.1918875128030777,0.1446954607963562,0.1903586983680725
w3970,2014-04-04 02:00:00,0.24881990253925323,0.17615243792533875,0.1513589471578598,0.19511808454990387
w3971,2014-04-04 03:00:00,0.2607384920120239,0.2178514003753662,0.1445988118648529,0.20025292038917542
w3972,2014-04-04 04:00:00,0.20730608701705933,0.19728726148605347,0.14513279497623444,0.2022256851196289
w3973,2014-04-04 05:00:00,0.19368454813957214,0.20203357934951782,0.16001878678798676,0.20358306169509888
w3974,2014-04-04 06:00:00,0.26680824160575867,0.19606545567512512,0.15838737785816193,0.2020130604505539
w3975,2014-04-04 07:00:00,0.2793937623500824,0.21388030052185059,0.15290898084640503,0.2013162225484848
w3976,2014-04-04 08:00:00,0.26531046628952026,0.2098742127418518,0.15023423731327057,0.20119422674179077
w3977,2014-04-04 09:00:00,0.235981285572052,0.179997980594635,0.15043258666992188,0.20118708908557892
w3978,2014-04-04 10:00:00,0.24280327558517456,0.20792293548583984,0.1511719971895218,0.2011735588312149
w3979,2014-04-04 11:00:00,0.24796639382839203,0.21241241693496704,0.15063415467739105,0.20115286111831665
w3980,2014-04-04 12:00:00,0.26354366540908813,0.19922491908073425,0.15019254386425018,0.2011227011680603
w3981,2014-04-04 13:00:00,0.2463095486164093,0.2059447169303894,0.14999625086784363,0.2010798156261444
w3982,2014-04-04 14:00:00,0.21137449145317078,0.20227880775928497,0.14992040395736694,0.20102936029434204
w3983,2014-04-04 15:00:00,0.24984227120876312,0.2035314440727234,0.14982938766479492,0.20097589492797852
w3984,2014-04-04 16:00:00,0.23793213069438934,0.19955173134803772,0.15024220943450928,0.20092685520648956
w3985,2014-04-04 17:00:00,0.24991518259048462,0.21209484338760376,0.15138523280620575,0.20089544355869293
w3986,2014-04-04 18:00:00,0.2802952527999878,0.20009592175483704,0.1528254598379135,0.20088937878608704
w3987,2014-04-04 19:00:00,0.2803174555301666,0.20769943296909332,0.1545160561800003,0.200908362865448
w3988,2014-04-04 20:00:00,0.25184741616249084,0.20155048370361328,0.15793004631996155,0.2009517103433609
w3989,2014-04-04 21:00:00,0.27229297161102295,0.20073778927326202,0.16282609105110168,0.20094503462314606
w3990,2014-04-04 22:00:00,0.28009217977523804,0.21976889669895172,0.1639181673526764,0.19994059205055237
w3991,2014-04-04 23:00:00,0.26099228858947754,0.19374030828475952,0.16177193820476532,0.2022251933813095
w3992,2014-04-05 00:00:00,0.2715924084186554,0.20061178505420685,0.16919542849063873,0.202248215675354
w3993,2014-04-05 01:00:00,0.2874756455421448,0.20068040490150452,0.16051755845546722,0.20665138959884644
w3994,2014-04-05 02:00:00,0.2957681119441986,0.20514015853405,0.1619710922241211,0.2123812735080719
w3995,2014-04-05 03:00:00,0.29268530011177063,0.19363798201084137,0.1554068922996521,0.212114155292511
w3996,2014-04-05 04:00:00,0.2496621310710907,0.21984222531318665,0.14888432621955872,0.2129002809524536
w3997,2014-04-05 05:00:00,0.22331184148788452,0.21600405871868134,0.1385972797870636,0.21555005013942719
w3998,2014-04-05 06:00:00,0.2899804711341858,0.21902447938919067,0.13758182525634766,0.21548907458782196
w3999,2014-04-05 07:00:00,0.292047917842865,0.21517139673233032,0.1293460577726364,0.21544098854064941
w4000,2014-04-05 08:00:00,0.25150835514068604,0.2198091447353363,0.1278046816587448,0.21535524725914001
w4001,2014-04-05 09:00:00,0.22310015559196472,0.23955222964286804,0.1299094259738922,0.21534493565559387
w4002,2014-04-05 10:00:00,0.2379329800605774,0.20689529180526733,0.13164858520030975,0.21532264351844788
w4003,2014-04-05 11:00:00,0.23573201894760132,0.22333663702011108,0.13222217559814453,0.21528878808021545
w4004,2014-04-05 12:00:00,0.2600269913673401,0.2100665271282196,0.13195666670799255,0.2152423858642578
w4005,2014-04-05 13:00:00,0.22396332025527954,0.21236544847488403,0.13072329759597778,0.21518582105636597
w4006,2014-04-05 14:00:00,0.19593951106071472,0.2151765078306198,0.12992410361766815,0.21512340009212494
w4007,2014-04-05 15:00:00,0.23229871690273285,0.2088242471218109,0.12946279346942902,0.21506260335445404
w4008,2014-04-05 16:00:00,0.2228679060935974,0.20826822519302368,0.12955503165721893,0.2150096297264099
w4009,2014-04-05 17:00:00,0.23895485699176788,0.21710710227489471,0.13122490048408508,0.21497386693954468
w4010,2014-04-05 18:00:00,0.25565046072006226,0.23736555874347687,0.13378387689590454,0.21496403217315674
w4011,2014-04-05 19:00:00,0.25623732805252075,0.21458882093429565,0.1357881724834442,0.2149847000837326
w4012,2014-04-05 20:00:00,0.23116540908813477,0.24337607622146606,0.13857001066207886,0.21503229439258575
w4013,2014-04-05 21:00:00,0.2579251527786255,0.21713699400424957,0.14249008893966675,0.2152814269065857
w4014,2014-04-05 22:00:00,0.2764364778995514,0.23855894804000854,0.12914980947971344,0.21751996874809265
w4015,2014-04-05 23:00:00,0.2683884799480438,0.2335381805896759,0.10362754762172699,0.21460634469985962
w4016,2014-04-06 00:00:00,0.281281054019928,0.21537332236766815,0.10577612370252609,0.21071244776248932
w4017,2014-04-06 01:00:00,0.298536479473114,0.20925579965114594,0.11191883683204651,0.2079370617866516
w4018,2014-04-06 02:00:00,0.3302888870239258,0.20747989416122437,0.10073424875736237,0.20389601588249207
w4019,2014-04-06 03:00:00,0.2800416946411133,0.21224400401115417,0.10369754582643509,0.2031729817390442
w4020,2014-04-06 04:00:00,0.28779977560043335,0.2016734927892685,0.10542085021734238,0.19989323616027832
w4021,2014-04-06 05:00:00,0.22974875569343567,0.2009565234184265,0.09589263051748276,0.19876067340373993
w4022,2014-04-06 06:00:00,0.2823234498500824,0.21135051548480988,0.09816737473011017,0.1998763233423233
w4023,2014-04-06 07:00:00,0.3016517460346222,0.2162158489227295,0.09829333424568176,0.19994668662548065
w4024,2014-04-06 08:00:00,0.24945971369743347,0.2020440399646759,0.09949496388435364,0.19986337423324585
w4025,2014-04-06 09:00:00,0.2175372689962387,0.190473735332489,0.09833439439535141,0.19985857605934143
w4026,2014-04-06 10:00:00,0.23841717839241028,0.16799801588058472,0.09876672178506851,0.1998472660779953
w4027,2014-04-06 11:00:00,0.24299520254135132,0.19684156775474548,0.09853599220514297,0.1998298615217209
w4028,2014-04-06 12:00:00,0.26215916872024536,0.20336967706680298,0.09726829081773758,0.19980476796627045
w4029,2014-04-06 13:00:00,0.2432120144367218,0.20747698843479156,0.09699387103319168,0.19977018237113953
w4030,2014-04-06 14:00:00,0.22151075303554535,0.19682690501213074,0.09793993830680847,0.19972610473632812
w4031,2014-04-06 15:00:00,0.2667522728443146,0.19592738151550293,0.09862259775400162,0.1996801197528839
w4032,2014-04-06 16:00:00,0.2674897313117981,0.2092684954404831,0.09921041876077652,0.1996413916349411
w4033,2014-04-06 17:00:00,0.29383528232574463,0.18443793058395386,0.0998137816786766,0.19961267709732056
w4034,2014-04-06 18:00:00,0.31262826919555664,0.18538443744182587,0.09978757798671722,0.19960372149944305
w4035,2014-04-06 19:00:00,0.32280710339546204,0.19950053095817566,0.09989295899868011,0.19961731135845184
w4036,2014-04-06 20:00:00,0.3167800307273865,0.18747766315937042,0.099711112678051,0.19965703785419464
w4037,2014-04-06 21:00:00,0.3354284465312958,0.1988251805305481,0.103521429002285,0.2001274824142456
w4038,2014-04-06 22:00:00,0.3185282051563263,0.19812095165252686,0.11156586557626724,0.2024720311164856
w4039,2014-04-06 23:00:00,0.3045579493045807,0.19047999382019043,0.09995932132005692,0.1998053938150406
w4040,2014-04-07 00:00:00,0.3156985938549042,0.19998139142990112,0.107049360871315,0.19469469785690308
w4041,2014-04-07 01:00:00,0.3036021590232849,0.192877396941185,0.11196878552436829,0.18829478323459625
w4042,2014-04-07 02:00:00,0.24720065295696259,0.18551336228847504,0.12018933892250061,0.18465138971805573
w4043,2014-04-07 03:00:00,0.2084699422121048,0.17196422815322876,0.122870534658432,0.17935852706432343
w4044,2014-04-07 04:00:00,0.26030275225639343,0.18493175506591797,0.1274404674768448,0.17769238352775574
w4045,2014-04-07 05:00:00,0.19277480244636536,0.179208904504776,0.13303406536579132,0.17608049511909485
w4046,2014-04-07 06:00:00,0.21638263761997223,0.1836567223072052,0.13284866511821747,0.17822915315628052
w4047,2014-04-07 07:00:00,0.2488640397787094,0.18666262924671173,0.1314544677734375,0.1792115867137909
w4048,2014-04-07 08:00:00,0.2412450611591339,0.18358148634433746,0.13151179254055023,0.1794312596321106
w4049,2014-04-07 09:00:00,0.24660556018352509,0.18646979331970215,0.13275381922721863,0.17942839860916138
w4050,2014-04-07 10:00:00,0.22543436288833618,0.18162642419338226,0.1316906362771988,0.17942211031913757
w4051,2014-04-07 11:00:00,0.23857927322387695,0.18302685022354126,0.131781667470932,0.17941021919250488
w4052,2014-04-07 12:00:00,0.25760260224342346,0.1830708533525467,0.13151375949382782,0.1793910413980484
w4053,2014-04-07 13:00:00,0.27039527893066406,0.17807286977767944,0.13226079940795898,0.1793641746044159
w4054,2014-04-07 14:00:00,0.243502676486969,0.18420685827732086,0.1333756446838379,0.17933352291584015
w4055,2014-04-07 15:00:00,0.3103552758693695,0.1717190444469452,0.13248859345912933,0.17930442094802856
w4056,2014-04-07 16:00:00,0.3438750207424164,0.1797265261411667,0.13143907487392426,0.1792803555727005
w4057,2014-04-07 17:00:00,0.3987208306789398,0.17524626851081848,0.13158980011940002,0.17925779521465302
w4058,2014-04-07 18:00:00,0.43768057227134705,0.17847482860088348,0.13192380964756012,0.17924441397190094
w4059,2014-04-07 19:00:00,0.4318385124206543,0.1818012297153473,0.13258592784404755,0.1792450249195099
w4060,2014-04-07 20:00:00,0.455777108669281,0.1769465059041977,0.13196375966072083,0.1792641282081604
w4061,2014-04-07 21:00:00,0.45105668902397156,0.1779009848833084,0.12824895977973938,0.17927186191082
w4062,2014-04-07 22:00:00,0.39441049098968506,0.1714356541633606,0.12134554982185364,0.17841503024101257
w4063,2014-04-07 23:00:00,0.3712601661682129,0.17085480690002441,0.12871649861335754,0.17611506581306458
w4064,2014-04-08 00:00:00,0.3298749029636383,0.17210736870765686,0.12252698838710785,0.17589275538921356
w4065,2014-04-08 01:00:00,0.3191121816635132,0.17251934111118317,0.13252705335617065,0.1720370501279831
w4066,2014-04-08 02:00:00,0.24670951068401337,0.16460898518562317,0.13779088854789734,0.16679136455059052
w4067,2014-04-08 03:00:00,0.2643454372882843,0.16862553358078003,0.13431864976882935,0.16589029133319855
w4068,2014-04-08 04:00:00,0.2587733268737793,0.16840022802352905,0.13693268597126007,0.16449595987796783
w4069,2014-04-08 05:00:00,0.14198020100593567,0.1607002168893814,0.14781464636325836,0.1620006263256073
w4070,2014-04-08 06:00:00,0.17348065972328186,0.16021564602851868,0.1403646469116211,0.16194957494735718
w4071,2014-04-08 07:00:00,0.25423675775527954,0.16319029033184052,0.13988801836967468,0.16240420937538147
w4072,2014-04-08 08:00:00,0.24207499623298645,0.16729424893856049,0.14075258374214172,0.16246849298477173
w4073,2014-04-08 09:00:00,0.23121505975723267,0.168989360332489,0.1412675529718399,0.16246601939201355
w4074,2014-04-08 10:00:00,0.2347366064786911,0.16968613862991333,0.14250308275222778,0.16245907545089722
w4075,2014-04-08 11:00:00,0.23775158822536469,0.16138935089111328,0.1426510065793991,0.16244669258594513
w4076,2014-04-08 12:00:00,0.2599397301673889,0.16161419451236725,0.14031141996383667,0.1624266505241394
w4077,2014-04-08 13:00:00,0.2879253029823303,0.16397367417812347,0.14053724706172943,0.16239897906780243
w4078,2014-04-08 14:00:00,0.26240620017051697,0.16077782213687897,0.14185954630374908,0.1623660773038864
w4079,2014-04-08 15:00:00,0.3079982399940491,0.16370348632335663,0.1406335085630417,0.16232889890670776
w4080,2014-04-08 16:00:00,0.33159664273262024,0.16199098527431488,0.14088313281536102,0.16229146718978882
w4081,2014-04-08 17:00:00,0.40910986065864563,0.16183799505233765,0.14236074686050415,0.16226230561733246
w4082,2014-04-08 18:00:00,0.4614983797073364,0.16644982993602753,0.14223459362983704,0.1622476875782013
w4083,2014-04-08 19:00:00,0.4675975441932678,0.16934391856193542,0.1418297439813614,0.16225062310695648
w4084,2014-04-08 20:00:00,0.44684791564941406,0.1612071394920349,0.14184634387493134,0.16226348280906677
w4085,2014-04-08 21:00:00,0.46407878398895264,0.16582578420639038,0.13892167806625366,0.16223236918449402
w4086,2014-04-08 22:00:00,0.4498632848262787,0.15766409039497375,0.12606698274612427,0.16179418563842773
w4087,2014-04-08 23:00:00,0.3898077607154846,0.1594129353761673,0.13232721388339996,0.16034777462482452
w4088,2014-04-09 00:00:00,0.35619911551475525,0.16821607947349548,0.12509573996067047,0.16606339812278748
w4089,2014-04-09 01:00:00,0.3411272168159485,0.19668777287006378,0.12292536348104477,0.1743510216474533
w4090,2014-04-09 02:00:00,0.33876028656959534,0.17859011888504028,0.14934243261814117,0.18196552991867065
w4091,2014-04-09 03:00:00,0.3109416961669922,0.1810716986656189,0.15038341283798218,0.1881883442401886
w4092,2014-04-09 04:00:00,0.3137059807777405,0.1910659372806549,0.136541947722435,0.1939624398946762
w4093,2014-04-09 05:00:00,0.3044321835041046,0.20320123434066772,0.14626659452915192,0.19745977222919464
w4094,2014-04-09 06:00:00,0.30956602096557617,0.19638927280902863,0.1428021341562271,0.19607359170913696
w4095,2014-04-09 07:00:00,0.3106316924095154,0.20074695348739624,0.1456824392080307,0.19602572917938232
w4096,2014-04-09 08:00:00,0.270722359418869,0.19468580186367035,0.14367109537124634,0.19610220193862915
w4097,2014-04-09 09:00:00,0.2615555226802826,0.19994604587554932,0.14440184831619263,0.19609689712524414
w4098,2014-04-09 10:00:00,0.2528274357318878,0.1980798989534378,0.14532268047332764,0.1960853487253189
w4099,2014-04-09 11:00:00,0.25086191296577454,0.19919419288635254,0.14615380764007568,0.19606822729110718
w4100,2014-04-09 12:00:00,0.26370808482170105,0.1871747374534607,0.14532071352005005,0.19604510068893433
w4101,2014-04-09 13:00:00,0.28284406661987305,0.19453398883342743,0.14458198845386505,0.19601692259311676
w4102,2014-04-09 14:00:00,0.2644396424293518,0.20924097299575806,0.1439870446920395,0.19598405063152313
w4103,2014-04-09 15:00:00,0.294871062040329,0.20297403633594513,0.14353519678115845,0.19594919681549072
w4104,2014-04-09 16:00:00,0.3263070285320282,0.1945362687110901,0.14372819662094116,0.19591811299324036
w4105,2014-04-09 17:00:00,0.3880099654197693,0.19760006666183472,0.1449524313211441,0.19589653611183167
w4106,2014-04-09 18:00:00,0.42624107003211975,0.2007696032524109,0.14629609882831573,0.1958930492401123
w4107,2014-04-09 19:00:00,0.41912248730659485,0.19778095185756683,0.14744068682193756,0.195905864238739
w4108,2014-04-09 20:00:00,0.39177969098091125,0.18612255156040192,0.14862561225891113,0.19592756032943726
w4109,2014-04-09 21:00:00,0.4047170877456665,0.19251547753810883,0.15029607713222504,0.1958705335855484
w4110,2014-04-09 22:00:00,0.4175443947315216,0.19169031083583832,0.15107379853725433,0.1941760629415512
w4111,2014-04-09 23:00:00,0.3987785577774048,0.210396870970726,0.15691089630126953,0.19757133722305298
w4112,2014-04-10 00:00:00,0.38670921325683594,0.207062765955925,0.163618803024292,0.20285111665725708
w4113,2014-04-10 01:00:00,0.3746095597743988,0.2096521407365799,0.16669601202011108,0.20945127308368683
w4114,2014-04-10 02:00:00,0.35863983631134033,0.23052294552326202,0.16956081986427307,0.2155366688966751
w4115,2014-04-10 03:00:00,0.37147367000579834,0.21800844371318817,0.18456099927425385,0.22175417840480804
w4116,2014-04-10 04:00:00,0.3667677640914917,0.2262555956840515,0.17995136976242065,0.2253756821155548
w4117,2014-04-10 05:00:00,0.3504323959350586,0.23670639097690582,0.1911320984363556,0.22700077295303345
w4118,2014-04-10 06:00:00,0.3260449171066284,0.23784153163433075,0.18334044516086578,0.22491751611232758
w4119,2014-04-10 07:00:00,0.30597078800201416,0.21112322807312012,0.18285155296325684,0.2244613915681839
w4120,2014-04-10 08:00:00,0.2648780643939972,0.21347808837890625,0.1810900717973709,0.22437739372253418
w4121,2014-04-10 09:00:00,0.2506043016910553,0.21715757250785828,0.1816527247428894,0.22436925768852234
w4122,2014-04-10 10:00:00,0.24111774563789368,0.20970512926578522,0.18126538395881653,0.22435180842876434
w4123,2014-04-10 11:00:00,0.22413842380046844,0.22841930389404297,0.1814146637916565,0.2243240475654602
w4124,2014-04-10 12:00:00,0.23348528146743774,0.22596842050552368,0.18097783625125885,0.2242845743894577
w4125,2014-04-10 13:00:00,0.2395184338092804,0.22698906064033508,0.1804591864347458,0.22423407435417175
w4126,2014-04-10 14:00:00,0.2506703734397888,0.22461001574993134,0.18008698523044586,0.22417661547660828
w4127,2014-04-10 15:00:00,0.2788877487182617,0.22649070620536804,0.18014012277126312,0.22412125766277313
w4128,2014-04-10 16:00:00,0.3168553113937378,0.21927407383918762,0.18080584704875946,0.2240782380104065
w4129,2014-04-10 17:00:00,0.3402809798717499,0.23145686089992523,0.18237265944480896,0.22405189275741577
w4130,2014-04-10 18:00:00,0.3566109836101532,0.2325262427330017,0.1846267431974411,0.22405174374580383
w4131,2014-04-10 19:00:00,0.3417106866836548,0.22418300807476044,0.18738187849521637,0.22407563030719757
w4132,2014-04-10 20:00:00,0.30370038747787476,0.23380857706069946,0.1912962645292282,0.22412215173244476
w4133,2014-04-10 21:00:00,0.3132057189941406,0.2135368138551712,0.1957119256258011,0.22426213324069977
w4134,2014-04-10 22:00:00,0.3670459985733032,0.2201908379793167,0.1812521517276764,0.22408562898635864
w4135,2014-04-10 23:00:00,0.3734075725078583,0.24131955206394196,0.1802741140127182,0.22912311553955078
w4136,2014-04-11 00:00:00,0.38508665561676025,0.23588530719280243,0.18587079644203186,0.23591139912605286
w4137,2014-04-11 01:00:00,0.36417949199676514,0.24541418254375458,0.19224438071250916,0.24369743466377258
w4138,2014-04-11 02:00:00,0.33562734723091125,0.24344001710414886,0.18617945909500122,0.2509204149246216
w4139,2014-04-11 03:00:00,0.37260064482688904,0.26263150572776794,0.19693070650100708,0.2574216425418854
w4140,2014-04-11 04:00:00,0.38274702429771423,0.25955379009246826,0.19123902916908264,0.2601742744445801
w4141,2014-04-11 05:00:00,0.3221202492713928,0.25596046447753906,0.1934792399406433,0.2634762227535248
w4142,2014-04-11 06:00:00,0.2617797255516052,0.2532786428928375,0.18773828446865082,0.2634815275669098
w4143,2014-04-11 07:00:00,0.2809556722640991,0.27597203850746155,0.17311087250709534,0.2631033658981323
w4144,2014-04-11 08:00:00,0.26018026471138,0.2579399347305298,0.17448356747627258,0.2631262540817261
w4145,2014-04-11 09:00:00,0.2513553202152252,0.24312223494052887,0.17418734729290009,0.2631140947341919
w4146,2014-04-11 10:00:00,0.25732770562171936,0.26971545815467834,0.17412596940994263,0.263091504573822
w4147,2014-04-11 11:00:00,0.24586518108844757,0.2631441354751587,0.17304690182209015,0.2630569040775299
w4148,2014-04-11 12:00:00,0.2406056523323059,0.2398327738046646,0.17248862981796265,0.26300984621047974
w4149,2014-04-11 13:00:00,0.23337429761886597,0.2557514011859894,0.17426426708698273,0.2629520893096924
w4150,2014-04-11 14:00:00,0.27511951327323914,0.25370439887046814,0.17593248188495636,0.26288557052612305
w4151,2014-04-11 15:00:00,0.29903677105903625,0.2642185688018799,0.17507795989513397,0.262820839881897
w4152,2014-04-11 16:00:00,0.338325172662735,0.26404350996017456,0.17458492517471313,0.2627691328525543
w4153,2014-04-11 17:00:00,0.33999621868133545,0.2381320595741272,0.17562270164489746,0.2627359926700592
w4154,2014-04-11 18:00:00,0.3236016631126404,0.24188534915447235,0.17573139071464539,0.2627279460430145
w4155,2014-04-11 19:00:00,0.29075443744659424,0.25070512294769287,0.17623503506183624,0.2627452611923218
w4156,2014-04-11 20:00:00,0.2548849880695343,0.26175656914711,0.17726010084152222,0.26278892159461975
w4157,2014-04-11 21:00:00,0.26411688327789307,0.2649465799331665,0.18775375187397003,0.2628640830516815
w4158,2014-04-11 22:00:00,0.32950180768966675,0.26230505108833313,0.19481699168682098,0.2623487710952759
w4159,2014-04-11 23:00:00,0.34863516688346863,0.25846201181411743,0.18506768345832825,0.26762089133262634
w4160,2014-04-12 00:00:00,0.311040461063385,0.2741556763648987,0.12658578157424927,0.26837947964668274
w4161,2014-04-12 01:00:00,0.24768951535224915,0.2627682089805603,0.10831785202026367,0.26755407452583313
w4162,2014-04-12 02:00:00,0.2572115659713745,0.2634424865245819,0.099542997777462,0.26363080739974976
w4163,2014-04-12 03:00:00,0.2578435242176056,0.2592329978942871,0.08632946014404297,0.259594589471817
w4164,2014-04-12 04:00:00,0.2607862651348114,0.2538036108016968,0.07119596004486084,0.2540036737918854
w4165,2014-04-12 05:00:00,0.2845291197299957,0.2627004384994507,0.0659656822681427,0.2515907287597656
w4166,2014-04-12 06:00:00,0.25972604751586914,0.2553296983242035,0.06617918610572815,0.2525515854358673
w4167,2014-04-12 07:00:00,0.26840740442276,0.25943252444267273,0.0703200176358223,0.2527277171611786
w4168,2014-04-12 08:00:00,0.22923867404460907,0.23131749033927917,0.07024247944355011,0.2527488172054291
w4169,2014-04-12 09:00:00,0.23428398370742798,0.2628488540649414,0.06958544999361038,0.25273847579956055
w4170,2014-04-12 10:00:00,0.2504628300666809,0.24482864141464233,0.07014553993940353,0.2527201473712921
w4171,2014-04-12 11:00:00,0.23576481640338898,0.2550225853919983,0.06918972730636597,0.2526915371417999
w4172,2014-04-12 12:00:00,0.2202090471982956,0.25297239422798157,0.06855642050504684,0.2526509463787079
w4173,2014-04-12 13:00:00,0.21704475581645966,0.24953524768352509,0.06698563694953918,0.2525966465473175
w4174,2014-04-12 14:00:00,0.25497499108314514,0.2505319118499756,0.06741689890623093,0.2525366246700287
w4175,2014-04-12 15:00:00,0.26698315143585205,0.253624826669693,0.06920503079891205,0.25247922539711
w4176,2014-04-12 16:00:00,0.3097348213195801,0.2533399164676666,0.06906944513320923,0.25243207812309265
w4177,2014-04-12 17:00:00,0.32191869616508484,0.24719518423080444,0.06767745316028595,0.25240325927734375
w4178,2014-04-12 18:00:00,0.29957056045532227,0.2444075495004654,0.067439004778862,0.2524014711380005
w4179,2014-04-12 19:00:00,0.27441444993019104,0.23986726999282837,0.06767194718122482,0.2524283826351166
w4180,2014-04-12 20:00:00,0.23868592083454132,0.2389197051525116,0.06835825741291046,0.252482533454895
w4181,2014-04-12 21:00:00,0.2504720091819763,0.2451682835817337,0.07175127416849136,0.2525247037410736
w4182,2014-04-12 22:00:00,0.294996976852417,0.24462874233722687,0.07228482514619827,0.25178277492523193
w4183,2014-04-12 23:00:00,0.26260125637054443,0.2622887194156647,0.057212598621845245,0.2514411211013794
w4184,2014-04-13 00:00:00,0.24218755960464478,0.2448599934577942,0.053056567907333374,0.25104716420173645
w4185,2014-04-13 01:00:00,0.21540464460849762,0.23784536123275757,0.0541108064353466,0.25072723627090454
w4186,2014-04-13 02:00:00,0.2305266559123993,0.2532349228858948,0.054584577679634094,0.2505062520503998
w4187,2014-04-13 03:00:00,0.25947698950767517,0.25738224387168884,0.05593421682715416,0.25029700994491577
w4188,2014-04-13 04:00:00,0.25283560156822205,0.24570989608764648,0.054698750376701355,0.25035572052001953
w4189,2014-04-13 05:00:00,0.28437894582748413,0.24212023615837097,0.0557798333466053,0.249689981341362
w4190,2014-04-13 06:00:00,0.278227835893631,0.27507469058036804,0.056116316467523575,0.24957646429538727
w4191,2014-04-13 07:00:00,0.2770955264568329,0.25912556052207947,0.056726183742284775,0.24941886961460114
w4192,2014-04-13 08:00:00,0.22521835565567017,0.2410021424293518,0.05507514625787735,0.24940970540046692
w4193,2014-04-13 09:00:00,0.24512293934822083,0.25681278109550476,0.05513554811477661,0.24939849972724915
w4194,2014-04-13 10:00:00,0.25547873973846436,0.25504451990127563,0.055154912173748016,0.24937619268894196
w4195,2014-04-13 11:00:00,0.24699187278747559,0.24227231740951538,0.05534274876117706,0.24934233725070953
w4196,2014-04-13 12:00:00,0.22781141102313995,0.25662246346473694,0.05416949465870857,0.24929594993591309
w4197,2014-04-13 13:00:00,0.2266821265220642,0.25366055965423584,0.0539044626057148,0.24923938512802124
w4198,2014-04-13 14:00:00,0.2569953501224518,0.24777773022651672,0.05532388016581535,0.2491770088672638
w4199,2014-04-13 15:00:00,0.2685091197490692,0.26257407665252686,0.05553488805890083,0.2491161823272705
w4200,2014-04-13 16:00:00,0.3142130374908447,0.24557767808437347,0.05449416860938072,0.24906319379806519
w4201,2014-04-13 17:00:00,0.33308568596839905,0.2645915150642395,0.05366893112659454,0.24902743101119995
w4202,2014-04-13 18:00:00,0.31346210837364197,0.24680264294147491,0.05420508608222008,0.2490176111459732
w4203,2014-04-13 19:00:00,0.2878687083721161,0.2528596818447113,0.054228391498327255,0.24903827905654907
w4204,2014-04-13 20:00:00,0.25658461451530457,0.25088268518447876,0.05478762090206146,0.2490859031677246
w4205,2014-04-13 21:00:00,0.28577718138694763,0.25463181734085083,0.058216020464897156,0.2491409182548523
w4206,2014-04-13 22:00:00,0.31329330801963806,0.24092596769332886,0.06279543787240982,0.24939852952957153
w4207,2014-04-13 23:00:00,0.28539153933525085,0.2638642489910126,0.049252770841121674,0.24880152940750122
w4208,2014-04-14 00:00:00,0.270380437374115,0.2413937747478485,0.049765635281801224,0.24804872274398804
w4209,2014-04-14 01:00:00,0.23470599949359894,0.24280661344528198,0.050816357135772705,0.24739058315753937
w4210,2014-04-14 02:00:00,0.2515382170677185,0.2482122778892517,0.051703039556741714,0.24681107699871063
w4211,2014-04-14 03:00:00,0.28227370977401733,0.2499140352010727,0.052220821380615234,0.24569188058376312
w4212,2014-04-14 04:00:00,0.24434715509414673,0.24961620569229126,0.052634332329034805,0.24733911454677582
w4213,2014-04-14 05:00:00,0.30789151787757874,0.22538597881793976,0.056953590363264084,0.24611224234104156
w4214,2014-04-14 06:00:00,0.29985740780830383,0.25744643807411194,0.05123400315642357,0.24619606137275696
w4215,2014-04-14 07:00:00,0.32675981521606445,0.24418725073337555,0.05110838636755943,0.24637477099895477
w4216,2014-04-14 08:00:00,0.23205062747001648,0.25814613699913025,0.05032665282487869,0.24631568789482117
w4217,2014-04-14 09:00:00,0.2320108413696289,0.21914762258529663,0.05049671232700348,0.24630755186080933
w4218,2014-04-14 10:00:00,0.24250629544258118,0.2535410225391388,0.05011704936623573,0.24629007279872894
w4219,2014-04-14 11:00:00,0.225652277469635,0.2542259395122528,0.050610318779945374,0.246261864900589
w4220,2014-04-14 12:00:00,0.20232224464416504,0.2487877756357193,0.04900349676609039,0.24622122943401337
w4221,2014-04-14 13:00:00,0.20685867965221405,0.24836237728595734,0.04948735237121582,0.24616840481758118
w4222,2014-04-14 14:00:00,0.23570691049098969,0.25175783038139343,0.04993964731693268,0.2461058348417282
w4223,2014-04-14 15:00:00,0.26996806263923645,0.2436216175556183,0.050180256366729736,0.2460421472787857
w4224,2014-04-14 16:00:00,0.31748950481414795,0.25059375166893005,0.04981473460793495,0.24598699808120728
w4225,2014-04-14 17:00:00,0.34613823890686035,0.23730532824993134,0.0498911552131176,0.24594518542289734
w4226,2014-04-14 18:00:00,0.34595826268196106,0.2459937185049057,0.050618842244148254,0.24593043327331543
w4227,2014-04-14 19:00:00,0.33967384696006775,0.2470884919166565,0.04965200647711754,0.24594396352767944
w4228,2014-04-14 20:00:00,0.30870509147644043,0.2402682900428772,0.05027233436703682,0.2459859549999237
w4229,2014-04-14 21:00:00,0.328091025352478,0.24444256722927094,0.05243682116270065,0.2460229992866516
w4230,2014-04-14 22:00:00,0.3336024284362793,0.23980103433132172,0.0643477737903595,0.24635134637355804
w4231,2014-04-14 23:00:00,0.3227679431438446,0.23462803661823273,0.05304895341396332,0.24082262814044952
w4232,2014-04-15 00:00:00,0.32192739844322205,0.23948240280151367,0.05654764175415039,0.2352997213602066
w4233,2014-04-15 01:00:00,0.2852684557437897,0.25108909606933594,0.05591818317770958,0.2353355884552002
w4234,2014-04-15 02:00:00,0.2491568773984909,0.23658020794391632,0.05806775391101837,0.23803859949111938
w4235,2014-04-15 03:00:00,0.28367769718170166,0.23688024282455444,0.06898504495620728,0.2408931851387024
w4236,2014-04-15 04:00:00,0.2404097467660904,0.24181222915649414,0.07777935266494751,0.24395018815994263
w4237,2014-04-15 05:00:00,0.23042553663253784,0.2420707792043686,0.08073893934488297,0.2441437989473343
w4238,2014-04-15 06:00:00,0.26766470074653625,0.2407808005809784,0.08047480136156082,0.24297086894512177
w4239,2014-04-15 07:00:00,0.33479928970336914,0.23836714029312134,0.07967039942741394,0.24312400817871094
w4240,2014-04-15 08:00:00,0.25347423553466797,0.24781984090805054,0.08098223805427551,0.24315527081489563
w4241,2014-04-15 09:00:00,0.24404197931289673,0.23677174746990204,0.08247196674346924,0.24314887821674347
w4242,2014-04-15 10:00:00,0.2462342381477356,0.25119978189468384,0.07861172407865524,0.24313542246818542
w4243,2014-04-15 11:00:00,0.24053849279880524,0.2456560730934143,0.07685131579637527,0.24311229586601257
w4244,2014-04-15 12:00:00,0.22437964379787445,0.23630234599113464,0.07479136437177658,0.24307802319526672
w4245,2014-04-15 13:00:00,0.22649972140789032,0.24843475222587585,0.07699872553348541,0.24303166568279266
w4246,2014-04-15 14:00:00,0.24726587533950806,0.24892742931842804,0.07967453449964523,0.24297359585762024
w4247,2014-04-15 15:00:00,0.2845442593097687,0.2549234926700592,0.08090595155954361,0.2429134100675583
w4248,2014-04-15 16:00:00,0.3371615409851074,0.24035879969596863,0.08168798685073853,0.24285809695720673
w4249,2014-04-15 17:00:00,0.343086838722229,0.24460633099079132,0.08211628347635269,0.24281147122383118
w4250,2014-04-15 18:00:00,0.35184383392333984,0.2309703826904297,0.08128764480352402,0.2427864372730255
w4251,2014-04-15 19:00:00,0.3366149067878723,0.27433091402053833,0.08018437772989273,0.24278876185417175
w4252,2014-04-15 20:00:00,0.33268439769744873,0.23668959736824036,0.07940591126680374,0.2428223341703415
w4253,2014-04-15 21:00:00,0.32658565044403076,0.24733427166938782,0.08129998296499252,0.24294805526733398
w4254,2014-04-15 22:00:00,0.3436215817928314,0.23305773735046387,0.09848116338253021,0.2439388632774353
w4255,2014-04-15 23:00:00,0.35223737359046936,0.24331869184970856,0.07121013849973679,0.2443496435880661
w4256,2014-04-16 00:00:00,0.32975760102272034,0.2586405277252197,0.07463593035936356,0.24501225352287292
w4257,2014-04-16 01:00:00,0.29094740748405457,0.25436168909072876,0.07138452678918839,0.24547389149665833
w4258,2014-04-16 02:00:00,0.3047616481781006,0.24230831861495972,0.06590832769870758,0.24579055607318878
w4259,2014-04-16 03:00:00,0.32456615567207336,0.2487676441669464,0.0741029754281044,0.2459808737039566
w4260,2014-04-16 04:00:00,0.2742809057235718,0.24535687267780304,0.055771391838788986,0.24604585766792297
w4261,2014-04-16 05:00:00,0.25481805205345154,0.2479943484067917,0.05313923582434654,0.2466886341571808
w4262,2014-04-16 06:00:00,0.3572276830673218,0.2524988353252411,0.05044066160917282,0.24671019613742828
w4263,2014-04-16 07:00:00,0.45254114270210266,0.2620425224304199,0.05152193084359169,0.24696670472621918
w4264,2014-04-16 08:00:00,0.299750953912735,0.24886682629585266,0.05087732523679733,0.24699920415878296
w4265,2014-04-16 09:00:00,0.2796325087547302,0.2331363409757614,0.051014866679906845,0.2469927966594696
w4266,2014-04-16 10:00:00,0.26577478647232056,0.24009492993354797,0.05146171152591705,0.2469775378704071
w4267,2014-04-16 11:00:00,0.25907692313194275,0.25405508279800415,0.051115259528160095,0.2469501495361328
w4268,2014-04-16 12:00:00,0.2525433897972107,0.2515374422073364,0.05001509189605713,0.24690993130207062
w4269,2014-04-16 13:00:00,0.25085872411727905,0.267309308052063,0.04980429634451866,0.24685706198215485
w4270,2014-04-16 14:00:00,0.2633264362812042,0.24792279303073883,0.051251478493213654,0.24679554998874664
w4271,2014-04-16 15:00:00,0.2989735007286072,0.2444150447845459,0.051364824175834656,0.24672931432724
w4272,2014-04-16 16:00:00,0.357876181602478,0.2510632276535034,0.05054803565144539,0.24666732549667358
w4273,2014-04-16 17:00:00,0.37203580141067505,0.25329434871673584,0.050267189741134644,0.24661782383918762
w4274,2014-04-16 18:00:00,0.38764524459838867,0.24608547985553741,0.05077147111296654,0.24659153819084167
w4275,2014-04-16 19:00:00,0.39729371666908264,0.25052452087402344,0.05047408863902092,0.2465924173593521
w4276,2014-04-16 20:00:00,0.40266162157058716,0.2431316077709198,0.05110440030694008,0.2466220259666443
w4277,2014-04-16 21:00:00,0.34830984473228455,0.2421918660402298,0.052887145429849625,0.24670569598674774
w4278,2014-04-16 22:00:00,0.32836997509002686,0.24052000045776367,0.06108860298991203,0.24820062518119812
w4279,2014-04-16 23:00:00,0.33251625299453735,0.2680235505104065,0.050880610942840576,0.24806812405586243
w4280,2014-04-17 00:00:00,0.320572167634964,0.23889613151550293,0.04994840919971466,0.24773091077804565
w4281,2014-04-17 01:00:00,0.2955741286277771,0.24441348016262054,0.0518275685608387,0.2482646256685257
w4282,2014-04-17 02:00:00,0.31469646096229553,0.2426808625459671,0.053734052926301956,0.24855463206768036
w4283,2014-04-17 03:00:00,0.2590700387954712,0.24934063851833344,0.05383503809571266,0.24959519505500793
w4284,2014-04-17 04:00:00,0.23528999090194702,0.24857626855373383,0.0590767078101635,0.24997536838054657
w4285,2014-04-17 05:00:00,0.22123973071575165,0.24263988435268402,0.0566951222717762,0.2506163418292999
w4286,2014-04-17 06:00:00,0.27598869800567627,0.262037068605423,0.05703331530094147,0.250559538602829
w4287,2014-04-17 07:00:00,0.3062012791633606,0.24307185411453247,0.057909395545721054,0.2505847215652466
w4288,2014-04-17 08:00:00,0.2525649666786194,0.26290929317474365,0.056803807616233826,0.2506295144557953
w4289,2014-04-17 09:00:00,0.24026404321193695,0.24752511084079742,0.057093024253845215,0.25062310695648193
w4290,2014-04-17 10:00:00,0.2530621290206909,0.24152013659477234,0.05749792605638504,0.2506087124347687
w4291,2014-04-17 11:00:00,0.25969216227531433,0.2447730451822281,0.05675343796610832,0.25058528780937195
w4292,2014-04-17 12:00:00,0.2607032060623169,0.24619585275650024,0.05537576973438263,0.2505502998828888
w4293,2014-04-17 13:00:00,0.24479256570339203,0.25096410512924194,0.05510544776916504,0.250503271818161
w4294,2014-04-17 14:00:00,0.24326695501804352,0.2406582236289978,0.056531284004449844,0.2504439651966095
w4295,2014-04-17 15:00:00,0.2848142385482788,0.2376989722251892,0.05704738199710846,0.25037986040115356
w4296,2014-04-17 16:00:00,0.3327479958534241,0.2584133744239807,0.056885089725255966,0.2503208518028259
w4297,2014-04-17 17:00:00,0.3428761065006256,0.24066424369812012,0.056907568126916885,0.25027549266815186
w4298,2014-04-17 18:00:00,0.37066081166267395,0.255889892578125,0.057343944907188416,0.2502521276473999
w4299,2014-04-17 19:00:00,0.39188992977142334,0.24553807079792023,0.05661958456039429,0.2502559423446655
w4300,2014-04-17 20:00:00,0.36319857835769653,0.23655271530151367,0.05665680393576622,0.25028541684150696
w4301,2014-04-17 21:00:00,0.3029404282569885,0.2612000107765198,0.05716031789779663,0.25043949484825134
w4302,2014-04-17 22:00:00,0.27814945578575134,0.24562665820121765,0.06828581541776657,0.2512444257736206
w4303,2014-04-17 23:00:00,0.2558642625808716,0.25393396615982056,0.07930033653974533,0.2527827024459839
w4304,2014-04-18 00:00:00,0.22582609951496124,0.2510613799095154,0.08571192622184753,0.25225764513015747
w4305,2014-04-18 01:00:00,0.21794281899929047,0.25352370738983154,0.07169914990663528,0.249744713306427
w4306,2014-04-18 02:00:00,0.22735299170017242,0.2564108073711395,0.07297462970018387,0.24879354238510132
w4307,2014-04-18 03:00:00,0.2186591625213623,0.25368040800094604,0.07234147191047668,0.2493399977684021
w4308,2014-04-18 04:00:00,0.22581206262111664,0.25614824891090393,0.07463051378726959,0.2507030665874481
w4309,2014-04-18 05:00:00,0.25575774908065796,0.24992066621780396,0.07684273272752762,0.25141528248786926
w4310,2014-04-18 06:00:00,0.2579007148742676,0.2629551291465759,0.08197399228811264,0.25141817331314087
w4311,2014-04-18 07:00:00,0.2642178535461426,0.2571037709712982,0.0796542763710022,0.2512374520301819
w4312,2014-04-18 08:00:00,0.28275424242019653,0.26194989681243896,0.07949738949537277,0.2512419521808624
w4313,2014-04-18 09:00:00,0.24634350836277008,0.2569865584373474,0.08063166588544846,0.25123560428619385
w4314,2014-04-18 10:00:00,0.23105782270431519,0.24596956372261047,0.08236917108297348,0.2512221336364746
w4315,2014-04-18 11:00:00,0.21508115530014038,0.2553541958332062,0.07996222376823425,0.25119897723197937
w4316,2014-04-18 12:00:00,0.21156834065914154,0.2541821300983429,0.07738760113716125,0.2511647641658783
w4317,2014-04-18 13:00:00,0.1958286613225937,0.24877797067165375,0.07582564651966095,0.25111836194992065
w4318,2014-04-18 14:00:00,0.18319611251354218,0.26211580634117126,0.07580689340829849,0.25106027722358704
w4319,2014-04-18 15:00:00,0.22829249501228333,0.23406916856765747,0.07773642987012863,0.2510001063346863
w4320,2014-04-18 16:00:00,0.26752758026123047,0.2507476806640625,0.07919970154762268,0.2509448230266571
w4321,2014-04-18 17:00:00,0.281547486782074,0.2534627318382263,0.08006950467824936,0.25089821219444275
w4322,2014-04-18 18:00:00,0.3050147294998169,0.23795387148857117,0.08098623156547546,0.2508731186389923
w4323,2014-04-18 19:00:00,0.30607879161834717,0.24056795239448547,0.08022210747003555,0.25087547302246094
w4324,2014-04-18 20:00:00,0.3007003366947174,0.2577827572822571,0.0800926461815834,0.25090906023979187
w4325,2014-04-18 21:00:00,0.23259639739990234,0.2440154254436493,0.08425995707511902,0.25099822878837585
w4326,2014-04-18 22:00:00,0.21160759031772614,0.2671639025211334,0.08360209316015244,0.25152787566185
w4327,2014-04-18 23:00:00,0.21222111582756042,0.24477307498455048,0.05675329267978668,0.24790552258491516
w4328,2014-04-19 00:00:00,0.17844945192337036,0.24867969751358032,0.05598776787519455,0.2457503229379654
w4329,2014-04-19 01:00:00,0.18523192405700684,0.244880810379982,0.055419258773326874,0.24506524205207825
w4330,2014-04-19 02:00:00,0.1655760407447815,0.25611039996147156,0.05650455504655838,0.24495363235473633
w4331,2014-04-19 03:00:00,0.1689910888671875,0.24334345757961273,0.055962104350328445,0.24497301876544952
w4332,2014-04-19 04:00:00,0.1751658320426941,0.24576467275619507,0.056089870631694794,0.24431419372558594
w4333,2014-04-19 05:00:00,0.19489580392837524,0.2519514858722687,0.05246836319565773,0.2432110607624054
w4334,2014-04-19 06:00:00,0.19389863312244415,0.25056251883506775,0.05470583587884903,0.24401158094406128
w4335,2014-04-19 07:00:00,0.20482701063156128,0.2552157938480377,0.05669403076171875,0.24387280642986298
w4336,2014-04-19 08:00:00,0.21351748704910278,0.2588754892349243,0.05330062285065651,0.2437744140625
w4337,2014-04-19 09:00:00,0.16466183960437775,0.24681046605110168,0.05337939038872719,0.24376797676086426
w4338,2014-04-19 10:00:00,0.1569320112466812,0.25056716799736023,0.0535643994808197,0.24375274777412415
w4339,2014-04-19 11:00:00,0.16684085130691528,0.24562519788742065,0.054067835211753845,0.24372535943984985
w4340,2014-04-19 12:00:00,0.17018850147724152,0.24267800152301788,0.053407710045576096,0.24368514120578766
w4341,2014-04-19 13:00:00,0.1542162150144577,0.24900682270526886,0.053387708961963654,0.2436322569847107
w4342,2014-04-19 14:00:00,0.1273266226053238,0.2362380027770996,0.0546453632414341,0.24357107281684875
w4343,2014-04-19 15:00:00,0.1415274441242218,0.2656165063381195,0.05435151606798172,0.24350523948669434
w4344,2014-04-19 16:00:00,0.18914839625358582,0.2482682317495346,0.052916720509529114,0.24344497919082642
w4345,2014-04-19 17:00:00,0.1973220854997635,0.23983176052570343,0.05250317230820656,0.243399515748024
w4346,2014-04-19 18:00:00,0.21545618772506714,0.24288995563983917,0.05332138016819954,0.24337832629680634
w4347,2014-04-19 19:00:00,0.23129680752754211,0.23407356441020966,0.05334920808672905,0.24338555335998535
w4348,2014-04-19 20:00:00,0.24770525097846985,0.24233290553092957,0.05376631021499634,0.24342165887355804
w4349,2014-04-19 21:00:00,0.21270562708377838,0.2449200451374054,0.054719094187021255,0.24355655908584595
w4350,2014-04-19 22:00:00,0.1910034865140915,0.2401803880929947,0.06227925047278404,0.24411100149154663
w4351,2014-04-19 23:00:00,0.19607247412204742,0.23524457216262817,0.058245088905096054,0.23921950161457062
w4352,2014-04-20 00:00:00,0.19982093572616577,0.24463237822055817,0.055447228252887726,0.23793146014213562
w4353,2014-04-20 01:00:00,0.1774907112121582,0.22696314752101898,0.05619409307837486,0.23502492904663086
w4354,2014-04-20 02:00:00,0.1648670881986618,0.22480376064777374,0.058204635977745056,0.23082385957241058
w4355,2014-04-20 03:00:00,0.1713467538356781,0.2229837328195572,0.061724934726953506,0.22685204446315765
w4356,2014-04-20 04:00:00,0.150589257478714,0.21820849180221558,0.06354587525129318,0.22355590760707855
w4357,2014-04-20 05:00:00,0.16399094462394714,0.22915495932102203,0.06520289927721024,0.22092436254024506
w4358,2014-04-20 06:00:00,0.1652468889951706,0.2144082635641098,0.06646782904863358,0.2208629548549652
w4359,2014-04-20 07:00:00,0.15973645448684692,0.23040564358234406,0.07018440961837769,0.22082781791687012
w4360,2014-04-20 08:00:00,0.14366678893566132,0.23178479075431824,0.06638120859861374,0.22083479166030884
w4361,2014-04-20 09:00:00,0.1328403651714325,0.22097161412239075,0.06565630435943604,0.22083009779453278
w4362,2014-04-20 10:00:00,0.18005633354187012,0.22187481820583344,0.06617286801338196,0.22081972658634186
w4363,2014-04-20 11:00:00,0.20363765954971313,0.21513426303863525,0.06709166616201401,0.22080141305923462
w4364,2014-04-20 12:00:00,0.2062472254037857,0.22308802604675293,0.06682359427213669,0.22077277302742004
w4365,2014-04-20 13:00:00,0.18779481947422028,0.20113153755664825,0.06636251509189606,0.22073224186897278
w4366,2014-04-20 14:00:00,0.14883218705654144,0.21407276391983032,0.06713378429412842,0.22067856788635254
w4367,2014-04-20 15:00:00,0.13131281733512878,0.21501654386520386,0.06720027327537537,0.22061976790428162
w4368,2014-04-20 16:00:00,0.1653592884540558,0.22883020341396332,0.06597593426704407,0.2205657660961151
w4369,2014-04-20 17:00:00,0.1557532548904419,0.22218240797519684,0.06548339873552322,0.22052495181560516
w4370,2014-04-20 18:00:00,0.1592026650905609,0.21804609894752502,0.06611049920320511,0.22050203382968903
w4371,2014-04-20 19:00:00,0.1743655502796173,0.22170324623584747,0.06650736927986145,0.22050699591636658
w4372,2014-04-20 20:00:00,0.21166378259658813,0.2228754162788391,0.0668516755104065,0.22054032981395721
w4373,2014-04-20 21:00:00,0.2080313116312027,0.215751051902771,0.06762531399726868,0.22060541808605194
w4374,2014-04-20 22:00:00,0.18388794362545013,0.20774085819721222,0.059038445353507996,0.22009338438510895
w4375,2014-04-20 23:00:00,0.20565904676914215,0.24616625905036926,0.06834399700164795,0.22208482027053833
w4376,2014-04-21 00:00:00,0.24053917825222015,0.2289162278175354,0.07144507765769958,0.22727364301681519
w4377,2014-04-21 01:00:00,0.2076796144247055,0.24389229714870453,0.07426992803812027,0.22944147884845734
w4378,2014-04-21 02:00:00,0.20459091663360596,0.2238198071718216,0.08086546510457993,0.22703085839748383
w4379,2014-04-21 03:00:00,0.20614653825759888,0.2289162427186966,0.0912848636507988,0.2219814509153366
w4380,2014-04-21 04:00:00,0.177232027053833,0.21062643826007843,0.08692416548728943,0.22146804630756378
w4381,2014-04-21 05:00:00,0.16958536207675934,0.20210176706314087,0.08429978787899017,0.22231358289718628
w4382,2014-04-21 06:00:00,0.1664966195821762,0.23529213666915894,0.08662988245487213,0.2222144603729248
w4383,2014-04-21 07:00:00,0.1656220704317093,0.22444908320903778,0.08616694062948227,0.22242821753025055
w4384,2014-04-21 08:00:00,0.1487477868795395,0.2352815717458725,0.08759526163339615,0.22245179116725922
w4385,2014-04-21 09:00:00,0.15431344509124756,0.21588481962680817,0.08854031562805176,0.22244538366794586
w4386,2014-04-21 10:00:00,0.20962242782115936,0.2127905935049057,0.08990424126386642,0.22243015468120575
w4387,2014-04-21 11:00:00,0.22110693156719208,0.22667428851127625,0.08937450498342514,0.22240275144577026
w4388,2014-04-21 12:00:00,0.21032942831516266,0.22726649045944214,0.08805787563323975,0.22236257791519165
w4389,2014-04-21 13:00:00,0.2182709276676178,0.23540745675563812,0.08565261214971542,0.22230975329875946
w4390,2014-04-21 14:00:00,0.19593554735183716,0.22082863748073578,0.08395116031169891,0.2222493439912796
w4391,2014-04-21 15:00:00,0.15093305706977844,0.21455159783363342,0.08499149233102798,0.222184956073761
w4392,2014-04-21 16:00:00,0.17141768336296082,0.21716830134391785,0.08689889311790466,0.22212806344032288
w4393,2014-04-21 17:00:00,0.17550157010555267,0.2161550521850586,0.08782759308815002,0.22208793461322784
w4394,2014-04-21 18:00:00,0.16426746547222137,0.21841628849506378,0.08837323635816574,0.22207240760326385
w4395,2014-04-21 19:00:00,0.16310876607894897,0.22393417358398438,0.08865860849618912,0.22208565473556519
w4396,2014-04-21 20:00:00,0.20112942159175873,0.23314142227172852,0.08921608328819275,0.2221274971961975
w4397,2014-04-21 21:00:00,0.22044959664344788,0.21471118927001953,0.09211298823356628,0.22221605479717255
w4398,2014-04-21 22:00:00,0.209200918674469,0.2275661677122116,0.09137482196092606,0.2224331498146057
w4399,2014-04-21 23:00:00,0.24737845361232758,0.21938514709472656,0.07950644940137863,0.22111891210079193
w4400,2014-04-22 00:00:00,0.32545551657676697,0.2157614827156067,0.07302875816822052,0.21578460931777954
w4401,2014-04-22 01:00:00,0.2934500277042389,0.20976649224758148,0.07894568890333176,0.20919682085514069
w4402,2014-04-22 02:00:00,0.28464117646217346,0.21101148426532745,0.08386602997779846,0.2024417519569397
w4403,2014-04-22 03:00:00,0.27434036135673523,0.19623301923274994,0.09230503439903259,0.19682377576828003
w4404,2014-04-22 04:00:00,0.260252445936203,0.1912708282470703,0.09611744433641434,0.19371913373470306
w4405,2014-04-22 05:00:00,0.2541009187698364,0.18146242201328278,0.0982450619339943,0.193455770611763
w4406,2014-04-22 06:00:00,0.23350262641906738,0.1870630383491516,0.10230299085378647,0.1943976879119873
w4407,2014-04-22 07:00:00,0.23311716318130493,0.18649302423000336,0.10200190544128418,0.19488486647605896
w4408,2014-04-22 08:00:00,0.18676847219467163,0.19657331705093384,0.10087784379720688,0.19503386318683624
w4409,2014-04-22 09:00:00,0.21556925773620605,0.1988983452320099,0.10078498721122742,0.19502776861190796
w4410,2014-04-22 10:00:00,0.25923338532447815,0.1989605873823166,0.10126477479934692,0.1950141042470932
w4411,2014-04-22 11:00:00,0.2762517035007477,0.19689473509788513,0.10125543177127838,0.19499312341213226
w4412,2014-04-22 12:00:00,0.28341707587242126,0.1934404969215393,0.1004730835556984,0.19496461749076843
w4413,2014-04-22 13:00:00,0.2855003774166107,0.20199054479599,0.09918598085641861,0.19492918252944946
w4414,2014-04-22 14:00:00,0.2736319303512573,0.18554368615150452,0.10023262351751328,0.1948886215686798
w4415,2014-04-22 15:00:00,0.21080413460731506,0.19871215522289276,0.10129813104867935,0.19485001266002655
w4416,2014-04-22 16:00:00,0.22710731625556946,0.18085724115371704,0.10070669651031494,0.19482305645942688
w4417,2014-04-22 17:00:00,0.25127702951431274,0.197201669216156,0.10016743093729019,0.194814071059227
w4418,2014-04-22 18:00:00,0.24951007962226868,0.19385814666748047,0.10044242441654205,0.1948249340057373
w4419,2014-04-22 19:00:00,0.23659364879131317,0.18204741179943085,0.10071888566017151,0.19485655426979065
w4420,2014-04-22 20:00:00,0.26613500714302063,0.1893840879201889,0.10201920568943024,0.1949017345905304
w4421,2014-04-22 21:00:00,0.2858404517173767,0.2005903124809265,0.10082153230905533,0.1949654221534729
w4422,2014-04-22 22:00:00,0.2399226576089859,0.1973830908536911,0.09803833812475204,0.19477692246437073
w4423,2014-04-22 23:00:00,0.26496943831443787,0.20692934095859528,0.10028756409883499,0.19551055133342743
w4424,2014-04-23 00:00:00,0.3418450951576233,0.19102565944194794,0.10894078761339188,0.19059619307518005
w4425,2014-04-23 01:00:00,0.30264943838119507,0.1818481832742691,0.10475431382656097,0.1859010010957718
w4426,2014-04-23 02:00:00,0.2943485975265503,0.18396279215812683,0.10304617136716843,0.18387268483638763
w4427,2014-04-23 03:00:00,0.2810574769973755,0.17047370970249176,0.10815723985433578,0.18235284090042114
w4428,2014-04-23 04:00:00,0.2466999739408493,0.1845521628856659,0.11164262890815735,0.18318980932235718
w4429,2014-04-23 05:00:00,0.21503382921218872,0.18622057139873505,0.11644366383552551,0.18334920704364777
w4430,2014-04-23 06:00:00,0.21059957146644592,0.18954621255397797,0.11975434422492981,0.18474608659744263
w4431,2014-04-23 07:00:00,0.21089546382427216,0.1732223629951477,0.11734827607870102,0.18514050543308258
w4432,2014-04-23 08:00:00,0.1838514655828476,0.19008424878120422,0.11820708215236664,0.1851637363433838
w4433,2014-04-23 09:00:00,0.194249227643013,0.1829492151737213,0.12011024355888367,0.18515771627426147
w4434,2014-04-23 10:00:00,0.24077728390693665,0.18689070641994476,0.11971288174390793,0.18514543771743774
w4435,2014-04-23 11:00:00,0.26855549216270447,0.18768103420734406,0.11831787973642349,0.18512514233589172
w4436,2014-04-23 12:00:00,0.2631460726261139,0.18295295536518097,0.11833053082227707,0.18509601056575775
w4437,2014-04-23 13:00:00,0.2705203592777252,0.18468181788921356,0.11699492484331131,0.18505588173866272
w4438,2014-04-23 14:00:00,0.2646079361438751,0.19137431681156158,0.11647208780050278,0.1850052922964096
w4439,2014-04-23 15:00:00,0.217404305934906,0.18118557333946228,0.11753800511360168,0.18495379388332367
w4440,2014-04-23 16:00:00,0.23573701083660126,0.19139593839645386,0.11842233687639236,0.18491262197494507
w4441,2014-04-23 17:00:00,0.27035775780677795,0.18577940762043,0.11914912611246109,0.1848812699317932
w4442,2014-04-23 18:00:00,0.2551179826259613,0.18576791882514954,0.1197335347533226,0.1848682314157486
w4443,2014-04-23 19:00:00,0.24093320965766907,0.18743596971035004,0.11986777186393738,0.18487922847270966
w4444,2014-04-23 20:00:00,0.2433878779411316,0.18263192474842072,0.12020725756883621,0.18491321802139282
w4445,2014-04-23 21:00:00,0.2566848695278168,0.18051423132419586,0.12078680098056793,0.184992253780365
w4446,2014-04-23 22:00:00,0.2513484060764313,0.18537847697734833,0.12338234484195709,0.18607190251350403
w4447,2014-04-23 23:00:00,0.26081132888793945,0.18911705911159515,0.12264470010995865,0.18499334156513214
w4448,2014-04-24 00:00:00,0.3427730202674866,0.18238358199596405,0.13013365864753723,0.18031080067157745
w4449,2014-04-24 01:00:00,0.3378939926624298,0.1707780957221985,0.13840560615062714,0.17359042167663574
w4450,2014-04-24 02:00:00,0.34205755591392517,0.17315882444381714,0.13674290478229523,0.1704344004392624
w4451,2014-04-24 03:00:00,0.3352435827255249,0.16412796080112457,0.1414819210767746,0.1691446751356125
w4452,2014-04-24 04:00:00,0.28268247842788696,0.16454941034317017,0.14600151777267456,0.16627997159957886
w4453,2014-04-24 05:00:00,0.2694456875324249,0.15994064509868622,0.1441635936498642,0.1639149934053421
w4454,2014-04-24 06:00:00,0.2811621129512787,0.16196434199810028,0.14007581770420074,0.16450439393520355
w4455,2014-04-24 07:00:00,0.28044393658638,0.16044917702674866,0.1404513269662857,0.1640978902578354
w4456,2014-04-24 08:00:00,0.24005667865276337,0.17012785375118256,0.1404089778661728,0.16409017145633698
w4457,2014-04-24 09:00:00,0.2691313922405243,0.16047188639640808,0.1416386365890503,0.16408666968345642
w4458,2014-04-24 10:00:00,0.3015749156475067,0.16376350820064545,0.1408286839723587,0.16407902538776398
w4459,2014-04-24 11:00:00,0.31724512577056885,0.15431930124759674,0.13932698965072632,0.16406601667404175
w4460,2014-04-24 12:00:00,0.315871924161911,0.16834810376167297,0.1394639015197754,0.16404935717582703
w4461,2014-04-24 13:00:00,0.34321916103363037,0.1618223935365677,0.1395997256040573,0.16403158009052277
w4462,2014-04-24 14:00:00,0.3573107123374939,0.1564951390028,0.1396721452474594,0.16401518881320953
w4463,2014-04-24 15:00:00,0.30544736981391907,0.1624574512243271,0.14004233479499817,0.16400223970413208
w4464,2014-04-24 16:00:00,0.2976175844669342,0.165323868393898,0.14047904312610626,0.16399824619293213
w4465,2014-04-24 17:00:00,0.3278829753398895,0.16476215422153473,0.14159955084323883,0.16399958729743958
w4466,2014-04-24 18:00:00,0.31758859753608704,0.16444934904575348,0.14060623943805695,0.16400755941867828
w4467,2014-04-24 19:00:00,0.3222927153110504,0.1634133905172348,0.1403150111436844,0.16402727365493774
w4468,2014-04-24 20:00:00,0.27196699380874634,0.16519373655319214,0.1406230330467224,0.1640593409538269
w4469,2014-04-24 21:00:00,0.2784568667411804,0.163398876786232,0.13849613070487976,0.16407524049282074
w4470,2014-04-24 22:00:00,0.2545471787452698,0.16443371772766113,0.12981563806533813,0.16466666758060455
w4471,2014-04-24 23:00:00,0.23209179937839508,0.16095703840255737,0.13007394969463348,0.16501210629940033
w4472,2014-04-25 00:00:00,0.29172250628471375,0.16587361693382263,0.11608698964118958,0.16821426153182983
w4473,2014-04-25 01:00:00,0.2660941779613495,0.17351537942886353,0.12228747457265854,0.17505601048469543
w4474,2014-04-25 02:00:00,0.2549838423728943,0.18211521208286285,0.1350158452987671,0.1812068074941635
w4475,2014-04-25 03:00:00,0.24640148878097534,0.18856623768806458,0.12498818337917328,0.18617002665996552
w4476,2014-04-25 04:00:00,0.15447570383548737,0.20336684584617615,0.1301313042640686,0.18943531811237335
w4477,2014-04-25 05:00:00,0.19067208468914032,0.20615863800048828,0.14238841831684113,0.1902918815612793
w4478,2014-04-25 06:00:00,0.2349652647972107,0.20220768451690674,0.15156571567058563,0.18874630331993103
w4479,2014-04-25 07:00:00,0.2551121413707733,0.17937403917312622,0.14866584539413452,0.1883714646100998
w4480,2014-04-25 08:00:00,0.21701505780220032,0.19154036045074463,0.14852234721183777,0.18833595514297485
w4481,2014-04-25 09:00:00,0.20418524742126465,0.18177536129951477,0.1473253071308136,0.18833409249782562
w4482,2014-04-25 10:00:00,0.20101268589496613,0.18679079413414001,0.14650198817253113,0.188328817486763
w4483,2014-04-25 11:00:00,0.2217801958322525,0.18755945563316345,0.1463451385498047,0.18831641972064972
w4484,2014-04-25 12:00:00,0.2618243396282196,0.19033804535865784,0.14600922167301178,0.18829376995563507
w4485,2014-04-25 13:00:00,0.3101719319820404,0.18568404018878937,0.14626356959342957,0.18825919926166534
w4486,2014-04-25 14:00:00,0.27027666568756104,0.1884988695383072,0.14759819209575653,0.18821242451667786
w4487,2014-04-25 15:00:00,0.19877390563488007,0.19509229063987732,0.14808553457260132,0.18815845251083374
w4488,2014-04-25 16:00:00,0.22699178755283356,0.2002149224281311,0.14769233763217926,0.18810637295246124
w4489,2014-04-25 17:00:00,0.2345542311668396,0.1918041706085205,0.14738501608371735,0.18806412816047668
w4490,2014-04-25 18:00:00,0.266476035118103,0.18818019330501556,0.14726442098617554,0.1880352795124054
w4491,2014-04-25 19:00:00,0.25637903809547424,0.18812423944473267,0.14729873836040497,0.18802623450756073
w4492,2014-04-25 20:00:00,0.1920749843120575,0.1895086169242859,0.14774128794670105,0.1880405992269516
w4493,2014-04-25 21:00:00,0.21780280768871307,0.18752914667129517,0.1497994363307953,0.18800489604473114
w4494,2014-04-25 22:00:00,0.22267407178878784,0.18387319147586823,0.15440189838409424,0.18675071001052856
w4495,2014-04-25 23:00:00,0.20483867824077606,0.19959908723831177,0.15359275043010712,0.18648096919059753
w4496,2014-04-26 00:00:00,0.22661402821540833,0.18501390516757965,0.1501210331916809,0.18810056149959564
w4497,2014-04-26 01:00:00,0.2138294279575348,0.19567590951919556,0.15428414940834045,0.1937885880470276
w4498,2014-04-26 02:00:00,0.23175399005413055,0.19558466970920563,0.1482868790626526,0.19429251551628113
w4499,2014-04-26 03:00:00,0.24890592694282532,0.18644890189170837,0.1447272002696991,0.19508206844329834
w4500,2014-04-26 04:00:00,0.2279152274131775,0.1989174485206604,0.1437692791223526,0.19457633793354034
w4501,2014-04-26 05:00:00,0.1825208216905594,0.1949307918548584,0.12006185948848724,0.193914994597435
w4502,2014-04-26 06:00:00,0.23440906405448914,0.2015109658241272,0.12197808176279068,0.19370931386947632
w4503,2014-04-26 07:00:00,0.24931488931179047,0.2059362381696701,0.11953846365213394,0.1936796009540558
w4504,2014-04-26 08:00:00,0.2157018631696701,0.19330552220344543,0.12106071412563324,0.19370609521865845
w4505,2014-04-26 09:00:00,0.20678463578224182,0.1985170692205429,0.12126008421182632,0.19370251893997192
w4506,2014-04-26 10:00:00,0.2042062133550644,0.19918356835842133,0.12263030558824539,0.1936931610107422
w4507,2014-04-26 11:00:00,0.2260574996471405,0.20498916506767273,0.12261407822370529,0.19367650151252747
w4508,2014-04-26 12:00:00,0.270790696144104,0.1957370638847351,0.12279868125915527,0.1936521828174591
w4509,2014-04-26 13:00:00,0.3336557149887085,0.1930767148733139,0.12155818939208984,0.19362115859985352
w4510,2014-04-26 14:00:00,0.28975072503089905,0.19074708223342896,0.1201028823852539,0.19358490407466888
w4511,2014-04-26 15:00:00,0.2114480584859848,0.19732575118541718,0.12015734612941742,0.19354408979415894
w4512,2014-04-26 16:00:00,0.21033066511154175,0.19566088914871216,0.12099228799343109,0.1935076117515564
w4513,2014-04-26 17:00:00,0.2296546846628189,0.19098131358623505,0.12136445939540863,0.19348451495170593
w4514,2014-04-26 18:00:00,0.2584265172481537,0.1925784945487976,0.12248653918504715,0.193478524684906
w4515,2014-04-26 19:00:00,0.2475813776254654,0.18897846341133118,0.12380107492208481,0.19349373877048492
w4516,2014-04-26 20:00:00,0.1905534863471985,0.19394221901893616,0.1242322102189064,0.19352711737155914
w4517,2014-04-26 21:00:00,0.2269604504108429,0.18941134214401245,0.12397188693284988,0.19351378083229065
w4518,2014-04-26 22:00:00,0.22717918455600739,0.1962895393371582,0.12343478202819824,0.1910974383354187
w4519,2014-04-26 23:00:00,0.20070436596870422,0.18602579832077026,0.12719422578811646,0.19310392439365387
w4520,2014-04-27 00:00:00,0.22535459697246552,0.19141000509262085,0.13616123795509338,0.19808265566825867
w4521,2014-04-27 01:00:00,0.2149704545736313,0.20653210580348969,0.14020615816116333,0.20560063421726227
w4522,2014-04-27 02:00:00,0.19706228375434875,0.21308113634586334,0.15090471506118774,0.2125568389892578
w4523,2014-04-27 03:00:00,0.2283453345298767,0.21727262437343597,0.14808648824691772,0.21899890899658203
w4524,2014-04-27 04:00:00,0.19673101603984833,0.21772176027297974,0.1762252151966095,0.22291339933872223
w4525,2014-04-27 05:00:00,0.19909784197807312,0.21572226285934448,0.16468314826488495,0.22531230747699738
w4526,2014-04-27 06:00:00,0.29016944766044617,0.22910234332084656,0.16872447729110718,0.22485201060771942
w4527,2014-04-27 07:00:00,0.255592405796051,0.23613020777702332,0.16000443696975708,0.2252741903066635
w4528,2014-04-27 08:00:00,0.24576221406459808,0.22143030166625977,0.15679390728473663,0.22529585659503937
w4529,2014-04-27 09:00:00,0.2217685431241989,0.22839874029159546,0.15815308690071106,0.225289449095726
w4530,2014-04-27 10:00:00,0.2214595526456833,0.22842413187026978,0.1598920226097107,0.22527506947517395
w4531,2014-04-27 11:00:00,0.2380397617816925,0.23090332746505737,0.15968315303325653,0.2252516746520996
w4532,2014-04-27 12:00:00,0.26322758197784424,0.22199709713459015,0.16054369509220123,0.22521668672561646
w4533,2014-04-27 13:00:00,0.27997004985809326,0.23381307721138,0.16020911931991577,0.2251700609922409
w4534,2014-04-27 14:00:00,0.21859239041805267,0.22051654756069183,0.15869878232479095,0.2251126766204834
w4535,2014-04-27 15:00:00,0.19039180874824524,0.2237945944070816,0.15796205401420593,0.22505204379558563
w4536,2014-04-27 16:00:00,0.18209069967269897,0.22023040056228638,0.15822511911392212,0.22500044107437134
w4537,2014-04-27 17:00:00,0.18874232470989227,0.22751028835773468,0.15911704301834106,0.22496525943279266
w4538,2014-04-27 18:00:00,0.2132338583469391,0.22175782918930054,0.16134506464004517,0.22495301067829132
w4539,2014-04-27 19:00:00,0.19484682381153107,0.23220480978488922,0.16407866775989532,0.22496922314167023
w4540,2014-04-27 20:00:00,0.16414904594421387,0.2255551815032959,0.1674058884382248,0.22501246631145477
w4541,2014-04-27 21:00:00,0.21070757508277893,0.23189136385917664,0.17204290628433228,0.22498784959316254
w4542,2014-04-27 22:00:00,0.21170459687709808,0.24135006964206696,0.17236286401748657,0.22315123677253723
w4543,2014-04-27 23:00:00,0.19610142707824707,0.22186356782913208,0.16996701061725616,0.22637803852558136
w4544,2014-04-28 00:00:00,0.21998439729213715,0.2481626719236374,0.13759678602218628,0.2298324704170227
w4545,2014-04-28 01:00:00,0.24588871002197266,0.24004009366035461,0.11688762158155441,0.22976456582546234
w4546,2014-04-28 02:00:00,0.2804514169692993,0.23550288379192352,0.11156588047742844,0.23011748492717743
w4547,2014-04-28 03:00:00,0.32881638407707214,0.23468001186847687,0.09216613322496414,0.2304278165102005
w4548,2014-04-28 04:00:00,0.2818034887313843,0.2222309112548828,0.09429638087749481,0.2305973917245865
w4549,2014-04-28 05:00:00,0.3087783455848694,0.22443702816963196,0.0779842659831047,0.23081186413764954
w4550,2014-04-28 06:00:00,0.3421238660812378,0.23253324627876282,0.07199777662754059,0.23070144653320312
w4551,2014-04-28 07:00:00,0.26910242438316345,0.2098308950662613,0.07449033856391907,0.23088990151882172
w4552,2014-04-28 08:00:00,0.17972688376903534,0.21814601123332977,0.07476501911878586,0.23090648651123047
w4553,2014-04-28 09:00:00,0.15582175552845,0.2337053120136261,0.07580861449241638,0.23089838027954102
w4554,2014-04-28 10:00:00,0.2218516618013382,0.23934510350227356,0.07663119584321976,0.23088090121746063
w4555,2014-04-28 11:00:00,0.26360955834388733,0.22567589581012726,0.07473436743021011,0.2308526635169983
w4556,2014-04-28 12:00:00,0.2814854383468628,0.22586870193481445,0.072821706533432,0.23081207275390625
w4557,2014-04-28 13:00:00,0.3073238134384155,0.23653779923915863,0.07064840942621231,0.23075975477695465
w4558,2014-04-28 14:00:00,0.26668503880500793,0.23539230227470398,0.06962762773036957,0.23069848120212555
w4559,2014-04-28 15:00:00,0.20537906885147095,0.22487953305244446,0.07298652082681656,0.23063771426677704
w4560,2014-04-28 16:00:00,0.16957762837409973,0.22966644167900085,0.07425178587436676,0.23058901727199554
w4561,2014-04-28 17:00:00,0.18200606107711792,0.23381288349628448,0.07439390569925308,0.2305583357810974
w4562,2014-04-28 18:00:00,0.21886034309864044,0.22820061445236206,0.07442145049571991,0.23055508732795715
w4563,2014-04-28 19:00:00,0.2217268943786621,0.23254871368408203,0.07414228469133377,0.23058120906352997
w4564,2014-04-28 20:00:00,0.17364591360092163,0.23952923715114594,0.07454439997673035,0.23063336312770844
w4565,2014-04-28 21:00:00,0.21749597787857056,0.22391526401042938,0.07776406407356262,0.23077058792114258
w4566,2014-04-28 22:00:00,0.23583915829658508,0.2242218405008316,0.07595443725585938,0.2324461191892624
w4567,2014-04-28 23:00:00,0.23564690351486206,0.2469806969165802,0.08000544458627701,0.2342059314250946
w4568,2014-04-29 00:00:00,0.2726927399635315,0.22851324081420898,0.08513518422842026,0.23326590657234192
w4569,2014-04-29 01:00:00,0.25501441955566406,0.22701576352119446,0.08754626661539078,0.22770589590072632
w4570,2014-04-29 02:00:00,0.23029960691928864,0.22976064682006836,0.09903567284345627,0.2284744381904602
w4571,2014-04-29 03:00:00,0.25391820073127747,0.23061636090278625,0.10229411721229553,0.23020130395889282
w4572,2014-04-29 04:00:00,0.21284165978431702,0.23593828082084656,0.11219252645969391,0.22910574078559875
w4573,2014-04-29 05:00:00,0.19460748136043549,0.22955529391765594,0.11331649869680405,0.22945261001586914
w4574,2014-04-29 06:00:00,0.24701064825057983,0.23846520483493805,0.1173800528049469,0.2294624149799347
w4575,2014-04-29 07:00:00,0.24372237920761108,0.23450835049152374,0.11747106164693832,0.22909651696681976
w4576,2014-04-29 08:00:00,0.2027377039194107,0.2361603081226349,0.1183837503194809,0.2290772795677185
w4577,2014-04-29 09:00:00,0.2067626267671585,0.2235293686389923,0.12020322680473328,0.22907161712646484
w4578,2014-04-29 10:00:00,0.2280561625957489,0.23356717824935913,0.1205419972538948,0.2290603071451187
w4579,2014-04-29 11:00:00,0.25128814578056335,0.23106823861598969,0.11780384182929993,0.2290429025888443
w4580,2014-04-29 12:00:00,0.2742729187011719,0.22502940893173218,0.11740735918283463,0.22901779413223267
w4581,2014-04-29 13:00:00,0.27147719264030457,0.2281561642885208,0.11717775464057922,0.22898292541503906
w4582,2014-04-29 14:00:00,0.20837177336215973,0.25023266673088074,0.1155514344573021,0.22893878817558289
w4583,2014-04-29 15:00:00,0.20594628155231476,0.2243109792470932,0.117083340883255,0.22889187932014465
w4584,2014-04-29 16:00:00,0.17265194654464722,0.2441035956144333,0.11903779953718185,0.22885076701641083
w4585,2014-04-29 17:00:00,0.19339469075202942,0.24107792973518372,0.1199808269739151,0.22881923615932465
w4586,2014-04-29 18:00:00,0.2220478057861328,0.23707662522792816,0.1205105260014534,0.22880475223064423
w4587,2014-04-29 19:00:00,0.21409869194030762,0.24089908599853516,0.12072820216417313,0.22881227731704712
w4588,2014-04-29 20:00:00,0.18542468547821045,0.23209820687770844,0.1213228702545166,0.22884702682495117
w4589,2014-04-29 21:00:00,0.22846396267414093,0.21792146563529968,0.13016444444656372,0.22897031903266907
w4590,2014-04-29 22:00:00,0.2295863926410675,0.2225300669670105,0.1245211660861969,0.23153479397296906
w4591,2014-04-29 23:00:00,0.21278981864452362,0.22634434700012207,0.10605078190565109,0.22996261715888977
w4592,2014-04-30 00:00:00,0.256619393825531,0.22296857833862305,0.10784003138542175,0.22584274411201477
w4593,2014-04-30 01:00:00,0.3022989332675934,0.21799808740615845,0.10607412457466125,0.21930645406246185
w4594,2014-04-30 02:00:00,0.3296346962451935,0.21933910250663757,0.10740058869123459,0.2121400386095047
w4595,2014-04-30 03:00:00,0.3432450592517853,0.20677290856838226,0.10371356457471848,0.2073243260383606
w4596,2014-04-30 04:00:00,0.31758615374565125,0.20678140223026276,0.1098986491560936,0.20315755903720856
w4597,2014-04-30 05:00:00,0.36950600147247314,0.19309493899345398,0.10978174209594727,0.20154625177383423
w4598,2014-04-30 06:00:00,0.37354835867881775,0.20520247519016266,0.11088491976261139,0.20296362042427063
w4599,2014-04-30 07:00:00,0.335251122713089,0.19863483309745789,0.1134244054555893,0.20288388431072235
w4600,2014-04-30 08:00:00,0.22674764692783356,0.21231359243392944,0.11045791953802109,0.2029014676809311
w4601,2014-04-30 09:00:00,0.18330642580986023,0.213332861661911,0.11020336300134659,0.20289862155914307
w4602,2014-04-30 10:00:00,0.25673210620880127,0.206376314163208,0.11081664264202118,0.20289231836795807
w4603,2014-04-30 11:00:00,0.3022668659687042,0.2122313231229782,0.11097294837236404,0.2028801143169403
w4604,2014-04-30 12:00:00,0.3120296895503998,0.19963020086288452,0.1105315163731575,0.2028605341911316
w4605,2014-04-30 13:00:00,0.3249392509460449,0.20642073452472687,0.10998557507991791,0.20283158123493195
w4606,2014-04-30 14:00:00,0.26999956369400024,0.2029741257429123,0.111051544547081,0.2027965784072876
w4607,2014-04-30 15:00:00,0.24788658320903778,0.21237783133983612,0.11131821572780609,0.20276135206222534
w4608,2014-04-30 16:00:00,0.21588134765625,0.20331883430480957,0.109956294298172,0.20273037254810333
w4609,2014-04-30 17:00:00,0.2481819987297058,0.20376498997211456,0.10930410772562027,0.2027035802602768
w4610,2014-04-30 18:00:00,0.28919658064842224,0.20388586819171906,0.10986410826444626,0.20268969237804413
w4611,2014-04-30 19:00:00,0.29417410492897034,0.19085747003555298,0.10999144613742828,0.20269179344177246
w4612,2014-04-30 20:00:00,0.22267287969589233,0.20393407344818115,0.11222893744707108,0.20271360874176025
w4613,2014-04-30 21:00:00,0.23683667182922363,0.20060312747955322,0.11015961319208145,0.2028631716966629
w4614,2014-04-30 22:00:00,0.2303818315267563,0.20366956293582916,0.11013148725032806,0.2031121551990509
w4615,2014-04-30 23:00:00,0.21144148707389832,0.199585422873497,0.11011799424886703,0.20301678776741028
w4616,2014-05-01 00:00:00,0.2552361488342285,0.19984157383441925,0.1116279885172844,0.203291118144989
w4617,2014-05-01 01:00:00,0.2787650227546692,0.20499807596206665,0.11393056809902191,0.2039002776145935
w4618,2014-05-01 02:00:00,0.3062622547149658,0.20426779985427856,0.11417154222726822,0.2041393369436264
w4619,2014-05-01 03:00:00,0.37705814838409424,0.2023657113313675,0.1145520731806755,0.20388473570346832
w4620,2014-05-01 04:00:00,0.3788827657699585,0.20068512856960297,0.1141168400645256,0.20356431603431702
w4621,2014-05-01 05:00:00,0.4227837026119232,0.20648816227912903,0.11427174508571625,0.20336765050888062
w4622,2014-05-01 06:00:00,0.4436398148536682,0.21238596737384796,0.11431268602609634,0.20357151329517365
w4623,2014-05-01 07:00:00,0.40198957920074463,0.20332549512386322,0.11703237146139145,0.2036629170179367
w4624,2014-05-01 08:00:00,0.2949061393737793,0.20843863487243652,0.11416438221931458,0.20367197692394257
w4625,2014-05-01 09:00:00,0.24583642184734344,0.2065955549478531,0.11405159533023834,0.20366951823234558
w4626,2014-05-01 10:00:00,0.2990114986896515,0.20241118967533112,0.11435852944850922,0.20366254448890686
w4627,2014-05-01 11:00:00,0.337862491607666,0.2081710547208786,0.11440368741750717,0.20364949107170105
w4628,2014-05-01 12:00:00,0.3336483836174011,0.2042357325553894,0.11382617056369781,0.20362795889377594
w4629,2014-05-01 13:00:00,0.32755982875823975,0.21292078495025635,0.11296195536851883,0.20359599590301514
w4630,2014-05-01 14:00:00,0.3016274571418762,0.20860831439495087,0.11394614726305008,0.2035544514656067
w4631,2014-05-01 15:00:00,0.3233714997768402,0.20080965757369995,0.11449265480041504,0.20350560545921326
w4632,2014-05-01 16:00:00,0.3497888147830963,0.20521706342697144,0.113714300096035,0.20345327258110046
w4633,2014-05-01 17:00:00,0.3847016394138336,0.2019193023443222,0.1130727156996727,0.2034064382314682
w4634,2014-05-01 18:00:00,0.418945848941803,0.1998296082019806,0.11357413232326508,0.2033732533454895
w4635,2014-05-01 19:00:00,0.4713265001773834,0.20369617640972137,0.11354170739650726,0.20336320996284485
w4636,2014-05-01 20:00:00,0.42007386684417725,0.19660694897174835,0.11501410603523254,0.20337170362472534
w4637,2014-05-01 21:00:00,0.5005488395690918,0.20275357365608215,0.1094217523932457,0.20333009958267212
w4638,2014-05-01 22:00:00,0.4823015034198761,0.21096234023571014,0.10127390921115875,0.20146822929382324
w4639,2014-05-01 23:00:00,0.43568265438079834,0.19369830191135406,0.0987129956483841,0.20297759771347046
w4640,2014-05-02 00:00:00,0.4832523763179779,0.21487630903720856,0.10551265627145767,0.2087651938199997
w4641,2014-05-02 01:00:00,0.4226793050765991,0.21045571565628052,0.11815195530653,0.2160460203886032
w4642,2014-05-02 02:00:00,0.40412336587905884,0.22275733947753906,0.13082239031791687,0.22077146172523499
w4643,2014-05-02 03:00:00,0.43649810552597046,0.22214168310165405,0.14133042097091675,0.2230408936738968
w4644,2014-05-02 04:00:00,0.33089685440063477,0.22225816547870636,0.13244612514972687,0.22535760700702667
w4645,2014-05-02 05:00:00,0.3021363615989685,0.23040811717510223,0.14174047112464905,0.22736604511737823
w4646,2014-05-02 06:00:00,0.33135542273521423,0.21760293841362,0.142377108335495,0.226864755153656
w4647,2014-05-02 07:00:00,0.35129687190055847,0.21836243569850922,0.1415003389120102,0.2269611358642578
w4648,2014-05-02 08:00:00,0.34711775183677673,0.23274162411689758,0.14029869437217712,0.2269512265920639
w4649,2014-05-02 09:00:00,0.3210487365722656,0.21067309379577637,0.14239829778671265,0.2269459366798401
w4650,2014-05-02 10:00:00,0.37077105045318604,0.20705685019493103,0.143966943025589,0.22693435847759247
w4651,2014-05-02 11:00:00,0.38668081164360046,0.23315024375915527,0.14539630711078644,0.2269163727760315
w4652,2014-05-02 12:00:00,0.4111280143260956,0.2306155562400818,0.14359813928604126,0.22689148783683777
w4653,2014-05-02 13:00:00,0.3991869390010834,0.22724294662475586,0.14118295907974243,0.22685915231704712
w4654,2014-05-02 14:00:00,0.338792085647583,0.23012638092041016,0.14001649618148804,0.22681957483291626
w4655,2014-05-02 15:00:00,0.3633570075035095,0.23370425403118134,0.13960975408554077,0.22677721083164215
w4656,2014-05-02 16:00:00,0.37673792243003845,0.2202479988336563,0.13969942927360535,0.2267410010099411
w4657,2014-05-02 17:00:00,0.3804391622543335,0.2333446592092514,0.1421949565410614,0.2267172634601593
w4658,2014-05-02 18:00:00,0.4139400124549866,0.22753220796585083,0.14448897540569305,0.226713627576828
w4659,2014-05-02 19:00:00,0.4400046765804291,0.2204791009426117,0.14579534530639648,0.2267330288887024
w4660,2014-05-02 20:00:00,0.41069766879081726,0.22351068258285522,0.1464255452156067,0.2267702966928482
w4661,2014-05-02 21:00:00,0.4596310257911682,0.22342735528945923,0.1494923233985901,0.22679345309734344
w4662,2014-05-02 22:00:00,0.4435396194458008,0.23617246747016907,0.15260891616344452,0.22603613138198853
w4663,2014-05-02 23:00:00,0.4446891248226166,0.22792403399944305,0.1578354835510254,0.22633737325668335
w4664,2014-05-03 00:00:00,0.4868437349796295,0.2281651496887207,0.16958996653556824,0.22979460656642914
w4665,2014-05-03 01:00:00,0.46879851818084717,0.23447053134441376,0.16618603467941284,0.23294483125209808
w4666,2014-05-03 02:00:00,0.4487864077091217,0.2331368625164032,0.16659140586853027,0.23801715672016144
w4667,2014-05-03 03:00:00,0.5195899605751038,0.2436845302581787,0.18704602122306824,0.24247418344020844
w4668,2014-05-03 04:00:00,0.4209985136985779,0.25243934988975525,0.17871488630771637,0.245498389005661
w4669,2014-05-03 05:00:00,0.4143069386482239,0.2413731962442398,0.189426451921463,0.246845081448555
w4670,2014-05-03 06:00:00,0.4544574022293091,0.25697019696235657,0.18882037699222565,0.24556387960910797
w4671,2014-05-03 07:00:00,0.47087955474853516,0.2575479745864868,0.18666835129261017,0.24574701488018036
w4672,2014-05-03 08:00:00,0.45701873302459717,0.239573135972023,0.18238820135593414,0.24573956429958344
w4673,2014-05-03 09:00:00,0.37953153252601624,0.2436007410287857,0.18488344550132751,0.24573145806789398
w4674,2014-05-03 10:00:00,0.38330525159835815,0.23162603378295898,0.18591485917568207,0.2457139790058136
w4675,2014-05-03 11:00:00,0.38174521923065186,0.24820852279663086,0.18720752000808716,0.24568574130535126
w4676,2014-05-03 12:00:00,0.4100150465965271,0.23146088421344757,0.18572375178337097,0.24564512073993683
w4677,2014-05-03 13:00:00,0.39365944266319275,0.23926036059856415,0.1835601031780243,0.24559232592582703
w4678,2014-05-03 14:00:00,0.33221012353897095,0.25476381182670593,0.18338192999362946,0.24553042650222778
w4679,2014-05-03 15:00:00,0.3435457646846771,0.23761630058288574,0.18353106081485748,0.2454679310321808
w4680,2014-05-03 16:00:00,0.36190304160118103,0.25780999660491943,0.1835767924785614,0.24541616439819336
w4681,2014-05-03 17:00:00,0.37064608931541443,0.2430996298789978,0.18617023527622223,0.24538066983222961
w4682,2014-05-03 18:00:00,0.40508773922920227,0.24401219189167023,0.18929146230220795,0.24537181854248047
w4683,2014-05-03 19:00:00,0.41959846019744873,0.2494521141052246,0.19158250093460083,0.24539214372634888
w4684,2014-05-03 20:00:00,0.3796890079975128,0.23578959703445435,0.19535091519355774,0.2454405426979065
w4685,2014-05-03 21:00:00,0.44740328192710876,0.2418438345193863,0.2011103332042694,0.245492085814476
w4686,2014-05-03 22:00:00,0.43393760919570923,0.24909533560276031,0.18476539850234985,0.24733532965183258
w4687,2014-05-03 23:00:00,0.461502343416214,0.2596718370914459,0.1388079822063446,0.24582645297050476
w4688,2014-05-04 00:00:00,0.5672942399978638,0.24165773391723633,0.11078499257564545,0.2460058480501175
w4689,2014-05-04 01:00:00,0.43679359555244446,0.2600417733192444,0.09108642488718033,0.24590669572353363
w4690,2014-05-04 02:00:00,0.4798917770385742,0.24316474795341492,0.07585898041725159,0.2459777444601059
w4691,2014-05-04 03:00:00,0.4905198812484741,0.24024350941181183,0.0772799551486969,0.2463649958372116
w4692,2014-05-04 04:00:00,0.4899035096168518,0.2540920674800873,0.06523974984884262,0.24662049114704132
w4693,2014-05-04 05:00:00,0.4500352144241333,0.24212752282619476,0.05219399183988571,0.24659936130046844
w4694,2014-05-04 06:00:00,0.4534851610660553,0.24644507467746735,0.046947650611400604,0.24651473760604858
w4695,2014-05-04 07:00:00,0.4587404429912567,0.23840051889419556,0.048751238733530045,0.24645301699638367
w4696,2014-05-04 08:00:00,0.44236934185028076,0.25289496779441833,0.046553440392017365,0.24645179510116577
w4697,2014-05-04 09:00:00,0.37372902035713196,0.22511982917785645,0.046899452805519104,0.24644368886947632
w4698,2014-05-04 10:00:00,0.3428786098957062,0.23762348294258118,0.0471612811088562,0.24642620980739594
w4699,2014-05-04 11:00:00,0.30839887261390686,0.2527870535850525,0.04653690755367279,0.2463979721069336
w4700,2014-05-04 12:00:00,0.3017517924308777,0.24875688552856445,0.04543089494109154,0.24635736644268036
w4701,2014-05-04 13:00:00,0.26371610164642334,0.258564829826355,0.04482567310333252,0.24630457162857056
w4702,2014-05-04 14:00:00,0.2593015432357788,0.2488928884267807,0.046085380017757416,0.24624265730381012
w4703,2014-05-04 15:00:00,0.2824198007583618,0.24519364535808563,0.04685515537858009,0.2461801916360855
w4704,2014-05-04 16:00:00,0.3184262216091156,0.23080293834209442,0.046310100704431534,0.2461283951997757
w4705,2014-05-04 17:00:00,0.4033372700214386,0.20948979258537292,0.045965299010276794,0.24609290063381195
w4706,2014-05-04 18:00:00,0.4708908796310425,0.2539132535457611,0.04640350118279457,0.2460840493440628
w4707,2014-05-04 19:00:00,0.4682459235191345,0.2541644275188446,0.046002209186553955,0.2461044043302536
w4708,2014-05-04 20:00:00,0.4417983889579773,0.23605257272720337,0.04680223762989044,0.24615277349948883
w4709,2014-05-04 21:00:00,0.5045276880264282,0.2381996512413025,0.04796786606311798,0.24630403518676758
w4710,2014-05-04 22:00:00,0.4856652021408081,0.26112550497055054,0.05179503932595253,0.24816863238811493
w4711,2014-05-04 23:00:00,0.46673521399497986,0.23561398684978485,0.0480274073779583,0.24703100323677063
w4712,2014-05-05 00:00:00,0.4734736680984497,0.25365757942199707,0.04726717993617058,0.24730120599269867
w4713,2014-05-05 01:00:00,0.4159707725048065,0.23907099664211273,0.048958972096443176,0.2472439408302307
w4714,2014-05-05 02:00:00,0.4468545913696289,0.2355927675962448,0.05081194266676903,0.24717964231967926
w4715,2014-05-05 03:00:00,0.4685959219932556,0.26289352774620056,0.051148250699043274,0.2473808377981186
w4716,2014-05-05 04:00:00,0.46175268292427063,0.2393273562192917,0.05035212263464928,0.2484082132577896
w4717,2014-05-05 05:00:00,0.4575265645980835,0.25774770975112915,0.05413278564810753,0.24853576719760895
w4718,2014-05-05 06:00:00,0.4454696476459503,0.2653149366378784,0.05440402030944824,0.24800331890583038
w4719,2014-05-05 07:00:00,0.47832924127578735,0.2630171477794647,0.05281400680541992,0.24820157885551453
w4720,2014-05-05 08:00:00,0.4744098484516144,0.25151219964027405,0.05252000316977501,0.24820838868618011
w4721,2014-05-05 09:00:00,0.39141523838043213,0.25813204050064087,0.053535375744104385,0.24820025265216827
w4722,2014-05-05 10:00:00,0.35123735666275024,0.2542993724346161,0.05316248908638954,0.24818280339241028
w4723,2014-05-05 11:00:00,0.3181907534599304,0.25211408734321594,0.05250033363699913,0.24815456569194794
w4724,2014-05-05 12:00:00,0.3041801452636719,0.24636922776699066,0.05034266412258148,0.2481139451265335
w4725,2014-05-05 13:00:00,0.2781064808368683,0.238397017121315,0.04997147247195244,0.2480611801147461
w4726,2014-05-05 14:00:00,0.28977879881858826,0.23341546952724457,0.05148959159851074,0.24799925088882446
w4727,2014-05-05 15:00:00,0.32784369587898254,0.24191635847091675,0.052557699382305145,0.24793678522109985
w4728,2014-05-05 16:00:00,0.3524145483970642,0.24562451243400574,0.05261097848415375,0.24788498878479004
w4729,2014-05-05 17:00:00,0.42182835936546326,0.2408115118741989,0.05278896540403366,0.2478494942188263
w4730,2014-05-05 18:00:00,0.49644914269447327,0.25435569882392883,0.05315615236759186,0.24784064292907715
w4731,2014-05-05 19:00:00,0.49146461486816406,0.26880401372909546,0.05240654572844505,0.24786096811294556
w4732,2014-05-05 20:00:00,0.4628446400165558,0.24905583262443542,0.052296750247478485,0.24790936708450317
w4733,2014-05-05 21:00:00,0.5236122012138367,0.25435537099838257,0.05154365301132202,0.24796803295612335
w4734,2014-05-05 22:00:00,0.4920985996723175,0.2627452313899994,0.061769597232341766,0.2468109130859375
w4735,2014-05-05 23:00:00,0.47121742367744446,0.26985085010528564,0.04894714057445526,0.24727317690849304
w4736,2014-05-06 00:00:00,0.4745515286922455,0.25904303789138794,0.0478123277425766,0.24737511575222015
w4737,2014-05-06 01:00:00,0.4193158745765686,0.2499290108680725,0.061709508299827576,0.2500021457672119
w4738,2014-05-06 02:00:00,0.4457390010356903,0.24288712441921234,0.06171635165810585,0.25159114599227905
w4739,2014-05-06 03:00:00,0.4719095826148987,0.2528018355369568,0.071229949593544,0.250618040561676
w4740,2014-05-06 04:00:00,0.4669467508792877,0.2323468029499054,0.060971710830926895,0.25059929490089417
w4741,2014-05-06 05:00:00,0.49641501903533936,0.25080135464668274,0.07331325113773346,0.2482134997844696
w4742,2014-05-06 06:00:00,0.45879098773002625,0.2590188980102539,0.06525625288486481,0.24886158108711243
w4743,2014-05-06 07:00:00,0.48981550335884094,0.26192793250083923,0.06483790278434753,0.24846869707107544
w4744,2014-05-06 08:00:00,0.4880256652832031,0.26252099871635437,0.06555060297250748,0.24844874441623688
w4745,2014-05-06 09:00:00,0.4061495065689087,0.22917461395263672,0.06737980246543884,0.24844063818454742
w4746,2014-05-06 10:00:00,0.3540390729904175,0.2482054978609085,0.06650209426879883,0.24842315912246704
w4747,2014-05-06 11:00:00,0.3188280463218689,0.257316529750824,0.06691903620958328,0.2483949363231659
w4748,2014-05-06 12:00:00,0.30801689624786377,0.24791495501995087,0.06523074209690094,0.24835433065891266
w4749,2014-05-06 13:00:00,0.30071112513542175,0.2512160837650299,0.06262668967247009,0.24830156564712524
w4750,2014-05-06 14:00:00,0.297198623418808,0.24544106423854828,0.06365790963172913,0.24823962152004242
w4751,2014-05-06 15:00:00,0.33291447162628174,0.25671660900115967,0.06480137258768082,0.24817712604999542
w4752,2014-05-06 16:00:00,0.3675135374069214,0.24106653034687042,0.06571035087108612,0.2481253743171692
w4753,2014-05-06 17:00:00,0.4365386962890625,0.2556103467941284,0.0665028989315033,0.24808986485004425
w4754,2014-05-06 18:00:00,0.5176489353179932,0.24197663366794586,0.06731980293989182,0.2480809986591339
w4755,2014-05-06 19:00:00,0.5280778408050537,0.249647855758667,0.06763399392366409,0.2481013387441635
w4756,2014-05-06 20:00:00,0.4618980586528778,0.25351598858833313,0.06667426973581314,0.24814973771572113
w4757,2014-05-06 21:00:00,0.49429988861083984,0.25803640484809875,0.06832308322191238,0.24823243916034698
w4758,2014-05-06 22:00:00,0.47018179297447205,0.24842752516269684,0.08976283669471741,0.2484392523765564
w4759,2014-05-06 23:00:00,0.47770383954048157,0.26532453298568726,0.07102814316749573,0.24711911380290985
w4760,2014-05-07 00:00:00,0.4693906605243683,0.2486746907234192,0.05913545563817024,0.24019378423690796
w4761,2014-05-07 01:00:00,0.3948551416397095,0.23256772756576538,0.06373649090528488,0.23294180631637573
w4762,2014-05-07 02:00:00,0.40257301926612854,0.2252001017332077,0.0651223361492157,0.22553321719169617
w4763,2014-05-07 03:00:00,0.42080965638160706,0.22437578439712524,0.07395565509796143,0.21998561918735504
w4764,2014-05-07 04:00:00,0.44896724820137024,0.2186792641878128,0.07815886288881302,0.21603965759277344
w4765,2014-05-07 05:00:00,0.46748897433280945,0.22310447692871094,0.08168657124042511,0.2147604376077652
w4766,2014-05-07 06:00:00,0.40821436047554016,0.21652567386627197,0.08384120464324951,0.21661582589149475
w4767,2014-05-07 07:00:00,0.44318458437919617,0.2133747935295105,0.08777007460594177,0.2168339639902115
w4768,2014-05-07 08:00:00,0.4568268954753876,0.2243039906024933,0.08465161919593811,0.216843843460083
w4769,2014-05-07 09:00:00,0.3840717673301697,0.21464362740516663,0.0849820151925087,0.2168377786874771
w4770,2014-05-07 10:00:00,0.346591591835022,0.21629899740219116,0.08477624505758286,0.21682503819465637
w4771,2014-05-07 11:00:00,0.319101482629776,0.22049090266227722,0.08440179377794266,0.21680434048175812
w4772,2014-05-07 12:00:00,0.3123270273208618,0.20935827493667603,0.08418352156877518,0.21677657961845398
w4773,2014-05-07 13:00:00,0.3126501441001892,0.22433096170425415,0.08292976021766663,0.21674178540706635
w4774,2014-05-07 14:00:00,0.3340124487876892,0.2162168025970459,0.08392419666051865,0.21670246124267578
w4775,2014-05-07 15:00:00,0.3490407168865204,0.21811909973621368,0.08485834300518036,0.2166678011417389
w4776,2014-05-07 16:00:00,0.3800109624862671,0.2160252332687378,0.08437559008598328,0.2166445106267929
w4777,2014-05-07 17:00:00,0.41838130354881287,0.22043956816196442,0.0835886299610138,0.21663427352905273
w4778,2014-05-07 18:00:00,0.4775375723838806,0.21490126848220825,0.0839829370379448,0.21664348244667053
w4779,2014-05-07 19:00:00,0.4885439872741699,0.20651030540466309,0.08403636515140533,0.2166735678911209
w4780,2014-05-07 20:00:00,0.44296661019325256,0.21684202551841736,0.08476021885871887,0.21672289073467255
w4781,2014-05-07 21:00:00,0.43029582500457764,0.21119779348373413,0.08793075382709503,0.21679918467998505
w4782,2014-05-07 22:00:00,0.41831403970718384,0.2101086974143982,0.0924355536699295,0.21732360124588013
w4783,2014-05-07 23:00:00,0.4179384708404541,0.21726933121681213,0.08873069286346436,0.21664921939373016
w4784,2014-05-08 00:00:00,0.4305427372455597,0.21097910404205322,0.09250414371490479,0.21356624364852905
w4785,2014-05-08 01:00:00,0.38007205724716187,0.2079269289970398,0.09208788722753525,0.20973286032676697
w4786,2014-05-08 02:00:00,0.38470664620399475,0.21146588027477264,0.09291104972362518,0.2069949507713318
w4787,2014-05-08 03:00:00,0.41129791736602783,0.20884251594543457,0.09332862496376038,0.20564958453178406
w4788,2014-05-08 04:00:00,0.459746778011322,0.19555629789829254,0.09318113327026367,0.20447802543640137
w4789,2014-05-08 05:00:00,0.49003517627716064,0.20670968294143677,0.09505970031023026,0.2019985467195511
w4790,2014-05-08 06:00:00,0.4187847673892975,0.18566758930683136,0.09626776725053787,0.2022237777709961
w4791,2014-05-08 07:00:00,0.4460722506046295,0.20005959272384644,0.10019282251596451,0.20226065814495087
w4792,2014-05-08 08:00:00,0.4436209201812744,0.19710606336593628,0.09609182924032211,0.20226508378982544
w4793,2014-05-08 09:00:00,0.3711123466491699,0.21684874594211578,0.0961376428604126,0.20226076245307922
w4794,2014-05-08 10:00:00,0.3430585265159607,0.20252524316310883,0.09603662043809891,0.20225071907043457
w4795,2014-05-08 11:00:00,0.31807002425193787,0.2087898552417755,0.0960555449128151,0.2022312432527542
w4796,2014-05-08 12:00:00,0.311924010515213,0.19388951361179352,0.09615626186132431,0.20220251381397247
w4797,2014-05-08 13:00:00,0.31952688097953796,0.19834931194782257,0.09484384953975677,0.20216237008571625
w4798,2014-05-08 14:00:00,0.3340926766395569,0.21027490496635437,0.09598168730735779,0.2021133005619049
w4799,2014-05-08 15:00:00,0.34084847569465637,0.1994878202676773,0.09657275676727295,0.20205987989902496
w4800,2014-05-08 16:00:00,0.3671182096004486,0.20181603729724884,0.09572435915470123,0.20201362669467926
w4801,2014-05-08 17:00:00,0.3896823525428772,0.19154135882854462,0.09489524364471436,0.20197762548923492
w4802,2014-05-08 18:00:00,0.4587048292160034,0.20447656512260437,0.09516717493534088,0.20195789635181427
w4803,2014-05-08 19:00:00,0.47971615195274353,0.20236417651176453,0.0952257290482521,0.20196183025836945
w4804,2014-05-08 20:00:00,0.43959370255470276,0.20883093774318695,0.09663089364767075,0.20198926329612732
w4805,2014-05-08 21:00:00,0.4223872125148773,0.20282907783985138,0.09889568388462067,0.20205901563167572
w4806,2014-05-08 22:00:00,0.4132753014564514,0.19922880828380585,0.09733632206916809,0.20391100645065308
w4807,2014-05-08 23:00:00,0.4091678857803345,0.19762010872364044,0.09773511439561844,0.20240576565265656
w4808,2014-05-09 00:00:00,0.43169838190078735,0.20371092855930328,0.10082828998565674,0.20224428176879883
w4809,2014-05-09 01:00:00,0.3908318281173706,0.19573034346103668,0.10243615508079529,0.20222267508506775
w4810,2014-05-09 02:00:00,0.3865838944911957,0.2027628868818283,0.10072716325521469,0.20221751928329468
w4811,2014-05-09 03:00:00,0.4071114957332611,0.2072157859802246,0.09872479736804962,0.20302186906337738
w4812,2014-05-09 04:00:00,0.4425368309020996,0.2022167444229126,0.09891005605459213,0.20329910516738892
w4813,2014-05-09 05:00:00,0.45071157813072205,0.19614604115486145,0.0999327078461647,0.20511600375175476
w4814,2014-05-09 06:00:00,0.4184182584285736,0.2092018723487854,0.09820238500833511,0.204408198595047
w4815,2014-05-09 07:00:00,0.4546779990196228,0.20414848625659943,0.09785117208957672,0.20480404794216156
w4816,2014-05-09 08:00:00,0.3929162323474884,0.2123081386089325,0.09762255102396011,0.20482562482357025
w4817,2014-05-09 09:00:00,0.3195449411869049,0.20406821370124817,0.09846606850624084,0.20482137799263
w4818,2014-05-09 10:00:00,0.2986443042755127,0.20402680337429047,0.09893164038658142,0.20481033623218536
w4819,2014-05-09 11:00:00,0.27712345123291016,0.206589937210083,0.09777022153139114,0.2047906070947647
w4820,2014-05-09 12:00:00,0.2762712240219116,0.198136568069458,0.0963716059923172,0.20476192235946655
w4821,2014-05-09 13:00:00,0.3085901439189911,0.20894819498062134,0.09605652838945389,0.20472599565982819
w4822,2014-05-09 14:00:00,0.3071594536304474,0.20710308849811554,0.09794186055660248,0.2046860009431839
w4823,2014-05-09 15:00:00,0.3148046135902405,0.19500833749771118,0.09832538664340973,0.20464450120925903
w4824,2014-05-09 16:00:00,0.3483147919178009,0.22339683771133423,0.09804574400186539,0.2046108841896057
w4825,2014-05-09 17:00:00,0.36341607570648193,0.19999830424785614,0.09806924313306808,0.20459122955799103
w4826,2014-05-09 18:00:00,0.4239504635334015,0.19646626710891724,0.09846477955579758,0.20458558201789856
w4827,2014-05-09 19:00:00,0.44997262954711914,0.19918078184127808,0.09828560054302216,0.20460182428359985
w4828,2014-05-09 20:00:00,0.4047638475894928,0.20256543159484863,0.09792403876781464,0.20463605225086212
w4829,2014-05-09 21:00:00,0.3807332217693329,0.20543739199638367,0.09300318360328674,0.2046995908021927
w4830,2014-05-09 22:00:00,0.367565780878067,0.20543569326400757,0.08962076157331467,0.20474261045455933
w4831,2014-05-09 23:00:00,0.3441365659236908,0.22690020501613617,0.08955088257789612,0.20542074739933014
w4832,2014-05-10 00:00:00,0.34800606966018677,0.20515812933444977,0.09569434076547623,0.2112431824207306
w4833,2014-05-10 01:00:00,0.29914963245391846,0.2150184065103531,0.11079040914773941,0.21755465865135193
w4834,2014-05-10 02:00:00,0.30372774600982666,0.22898104786872864,0.1275574415922165,0.2240711897611618
w4835,2014-05-10 03:00:00,0.29826444387435913,0.2275688350200653,0.13795171678066254,0.22893854975700378
w4836,2014-05-10 04:00:00,0.30891576409339905,0.23330987989902496,0.16632555425167084,0.23242706060409546
w4837,2014-05-10 05:00:00,0.36710861325263977,0.21523386240005493,0.16994024813175201,0.23339329659938812
w4838,2014-05-10 06:00:00,0.34594303369522095,0.23432540893554688,0.16786809265613556,0.23174349963665009
w4839,2014-05-10 07:00:00,0.32264983654022217,0.22714191675186157,0.16758912801742554,0.23159323632717133
w4840,2014-05-10 08:00:00,0.3068588376045227,0.2477307915687561,0.16797059774398804,0.23158730566501617
w4841,2014-05-10 09:00:00,0.2752769887447357,0.22927792370319366,0.16757962107658386,0.23158089816570282
w4842,2014-05-10 10:00:00,0.276845782995224,0.2281346321105957,0.16680626571178436,0.23156648874282837
w4843,2014-05-10 11:00:00,0.27943143248558044,0.23226302862167358,0.1664789468050003,0.23154312372207642
w4844,2014-05-10 12:00:00,0.26720359921455383,0.23633021116256714,0.16607719659805298,0.23150812089443207
w4845,2014-05-10 13:00:00,0.29585275053977966,0.21798570454120636,0.165918231010437,0.23146158456802368
w4846,2014-05-10 14:00:00,0.3326161205768585,0.2517789304256439,0.1662316918373108,0.23140406608581543
w4847,2014-05-10 15:00:00,0.3580038845539093,0.23096847534179688,0.16664642095565796,0.23134347796440125
w4848,2014-05-10 16:00:00,0.3901732265949249,0.23107562959194183,0.16718074679374695,0.2312926948070526
w4849,2014-05-10 17:00:00,0.36953115463256836,0.2247195541858673,0.168039932847023,0.23126152157783508
w4850,2014-05-10 18:00:00,0.36891278624534607,0.22325879335403442,0.16885556280612946,0.2312544733285904
w4851,2014-05-10 19:00:00,0.3757404088973999,0.23667055368423462,0.1706385314464569,0.2312765121459961
w4852,2014-05-10 20:00:00,0.35091930627822876,0.23371951282024384,0.17291219532489777,0.23132197558879852
w4853,2014-05-10 21:00:00,0.29368162155151367,0.23026710748672485,0.17738816142082214,0.23137784004211426
w4854,2014-05-10 22:00:00,0.316983163356781,0.23216401040554047,0.1858646273612976,0.23136752843856812
w4855,2014-05-10 23:00:00,0.3300718665122986,0.2271297574043274,0.1910935640335083,0.23103904724121094
w4856,2014-05-11 00:00:00,0.30991631746292114,0.22480951249599457,0.14460529386997223,0.23328107595443726
w4857,2014-05-11 01:00:00,0.2937973737716675,0.23212994635105133,0.14703990519046783,0.23661623895168304
w4858,2014-05-11 02:00:00,0.26573842763900757,0.24388271570205688,0.13765133917331696,0.23896776139736176
w4859,2014-05-11 03:00:00,0.2943922281265259,0.2417394369840622,0.12511233985424042,0.24001444876194
w4860,2014-05-11 04:00:00,0.30098220705986023,0.24394117295742035,0.11247960478067398,0.2409701943397522
w4861,2014-05-11 05:00:00,0.3281833529472351,0.24882984161376953,0.09309221059083939,0.24321073293685913
w4862,2014-05-11 06:00:00,0.3744579553604126,0.23560360074043274,0.09398601949214935,0.24315373599529266
w4863,2014-05-11 07:00:00,0.314656138420105,0.24707740545272827,0.08591575175523758,0.24316056072711945
w4864,2014-05-11 08:00:00,0.3114469647407532,0.2564202547073364,0.08794476091861725,0.24315935373306274
w4865,2014-05-11 09:00:00,0.3039547801017761,0.2454235851764679,0.09041339159011841,0.2431512475013733
w4866,2014-05-11 10:00:00,0.32683372497558594,0.237238347530365,0.09114804863929749,0.2431337535381317
w4867,2014-05-11 11:00:00,0.3406258523464203,0.2506382167339325,0.08976307511329651,0.24310551583766937
w4868,2014-05-11 12:00:00,0.3347731828689575,0.24827559292316437,0.0885486751794815,0.24306493997573853
w4869,2014-05-11 13:00:00,0.3413130044937134,0.24438002705574036,0.08430007845163345,0.24301211535930634
w4870,2014-05-11 14:00:00,0.3754764497280121,0.23672077059745789,0.08283110707998276,0.2429502010345459
w4871,2014-05-11 15:00:00,0.3991541862487793,0.2598229646682739,0.08556592464447021,0.2428877055644989
w4872,2014-05-11 16:00:00,0.4241162836551666,0.22548161447048187,0.0875881016254425,0.24283593893051147
w4873,2014-05-11 17:00:00,0.43172433972358704,0.2556126117706299,0.08979147672653198,0.24280044436454773
w4874,2014-05-11 18:00:00,0.40015193819999695,0.2617926597595215,0.0908476933836937,0.24279159307479858
w4875,2014-05-11 19:00:00,0.39392539858818054,0.25185251235961914,0.09145233035087585,0.242811918258667
w4876,2014-05-11 20:00:00,0.3977554440498352,0.25569069385528564,0.09188781678676605,0.2428603172302246
w4877,2014-05-11 21:00:00,0.329000324010849,0.2481653094291687,0.09480483084917068,0.2429332435131073
w4878,2014-05-11 22:00:00,0.34044817090034485,0.25458526611328125,0.09965339303016663,0.24299049377441406
w4879,2014-05-11 23:00:00,0.36135488748550415,0.24523575603961945,0.08524376153945923,0.2425491064786911
w4880,2014-05-12 00:00:00,0.3324316740036011,0.24070188403129578,0.06211341917514801,0.24252907931804657
w4881,2014-05-12 01:00:00,0.27642565965652466,0.2419428825378418,0.05864863097667694,0.24225455522537231
w4882,2014-05-12 02:00:00,0.25591930747032166,0.2324623018503189,0.05472017824649811,0.24221962690353394
w4883,2014-05-12 03:00:00,0.2976454198360443,0.24211618304252625,0.05283166840672493,0.24201130867004395
w4884,2014-05-12 04:00:00,0.3121323883533478,0.23884481191635132,0.06563849002122879,0.24222850799560547
w4885,2014-05-12 05:00:00,0.36660587787628174,0.24383343756198883,0.05177627503871918,0.24236848950386047
w4886,2014-05-12 06:00:00,0.3572044372558594,0.2420048713684082,0.05114048719406128,0.24267561733722687
w4887,2014-05-12 07:00:00,0.32015281915664673,0.23345685005187988,0.05209919065237045,0.24271631240844727
w4888,2014-05-12 08:00:00,0.3300215005874634,0.2441544532775879,0.05064225569367409,0.2427159696817398
w4889,2014-05-12 09:00:00,0.33770787715911865,0.24043075740337372,0.052472904324531555,0.24270789325237274
w4890,2014-05-12 10:00:00,0.36485275626182556,0.24251434206962585,0.05194564163684845,0.24269039928913116
w4891,2014-05-12 11:00:00,0.38986313343048096,0.24609433114528656,0.050623584538698196,0.24266216158866882
w4892,2014-05-12 12:00:00,0.393783301115036,0.24304832518100739,0.04883034527301788,0.2426215559244156
w4893,2014-05-12 13:00:00,0.4045100808143616,0.23756840825080872,0.047199562191963196,0.2425687611103058
w4894,2014-05-12 14:00:00,0.4327732026576996,0.24150967597961426,0.048442866653203964,0.24250684678554535
w4895,2014-05-12 15:00:00,0.4458557367324829,0.24170534312725067,0.04992853105068207,0.24244435131549835
w4896,2014-05-12 16:00:00,0.4668051302433014,0.23626010119915009,0.050745174288749695,0.24239259958267212
w4897,2014-05-12 17:00:00,0.48237308859825134,0.2534986436367035,0.05105458199977875,0.24235709011554718
w4898,2014-05-12 18:00:00,0.43037208914756775,0.2548004388809204,0.05143909156322479,0.24234822392463684
w4899,2014-05-12 19:00:00,0.43418577313423157,0.2486017495393753,0.05120910704135895,0.24236856400966644
w4900,2014-05-12 20:00:00,0.43065425753593445,0.2523440718650818,0.05073026195168495,0.24241696298122406
w4901,2014-05-12 21:00:00,0.3547351360321045,0.24347567558288574,0.052292350679636,0.24249345064163208
w4902,2014-05-12 22:00:00,0.35525164008140564,0.23570667207241058,0.06532183289527893,0.24263708293437958
w4903,2014-05-12 23:00:00,0.3634199798107147,0.23608583211898804,0.05625498294830322,0.24199716746807098
w4904,2014-05-13 00:00:00,0.365911066532135,0.2475181370973587,0.04594288393855095,0.241926372051239
w4905,2014-05-13 01:00:00,0.32000231742858887,0.2528735399246216,0.04844401776790619,0.24183528125286102
w4906,2014-05-13 02:00:00,0.27687233686447144,0.2458016276359558,0.04889508709311485,0.24177098274230957
w4907,2014-05-13 03:00:00,0.2820310592651367,0.24619266390800476,0.05301521718502045,0.24153147637844086
w4908,2014-05-13 04:00:00,0.31865835189819336,0.23216363787651062,0.054860807955265045,0.2411975860595703
w4909,2014-05-13 05:00:00,0.3479372262954712,0.22926180064678192,0.05348070338368416,0.24092181026935577
w4910,2014-05-13 06:00:00,0.3331183195114136,0.23388290405273438,0.05257391184568405,0.24099212884902954
w4911,2014-05-13 07:00:00,0.34976744651794434,0.22689734399318695,0.053980931639671326,0.24102121591567993
w4912,2014-05-13 08:00:00,0.3819335401058197,0.22554482519626617,0.05272827669978142,0.24102264642715454
w4913,2014-05-13 09:00:00,0.3889058232307434,0.24721571803092957,0.054483648389577866,0.2410145401954651
w4914,2014-05-13 10:00:00,0.41523921489715576,0.22393488883972168,0.053938910365104675,0.2409970462322235
w4915,2014-05-13 11:00:00,0.4440286457538605,0.24680458009243011,0.052776481956243515,0.24096883833408356
w4916,2014-05-13 12:00:00,0.4507213234901428,0.24027596414089203,0.05120246484875679,0.24092823266983032
w4917,2014-05-13 13:00:00,0.4634133577346802,0.25199955701828003,0.04964195191860199,0.24087542295455933
w4918,2014-05-13 14:00:00,0.48403501510620117,0.2391078770160675,0.050566572695970535,0.24081352353096008
w4919,2014-05-13 15:00:00,0.49224603176116943,0.25105202198028564,0.052062902599573135,0.24075105786323547
w4920,2014-05-13 16:00:00,0.5112026929855347,0.24856914579868317,0.05277310311794281,0.24069926142692566
w4921,2014-05-13 17:00:00,0.5277751088142395,0.2467680722475052,0.05310054123401642,0.24066376686096191
w4922,2014-05-13 18:00:00,0.4581502377986908,0.24212895333766937,0.05345271900296211,0.24065488576889038
w4923,2014-05-13 19:00:00,0.45719772577285767,0.23227852582931519,0.05345163121819496,0.24067524075508118
w4924,2014-05-13 20:00:00,0.4555264711380005,0.2361598014831543,0.05297958478331566,0.2407236397266388
w4925,2014-05-13 21:00:00,0.383945107460022,0.25562307238578796,0.05456432327628136,0.24080011248588562
w4926,2014-05-13 22:00:00,0.3777029514312744,0.2321539670228958,0.06665173918008804,0.2406819611787796
w4927,2014-05-13 23:00:00,0.3946446180343628,0.25206899642944336,0.06007393077015877,0.23974378407001495
w4928,2014-05-14 00:00:00,0.4078375995159149,0.25357329845428467,0.04727257788181305,0.23798497021198273
w4929,2014-05-14 01:00:00,0.3708905577659607,0.24786005914211273,0.049681827425956726,0.23568055033683777
w4930,2014-05-14 02:00:00,0.3065246343612671,0.22642019391059875,0.05169776454567909,0.2331216037273407
w4931,2014-05-14 03:00:00,0.2959570288658142,0.22330951690673828,0.05654577538371086,0.22809754312038422
w4932,2014-05-14 04:00:00,0.3324187099933624,0.2201780527830124,0.059790149331092834,0.22441965341567993
w4933,2014-05-14 05:00:00,0.3412942588329315,0.2336651235818863,0.05992856249213219,0.2243557572364807
w4934,2014-05-14 06:00:00,0.3289434015750885,0.21425408124923706,0.05968539044260979,0.22448484599590302
w4935,2014-05-14 07:00:00,0.3706616461277008,0.22680160403251648,0.06247684732079506,0.22448989748954773
w4936,2014-05-14 08:00:00,0.4104212522506714,0.2195228934288025,0.05990200489759445,0.22449401021003723
w4937,2014-05-14 09:00:00,0.4182949364185333,0.24301078915596008,0.0610506534576416,0.22448590397834778
w4938,2014-05-14 10:00:00,0.4400070011615753,0.23111476004123688,0.0607667900621891,0.224468395113945
w4939,2014-05-14 11:00:00,0.460430771112442,0.22006791830062866,0.060019560158252716,0.22444020211696625
w4940,2014-05-14 12:00:00,0.45805084705352783,0.2245706468820572,0.059019725769758224,0.22439956665039062
w4941,2014-05-14 13:00:00,0.46271365880966187,0.2136816829442978,0.05769456923007965,0.2243468016386032
w4942,2014-05-14 14:00:00,0.47301870584487915,0.21401111781597137,0.05844822898507118,0.22428485751152039
w4943,2014-05-14 15:00:00,0.48183563351631165,0.235373392701149,0.05973172187805176,0.22422239184379578
w4944,2014-05-14 16:00:00,0.4999410808086395,0.23543256521224976,0.05977641046047211,0.22417062520980835
w4945,2014-05-14 17:00:00,0.5199597477912903,0.20744845271110535,0.05978231877088547,0.22413510084152222
w4946,2014-05-14 18:00:00,0.44999778270721436,0.21113795042037964,0.06015092134475708,0.22412623465061188
w4947,2014-05-14 19:00:00,0.4475463330745697,0.22639478743076324,0.060317263007164,0.22414657473564148
w4948,2014-05-14 20:00:00,0.4592682421207428,0.2208302915096283,0.06043030694127083,0.22419500350952148
w4949,2014-05-14 21:00:00,0.3975435495376587,0.2448417842388153,0.06225477159023285,0.22427770495414734
w4950,2014-05-14 22:00:00,0.38367706537246704,0.2182711958885193,0.06808421015739441,0.2242361158132553
w4951,2014-05-14 23:00:00,0.3973958194255829,0.2311156839132309,0.06634821742773056,0.2243938446044922
w4952,2014-05-15 00:00:00,0.3990890085697174,0.2441408336162567,0.06478358060121536,0.22010743618011475
w4953,2014-05-15 01:00:00,0.34567883610725403,0.20560318231582642,0.06659355014562607,0.2162868082523346
w4954,2014-05-15 02:00:00,0.28996148705482483,0.21541525423526764,0.0708138644695282,0.21101239323616028
w4955,2014-05-15 03:00:00,0.28817254304885864,0.18317309021949768,0.07509957253932953,0.20688308775424957
w4956,2014-05-15 04:00:00,0.3229686915874481,0.20074623823165894,0.07790794223546982,0.2038506716489792
w4957,2014-05-15 05:00:00,0.32742083072662354,0.19965478777885437,0.07830969244241714,0.20286796987056732
w4958,2014-05-15 06:00:00,0.3154256045818329,0.19261489808559418,0.07930392026901245,0.20369860529899597
w4959,2014-05-15 07:00:00,0.3583032190799713,0.21342849731445312,0.08227169513702393,0.20368529856204987
w4960,2014-05-15 08:00:00,0.41423749923706055,0.19693954288959503,0.0792340412735939,0.2036871463060379
w4961,2014-05-15 09:00:00,0.4229850769042969,0.21146006882190704,0.08008497208356857,0.20368073880672455
w4962,2014-05-15 10:00:00,0.42905479669570923,0.2098480761051178,0.07993155717849731,0.2036672979593277
w4963,2014-05-15 11:00:00,0.43138498067855835,0.20811016857624054,0.07947362959384918,0.20364417135715485
w4964,2014-05-15 12:00:00,0.4069685935974121,0.20505398511886597,0.07885059714317322,0.2036099135875702
w4965,2014-05-15 13:00:00,0.3952537775039673,0.20498180389404297,0.07769456505775452,0.20356358587741852
w4966,2014-05-15 14:00:00,0.3993176221847534,0.1896967887878418,0.07848460972309113,0.20350663363933563
w4967,2014-05-15 15:00:00,0.415033757686615,0.21924805641174316,0.07951847463846207,0.20344828069210052
w4968,2014-05-15 16:00:00,0.4423584043979645,0.21226593852043152,0.07921075820922852,0.20339807868003845
w4969,2014-05-15 17:00:00,0.4670770466327667,0.20636717975139618,0.07894989848136902,0.20336085557937622
w4970,2014-05-15 18:00:00,0.40486863255500793,0.1908833384513855,0.07932670414447784,0.20334655046463013
w4971,2014-05-15 19:00:00,0.4180974066257477,0.2236534208059311,0.07956799864768982,0.20336124300956726
w4972,2014-05-15 20:00:00,0.4476254880428314,0.2145586758852005,0.07979007065296173,0.20340706408023834
w4973,2014-05-15 21:00:00,0.38885068893432617,0.20484550297260284,0.0809723287820816,0.2034815400838852
w4974,2014-05-15 22:00:00,0.35788705945014954,0.20111550390720367,0.08208017796278,0.20365388691425323
w4975,2014-05-15 23:00:00,0.3679806590080261,0.2022886872291565,0.0802060216665268,0.20311087369918823
w4976,2014-05-16 00:00:00,0.33501142263412476,0.19976240396499634,0.08240510523319244,0.20285847783088684
w4977,2014-05-16 01:00:00,0.2662726938724518,0.19360215961933136,0.08201514184474945,0.20300330221652985
w4978,2014-05-16 02:00:00,0.24692106246948242,0.20434534549713135,0.08104435354471207,0.20297639071941376
w4979,2014-05-16 03:00:00,0.2646501958370209,0.1990690529346466,0.08167421072721481,0.20331022143363953
w4980,2014-05-16 04:00:00,0.29186105728149414,0.190074622631073,0.08181868493556976,0.2033885270357132
w4981,2014-05-16 05:00:00,0.3214156925678253,0.20476043224334717,0.08303127437829971,0.2025589942932129
w4982,2014-05-16 06:00:00,0.30572494864463806,0.19288355112075806,0.08262760192155838,0.2026631385087967
w4983,2014-05-16 07:00:00,0.27977555990219116,0.19727905094623566,0.08477665483951569,0.2026730179786682
w4984,2014-05-16 08:00:00,0.33132585883140564,0.20679394900798798,0.08223079144954681,0.2026725560426712
w4985,2014-05-16 09:00:00,0.34168675541877747,0.18613630533218384,0.08346319943666458,0.20266613364219666
w4986,2014-05-16 10:00:00,0.33843857049942017,0.20873677730560303,0.08328047394752502,0.20265091955661774
w4987,2014-05-16 11:00:00,0.33409589529037476,0.20023229718208313,0.08248721063137054,0.20262350142002106
w4988,2014-05-16 12:00:00,0.28954336047172546,0.20575584471225739,0.08167463541030884,0.20258329808712006
w4989,2014-05-16 13:00:00,0.2720678746700287,0.18663078546524048,0.08033470809459686,0.20253048837184906
w4990,2014-05-16 14:00:00,0.26851606369018555,0.20118001103401184,0.08115207403898239,0.2024700939655304
w4991,2014-05-16 15:00:00,0.32599005103111267,0.197730153799057,0.08242347836494446,0.20240569114685059
w4992,2014-05-16 16:00:00,0.3649330139160156,0.20696043968200684,0.08231784403324127,0.20234881341457367
w4993,2014-05-16 17:00:00,0.3915307819843292,0.19422851502895355,0.08220680803060532,0.20230868458747864
w4994,2014-05-16 18:00:00,0.35451263189315796,0.197054922580719,0.082674041390419,0.20229314267635345
w4995,2014-05-16 19:00:00,0.3711250126361847,0.2032591849565506,0.08268240094184875,0.20230641961097717
w4996,2014-05-16 20:00:00,0.42180025577545166,0.23284265398979187,0.08232096582651138,0.2023482471704483
w4997,2014-05-16 21:00:00,0.3622966706752777,0.20602256059646606,0.08176277577877045,0.2024189829826355
w4998,2014-05-16 22:00:00,0.3170699179172516,0.19749672710895538,0.07953650504350662,0.20273488759994507
w4999,2014-05-16 23:00:00,0.33771640062332153,0.21787376701831818,0.08279005438089371,0.20419305562973022
w5000,2014-05-17 00:00:00,0.3213234841823578,0.203111469745636,0.08306661248207092,0.20484164357185364
w5001,2014-05-17 01:00:00,0.29711055755615234,0.1936107575893402,0.08394318073987961,0.2046223282814026
w5002,2014-05-17 02:00:00,0.3044161796569824,0.21606212854385376,0.08889678865671158,0.20142947137355804
w5003,2014-05-17 03:00:00,0.26381081342697144,0.2222551703453064,0.08988542854785919,0.20597894489765167
w5004,2014-05-17 04:00:00,0.26601558923721313,0.2075660228729248,0.09494613856077194,0.20943869650363922
w5005,2014-05-17 05:00:00,0.32676807045936584,0.20961317420005798,0.11144451051950455,0.20727545022964478
w5006,2014-05-17 06:00:00,0.29183951020240784,0.2081117033958435,0.10163508355617523,0.20813725888729095
w5007,2014-05-17 07:00:00,0.2524510622024536,0.20967741310596466,0.10001228749752045,0.2082161009311676
w5008,2014-05-17 08:00:00,0.29080653190612793,0.19832336902618408,0.1015225276350975,0.20821410417556763
w5009,2014-05-17 09:00:00,0.25715339183807373,0.21046383678913116,0.10376476496458054,0.20820944011211395
w5010,2014-05-17 10:00:00,0.2352548986673355,0.2156577706336975,0.10282167047262192,0.20819908380508423
w5011,2014-05-17 11:00:00,0.25176334381103516,0.19790658354759216,0.10149381309747696,0.2081807553768158
w5012,2014-05-17 12:00:00,0.24131792783737183,0.19236567616462708,0.10018081218004227,0.20815213024616241
w5013,2014-05-17 13:00:00,0.22667023539543152,0.20281168818473816,0.10022605210542679,0.20811159908771515
w5014,2014-05-17 14:00:00,0.21974799036979675,0.2109801173210144,0.10004205256700516,0.2080584168434143
w5015,2014-05-17 15:00:00,0.28173601627349854,0.1932711899280548,0.10037122666835785,0.20800025761127472
w5016,2014-05-17 16:00:00,0.3335988223552704,0.21902748942375183,0.10162743926048279,0.20794793963432312
w5017,2014-05-17 17:00:00,0.3651256859302521,0.21206951141357422,0.10349193215370178,0.2079101949930191
w5018,2014-05-17 18:00:00,0.37259647250175476,0.20586857199668884,0.10321495682001114,0.20789211988449097
w5019,2014-05-17 19:00:00,0.4112936556339264,0.21085256338119507,0.10262706875801086,0.207902729511261
w5020,2014-05-17 20:00:00,0.42626309394836426,0.20095165073871613,0.10291477292776108,0.20794183015823364
w5021,2014-05-17 21:00:00,0.4079417586326599,0.2063853144645691,0.10263508558273315,0.20800800621509552
w5022,2014-05-17 22:00:00,0.38153892755508423,0.21874071657657623,0.10418155789375305,0.20841407775878906
w5023,2014-05-17 23:00:00,0.4018436670303345,0.20131129026412964,0.11279851943254471,0.2091061770915985
w5024,2014-05-18 00:00:00,0.40372365713119507,0.21824420988559723,0.11205078661441803,0.20914126932621002
w5025,2014-05-18 01:00:00,0.37442314624786377,0.19716718792915344,0.11561581492424011,0.20702290534973145
w5026,2014-05-18 02:00:00,0.35695913434028625,0.21736983954906464,0.1305694282054901,0.2121642678976059
w5027,2014-05-18 03:00:00,0.3706606924533844,0.20017944276332855,0.13282422721385956,0.21537384390830994
w5028,2014-05-18 04:00:00,0.3341740071773529,0.21050217747688293,0.11836062371730804,0.21783018112182617
w5029,2014-05-18 05:00:00,0.32923346757888794,0.22000116109848022,0.1297597736120224,0.21875989437103271
w5030,2014-05-18 06:00:00,0.2728368937969208,0.20141449570655823,0.1197771206498146,0.21780726313591003
w5031,2014-05-18 07:00:00,0.3134273290634155,0.20327973365783691,0.11933416873216629,0.21779696643352509
w5032,2014-05-18 08:00:00,0.3060746192932129,0.22181391716003418,0.1202358528971672,0.21779367327690125
w5033,2014-05-18 09:00:00,0.3164046108722687,0.20892870426177979,0.1227584183216095,0.21778936684131622
w5034,2014-05-18 10:00:00,0.3066271245479584,0.2223060429096222,0.12217259407043457,0.21777988970279694
w5035,2014-05-18 11:00:00,0.33158037066459656,0.2202574759721756,0.12164293229579926,0.21776162087917328
w5036,2014-05-18 12:00:00,0.3206388056278229,0.22282536327838898,0.12140657007694244,0.21773286163806915
w5037,2014-05-18 13:00:00,0.3302587866783142,0.21203725039958954,0.12088901549577713,0.21769288182258606
w5038,2014-05-18 14:00:00,0.31060028076171875,0.20792286098003387,0.11934822052717209,0.21764391660690308
w5039,2014-05-18 15:00:00,0.30463898181915283,0.20007330179214478,0.11913350224494934,0.2175886034965515
w5040,2014-05-18 16:00:00,0.3948301374912262,0.21358677744865417,0.12059219926595688,0.21753746271133423
w5041,2014-05-18 17:00:00,0.4306347668170929,0.21758070588111877,0.12184132635593414,0.21749714016914368
w5042,2014-05-18 18:00:00,0.4413573443889618,0.21957546472549438,0.12244758009910583,0.21747441589832306
w5043,2014-05-18 19:00:00,0.4706733524799347,0.22092744708061218,0.12339283525943756,0.21747659146785736
w5044,2014-05-18 20:00:00,0.5130865573883057,0.20660611987113953,0.1247159093618393,0.21751025319099426
w5045,2014-05-18 21:00:00,0.5019643306732178,0.22219987213611603,0.12726061046123505,0.21757374703884125
w5046,2014-05-18 22:00:00,0.5043128728866577,0.20832215249538422,0.13206084072589874,0.21755138039588928
w5047,2014-05-18 23:00:00,0.5154063105583191,0.22035083174705505,0.1255750060081482,0.21726471185684204
w5048,2014-05-19 00:00:00,0.4913545250892639,0.22260114550590515,0.10383696854114532,0.21724364161491394
w5049,2014-05-19 01:00:00,0.4590981900691986,0.21227841079235077,0.10080013424158096,0.2167803943157196
w5050,2014-05-19 02:00:00,0.43128877878189087,0.2167218029499054,0.09691989421844482,0.21646234393119812
w5051,2014-05-19 03:00:00,0.4553578197956085,0.21711653470993042,0.0922958180308342,0.21598957479000092
w5052,2014-05-19 04:00:00,0.4627666473388672,0.21251161396503448,0.08017230778932571,0.21582484245300293
w5053,2014-05-19 05:00:00,0.37195536494255066,0.20104952156543732,0.07744811475276947,0.21643848717212677
w5054,2014-05-19 06:00:00,0.4184344410896301,0.21498598158359528,0.07662490755319595,0.2165765017271042
w5055,2014-05-19 07:00:00,0.500251293182373,0.21676643192768097,0.07841941714286804,0.21663135290145874
w5056,2014-05-19 08:00:00,0.4519878029823303,0.21865902841091156,0.07662133872509003,0.21663282811641693
w5057,2014-05-19 09:00:00,0.4456895589828491,0.2105032354593277,0.07798542082309723,0.21662886440753937
w5058,2014-05-19 10:00:00,0.41239237785339355,0.21571996808052063,0.07805535197257996,0.21661841869354248
w5059,2014-05-19 11:00:00,0.39608559012413025,0.2113681584596634,0.07680249214172363,0.21659809350967407
w5060,2014-05-19 12:00:00,0.37342843413352966,0.22102126479148865,0.07579442113637924,0.21656434237957
w5061,2014-05-19 13:00:00,0.4326414167881012,0.21277134120464325,0.0740385577082634,0.21651771664619446
w5062,2014-05-19 14:00:00,0.4334113895893097,0.2210850715637207,0.07502392679452896,0.21646104753017426
w5063,2014-05-19 15:00:00,0.3589113652706146,0.20873261988162994,0.07641332596540451,0.21639834344387054
w5064,2014-05-19 16:00:00,0.44687116146087646,0.21873146295547485,0.07657471299171448,0.21633747220039368
w5065,2014-05-19 17:00:00,0.49523892998695374,0.2154131531715393,0.07676947861909866,0.21629174053668976
w5066,2014-05-19 18:00:00,0.5292102694511414,0.23133108019828796,0.0773005336523056,0.21626777946949005
w5067,2014-05-19 19:00:00,0.5656214952468872,0.21864742040634155,0.07734799385070801,0.21627026796340942
w5068,2014-05-19 20:00:00,0.5744118094444275,0.21769239008426666,0.07672040164470673,0.21629832684993744
w5069,2014-05-19 21:00:00,0.535645604133606,0.20793978869915009,0.07695890963077545,0.21634794771671295
w5070,2014-05-19 22:00:00,0.4881945848464966,0.2239137440919876,0.07780946791172028,0.21628016233444214
w5071,2014-05-19 23:00:00,0.47619330883026123,0.20753787457942963,0.09001389890909195,0.216222882270813
w5072,2014-05-20 00:00:00,0.5442363619804382,0.21975448727607727,0.0776093378663063,0.2166503220796585
w5073,2014-05-20 01:00:00,0.4430992305278778,0.2174377590417862,0.08023689687252045,0.21687617897987366
w5074,2014-05-20 02:00:00,0.41648346185684204,0.2163979411125183,0.10054758191108704,0.21694809198379517
w5075,2014-05-20 03:00:00,0.3912819027900696,0.22117245197296143,0.09934142976999283,0.21672195196151733
w5076,2014-05-20 04:00:00,0.32217442989349365,0.2132771760225296,0.10277294367551804,0.21612006425857544
w5077,2014-05-20 05:00:00,0.273166298866272,0.20269915461540222,0.08665631711483002,0.21808519959449768
w5078,2014-05-20 06:00:00,0.2970202565193176,0.21769213676452637,0.08887982368469238,0.2171904295682907
w5079,2014-05-20 07:00:00,0.34244728088378906,0.2260364145040512,0.08875009417533875,0.21700574457645416
w5080,2014-05-20 08:00:00,0.3025272786617279,0.21393322944641113,0.09004653990268707,0.21700069308280945
w5081,2014-05-20 09:00:00,0.3210395574569702,0.22806140780448914,0.09296640753746033,0.21699665486812592
w5082,2014-05-20 10:00:00,0.34805047512054443,0.2180524468421936,0.09157826006412506,0.2169879972934723
w5083,2014-05-20 11:00:00,0.3542155921459198,0.21897797286510468,0.09126907587051392,0.21697276830673218
w5084,2014-05-20 12:00:00,0.33716434240341187,0.21215030550956726,0.09226087480783463,0.2169489562511444
w5085,2014-05-20 13:00:00,0.3810950815677643,0.2180965393781662,0.08884043991565704,0.21691404283046722
w5086,2014-05-20 14:00:00,0.37263262271881104,0.21217340230941772,0.08667270094156265,0.2168666571378708
w5087,2014-05-20 15:00:00,0.3836076557636261,0.20885515213012695,0.08854354172945023,0.21681223809719086
w5088,2014-05-20 16:00:00,0.37320128083229065,0.2193564623594284,0.0902433693408966,0.21676012873649597
w5089,2014-05-20 17:00:00,0.37395015358924866,0.2039692997932434,0.09079791605472565,0.21672028303146362
w5090,2014-05-20 18:00:00,0.41610458493232727,0.21276646852493286,0.09201778471469879,0.2167016863822937
w5091,2014-05-20 19:00:00,0.4234827756881714,0.21262513101100922,0.09324254095554352,0.21670852601528168
w5092,2014-05-20 20:00:00,0.4834982454776764,0.21992355585098267,0.09340833127498627,0.21674352884292603
w5093,2014-05-20 21:00:00,0.4623989462852478,0.21773454546928406,0.09310683608055115,0.21679764986038208
w5094,2014-05-20 22:00:00,0.39009708166122437,0.2220199704170227,0.09479275345802307,0.21682678163051605
w5095,2014-05-20 23:00:00,0.36344099044799805,0.21234382688999176,0.10866214334964752,0.21664950251579285
w5096,2014-05-21 00:00:00,0.40885576605796814,0.2142183482646942,0.12276656180620193,0.21583375334739685
w5097,2014-05-21 01:00:00,0.419812947511673,0.21506060659885406,0.1193109080195427,0.21671219170093536
w5098,2014-05-21 02:00:00,0.3887880742549896,0.21759019792079926,0.10412458330392838,0.21314449608325958
w5099,2014-05-21 03:00:00,0.359108567237854,0.21187591552734375,0.09574209153652191,0.2123512327671051
w5100,2014-05-21 04:00:00,0.27544090151786804,0.2015179991722107,0.10942592471837997,0.20980313420295715
w5101,2014-05-21 05:00:00,0.29409635066986084,0.2124835103750229,0.11051107197999954,0.20869038999080658
w5102,2014-05-21 06:00:00,0.35190531611442566,0.197348490357399,0.10466641932725906,0.21049684286117554
w5103,2014-05-21 07:00:00,0.29545027017593384,0.21855539083480835,0.10306913405656815,0.21073049306869507
w5104,2014-05-21 08:00:00,0.2858757972717285,0.21725232899188995,0.10460119694471359,0.21073521673679352
w5105,2014-05-21 09:00:00,0.2791960835456848,0.20733104646205902,0.10620564967393875,0.2107309252023697
w5106,2014-05-21 10:00:00,0.3120562732219696,0.21666961908340454,0.10793435573577881,0.2107214331626892
w5107,2014-05-21 11:00:00,0.34908902645111084,0.20917759835720062,0.10898679494857788,0.21070317924022675
w5108,2014-05-21 12:00:00,0.3286682069301605,0.1852738857269287,0.1069905087351799,0.210674449801445
w5109,2014-05-21 13:00:00,0.3402577340602875,0.21439610421657562,0.10506194084882736,0.2106347382068634
w5110,2014-05-21 14:00:00,0.31609439849853516,0.20872998237609863,0.1039336770772934,0.21058617532253265
w5111,2014-05-21 15:00:00,0.3179004490375519,0.2141437828540802,0.1022762805223465,0.21053260564804077
w5112,2014-05-21 16:00:00,0.3643149435520172,0.20748186111450195,0.10422856360673904,0.21048548817634583
w5113,2014-05-21 17:00:00,0.29732072353363037,0.20163191854953766,0.10541456192731857,0.21045023202896118
w5114,2014-05-21 18:00:00,0.33411911129951477,0.2187284678220749,0.10663315653800964,0.21043390035629272
w5115,2014-05-21 19:00:00,0.3877784311771393,0.21377933025360107,0.10749399662017822,0.21044254302978516
w5116,2014-05-21 20:00:00,0.3700227737426758,0.20182575285434723,0.10808832943439484,0.21048113703727722
w5117,2014-05-21 21:00:00,0.35517358779907227,0.20279580354690552,0.10991518944501877,0.2105487883090973
w5118,2014-05-21 22:00:00,0.36473381519317627,0.20585614442825317,0.11341731995344162,0.21070605516433716
w5119,2014-05-21 23:00:00,0.3318837881088257,0.2145671546459198,0.10619275271892548,0.21111291646957397
w5120,2014-05-22 00:00:00,0.40424954891204834,0.20649434626102448,0.10435937345027924,0.21108907461166382
w5121,2014-05-22 01:00:00,0.3501671254634857,0.21862713992595673,0.0830484926700592,0.2105320692062378
w5122,2014-05-22 02:00:00,0.34369686245918274,0.20754331350326538,0.08610931783914566,0.2108498066663742
w5123,2014-05-22 03:00:00,0.3327431380748749,0.20626725256443024,0.09064281731843948,0.20599916577339172
w5124,2014-05-22 04:00:00,0.2366170883178711,0.20911715924739838,0.09225012362003326,0.20300614833831787
w5125,2014-05-22 05:00:00,0.24955211579799652,0.20311826467514038,0.09281192719936371,0.20110632479190826
w5126,2014-05-22 06:00:00,0.30621930956840515,0.20922639966011047,0.09342049062252045,0.2019948661327362
w5127,2014-05-22 07:00:00,0.2904489040374756,0.20837987959384918,0.09552539885044098,0.20191115140914917
w5128,2014-05-22 08:00:00,0.2661803960800171,0.19944660365581512,0.0937257632613182,0.20191031694412231
w5129,2014-05-22 09:00:00,0.2514965832233429,0.2082071602344513,0.09512445330619812,0.20190808176994324
w5130,2014-05-22 10:00:00,0.29664912819862366,0.20875698328018188,0.0950254574418068,0.20190168917179108
w5131,2014-05-22 11:00:00,0.3235073983669281,0.20208965241909027,0.09417900443077087,0.20188644528388977
w5132,2014-05-22 12:00:00,0.3193296194076538,0.2041083574295044,0.09338182210922241,0.20185905694961548
w5133,2014-05-22 13:00:00,0.33368784189224243,0.20926253497600555,0.09184630215167999,0.2018192559480667
w5134,2014-05-22 14:00:00,0.3136555850505829,0.19598573446273804,0.0920056402683258,0.20176833868026733
w5135,2014-05-22 15:00:00,0.2943187952041626,0.19596688449382782,0.09356196969747543,0.2017114758491516
w5136,2014-05-22 16:00:00,0.32258108258247375,0.19101956486701965,0.09374198317527771,0.20165441930294037
w5137,2014-05-22 17:00:00,0.27992334961891174,0.1972455382347107,0.0939340889453888,0.20160776376724243
w5138,2014-05-22 18:00:00,0.32226651906967163,0.20575839281082153,0.09438096731901169,0.2015787661075592
w5139,2014-05-22 19:00:00,0.35521405935287476,0.1914958357810974,0.09455488622188568,0.20157559216022491
w5140,2014-05-22 20:00:00,0.3714340031147003,0.20664489269256592,0.09451191872358322,0.20160262286663055
w5141,2014-05-22 21:00:00,0.36642691493034363,0.19437721371650696,0.09448684751987457,0.20165365934371948
w5142,2014-05-22 22:00:00,0.34098899364471436,0.19744029641151428,0.09407899528741837,0.2015160769224167
w5143,2014-05-22 23:00:00,0.31490570306777954,0.21201421320438385,0.0991760864853859,0.20040972530841827
w5144,2014-05-23 00:00:00,0.3810194432735443,0.19154879450798035,0.09764964133501053,0.19656504690647125
w5145,2014-05-23 01:00:00,0.35257217288017273,0.19466352462768555,0.09439093619585037,0.19558098912239075
w5146,2014-05-23 02:00:00,0.32927563786506653,0.19692641496658325,0.10065004229545593,0.19852739572525024
w5147,2014-05-23 03:00:00,0.3494236171245575,0.20196373760700226,0.10620155930519104,0.1965949982404709
w5148,2014-05-23 04:00:00,0.22333897650241852,0.19554105401039124,0.10095342993736267,0.19656603038311005
w5149,2014-05-23 05:00:00,0.24250954389572144,0.19562052190303802,0.10191314667463303,0.19612611830234528
w5150,2014-05-23 06:00:00,0.3466149568557739,0.195394366979599,0.09585580974817276,0.19552694261074066
w5151,2014-05-23 07:00:00,0.2740151882171631,0.1980101317167282,0.09592629224061966,0.19548386335372925
w5152,2014-05-23 08:00:00,0.27532684803009033,0.20029900968074799,0.09672049432992935,0.1954907774925232
w5153,2014-05-23 09:00:00,0.2563744783401489,0.1926967352628708,0.09966301172971725,0.19548667967319489
w5154,2014-05-23 10:00:00,0.3099873661994934,0.19542638957500458,0.0981547012925148,0.195476233959198
w5155,2014-05-23 11:00:00,0.3515707552433014,0.19793693721294403,0.0981278270483017,0.19545675814151764
w5156,2014-05-23 12:00:00,0.3567430377006531,0.2036304920911789,0.09945900738239288,0.19542700052261353
w5157,2014-05-23 13:00:00,0.3491305708885193,0.19695119559764862,0.09771648049354553,0.19538606703281403
w5158,2014-05-23 14:00:00,0.3216058313846588,0.1996462196111679,0.09486783295869827,0.19533586502075195
w5159,2014-05-23 15:00:00,0.3017641603946686,0.20026320219039917,0.09586428105831146,0.19527709484100342
w5160,2014-05-23 16:00:00,0.3586341142654419,0.18966545164585114,0.09716716408729553,0.195221409201622
w5161,2014-05-23 17:00:00,0.29648861289024353,0.19652387499809265,0.0976465493440628,0.19518348574638367
w5162,2014-05-23 18:00:00,0.30917611718177795,0.18814405798912048,0.09842484444379807,0.19516931474208832
w5163,2014-05-23 19:00:00,0.3613637089729309,0.20604443550109863,0.09925007075071335,0.1951804757118225
w5164,2014-05-23 20:00:00,0.37980449199676514,0.20320361852645874,0.09982690960168839,0.19521525502204895
w5165,2014-05-23 21:00:00,0.3545076549053192,0.19530141353607178,0.09896621108055115,0.19527292251586914
w5166,2014-05-23 22:00:00,0.346583753824234,0.18935176730155945,0.09945964813232422,0.19520582258701324
w5167,2014-05-23 23:00:00,0.3204590082168579,0.19366751611232758,0.10163885354995728,0.19493255019187927
w5168,2014-05-24 00:00:00,0.3432309925556183,0.21194380521774292,0.10781223326921463,0.1950034201145172
w5169,2014-05-24 01:00:00,0.40024539828300476,0.18988163769245148,0.11841167509555817,0.19406771659851074
w5170,2014-05-24 02:00:00,0.3418840169906616,0.19309866428375244,0.10362114012241364,0.1921243965625763
w5171,2014-05-24 03:00:00,0.3980496823787689,0.18439319729804993,0.11513524502515793,0.18888510763645172
w5172,2014-05-24 04:00:00,0.23907044529914856,0.19941914081573486,0.10561424493789673,0.18801471590995789
w5173,2014-05-24 05:00:00,0.2642320394515991,0.1843584179878235,0.10510031133890152,0.18834549188613892
w5174,2014-05-24 06:00:00,0.31255313754081726,0.19796283543109894,0.10950691998004913,0.18874256312847137
w5175,2014-05-24 07:00:00,0.3402350842952728,0.19939740002155304,0.11117345839738846,0.18880802392959595
w5176,2014-05-24 08:00:00,0.3237619400024414,0.1966564953327179,0.11234541982412338,0.18880696594715118
w5177,2014-05-24 09:00:00,0.2915295958518982,0.18961383402347565,0.11381309479475021,0.18880227208137512
w5178,2014-05-24 10:00:00,0.3198975920677185,0.1827138066291809,0.11507073789834976,0.1887919157743454
w5179,2014-05-24 11:00:00,0.3474867045879364,0.18249893188476562,0.11545711010694504,0.18877361714839935
w5180,2014-05-24 12:00:00,0.3859908878803253,0.18478630483150482,0.11421655118465424,0.18874530494213104
w5181,2014-05-24 13:00:00,0.4089348018169403,0.19429953396320343,0.11184431612491608,0.1887054741382599
w5182,2014-05-24 14:00:00,0.3670332729816437,0.18953856825828552,0.11058467626571655,0.18865440785884857
w5183,2014-05-24 15:00:00,0.29981181025505066,0.1824692338705063,0.11077363044023514,0.1886020004749298
w5184,2014-05-24 16:00:00,0.3374158442020416,0.18831981718540192,0.11181799322366714,0.18855881690979004
w5185,2014-05-24 17:00:00,0.3111955523490906,0.22441472113132477,0.11320720613002777,0.1885325312614441
w5186,2014-05-24 18:00:00,0.3380067050457001,0.19023777544498444,0.11482727527618408,0.18852727115154266
w5187,2014-05-24 19:00:00,0.3771267831325531,0.17767810821533203,0.11590462177991867,0.18854929506778717
w5188,2014-05-24 20:00:00,0.3814204931259155,0.18934017419815063,0.11628503352403641,0.18859750032424927
w5189,2014-05-24 21:00:00,0.36272186040878296,0.19206680357456207,0.1182798519730568,0.1886702924966812
w5190,2014-05-24 22:00:00,0.35306164622306824,0.1862240433692932,0.12279307842254639,0.1884654313325882
w5191,2014-05-24 23:00:00,0.34869664907455444,0.1881893426179886,0.11919292062520981,0.18878173828125
w5192,2014-05-25 00:00:00,0.3838941752910614,0.1852499097585678,0.11375454068183899,0.18956971168518066
w5193,2014-05-25 01:00:00,0.3639344871044159,0.1997460424900055,0.11228775978088379,0.1910453587770462
w5194,2014-05-25 02:00:00,0.37362146377563477,0.1852414906024933,0.10825954377651215,0.19107086956501007
w5195,2014-05-25 03:00:00,0.44405969977378845,0.20211119949817657,0.11508084833621979,0.19750164449214935
w5196,2014-05-25 04:00:00,0.2766820192337036,0.20134352147579193,0.11559928953647614,0.19969280064105988
w5197,2014-05-25 05:00:00,0.28146159648895264,0.20000873506069183,0.11398366093635559,0.20098647475242615
w5198,2014-05-25 06:00:00,0.3388616442680359,0.20579028129577637,0.11063198745250702,0.20144498348236084
w5199,2014-05-25 07:00:00,0.31475114822387695,0.1971507966518402,0.10951381176710129,0.20125572383403778
w5200,2014-05-25 08:00:00,0.29331719875335693,0.19942086935043335,0.11016629636287689,0.2012503445148468
w5201,2014-05-25 09:00:00,0.28765034675598145,0.1917676329612732,0.11205939203500748,0.20124560594558716
w5202,2014-05-25 10:00:00,0.35499632358551025,0.20431354641914368,0.1117604598402977,0.20123441517353058
w5203,2014-05-25 11:00:00,0.3844531774520874,0.19276529550552368,0.10890838503837585,0.20121212303638458
w5204,2014-05-25 12:00:00,0.42080914974212646,0.21421363949775696,0.10674457997083664,0.2011786848306656
w5205,2014-05-25 13:00:00,0.45485538244247437,0.203569233417511,0.106251560151577,0.20113377273082733
w5206,2014-05-25 14:00:00,0.3800499141216278,0.20219697058200836,0.10688841342926025,0.20108121633529663
w5207,2014-05-25 15:00:00,0.3340056836605072,0.19578607380390167,0.10889258980751038,0.20102660357952118
w5208,2014-05-25 16:00:00,0.3667509853839874,0.19077682495117188,0.11001142859458923,0.20097844302654266
w5209,2014-05-25 17:00:00,0.3282138407230377,0.1995786875486374,0.11188580095767975,0.20094285905361176
w5210,2014-05-25 18:00:00,0.3568907380104065,0.2055003046989441,0.11073917150497437,0.20092862844467163
w5211,2014-05-25 19:00:00,0.4222906529903412,0.1927201896905899,0.10995598137378693,0.2009442150592804
w5212,2014-05-25 20:00:00,0.3701365292072296,0.20043466985225677,0.10918763279914856,0.2009880542755127
w5213,2014-05-25 21:00:00,0.36409538984298706,0.19597122073173523,0.10832276195287704,0.20105396211147308
w5214,2014-05-25 22:00:00,0.38832828402519226,0.207903653383255,0.1101902425289154,0.2015150636434555
w5215,2014-05-25 23:00:00,0.3618520498275757,0.20350296795368195,0.11434454470872879,0.2028416246175766
w5216,2014-05-26 00:00:00,0.4072783291339874,0.20425763726234436,0.12128599733114243,0.20436756312847137
w5217,2014-05-26 01:00:00,0.3411180377006531,0.21418288350105286,0.1164361760020256,0.20726020634174347
w5218,2014-05-26 02:00:00,0.33918386697769165,0.2052629292011261,0.13060572743415833,0.20956887304782867
w5219,2014-05-26 03:00:00,0.4522351026535034,0.21385176479816437,0.12478913366794586,0.21164226531982422
w5220,2014-05-26 04:00:00,0.37996309995651245,0.21189099550247192,0.12737946212291718,0.21204057335853577
w5221,2014-05-26 05:00:00,0.36972174048423767,0.20920440554618835,0.1212412491440773,0.21221306920051575
w5222,2014-05-26 06:00:00,0.5013859868049622,0.21548515558242798,0.11823948472738266,0.21359485387802124
w5223,2014-05-26 07:00:00,0.3365987539291382,0.22028575837612152,0.11315266042947769,0.21375060081481934
w5224,2014-05-26 08:00:00,0.27400466799736023,0.21936655044555664,0.11419308185577393,0.21374675631523132
w5225,2014-05-26 09:00:00,0.2838505208492279,0.18631504476070404,0.11560206860303879,0.21374374628067017
w5226,2014-05-26 10:00:00,0.359170138835907,0.224154531955719,0.11697583645582199,0.2137356400489807
w5227,2014-05-26 11:00:00,0.42282021045684814,0.2188921719789505,0.1165819838643074,0.21371816098690033
w5228,2014-05-26 12:00:00,0.42677319049835205,0.2050376981496811,0.1157897561788559,0.21369042992591858
w5229,2014-05-26 13:00:00,0.4287787675857544,0.2156987488269806,0.11468981206417084,0.21365134418010712
w5230,2014-05-26 14:00:00,0.39567968249320984,0.21563738584518433,0.11367437243461609,0.21360279619693756
w5231,2014-05-26 15:00:00,0.3418923616409302,0.20327280461788177,0.11294890940189362,0.2135491967201233
w5232,2014-05-26 16:00:00,0.3770311772823334,0.21744312345981598,0.11412331461906433,0.2135019749403
w5233,2014-05-26 17:00:00,0.3701077699661255,0.20694446563720703,0.11537078768014908,0.21347084641456604
w5234,2014-05-26 18:00:00,0.37205880880355835,0.21147917211055756,0.11643590033054352,0.2134578973054886
w5235,2014-05-26 19:00:00,0.4241000711917877,0.21413373947143555,0.11705136299133301,0.213470920920372
w5236,2014-05-26 20:00:00,0.3619260787963867,0.20638784766197205,0.11694928258657455,0.2135089784860611
w5237,2014-05-26 21:00:00,0.3661952018737793,0.21033239364624023,0.11688534170389175,0.21356290578842163
w5238,2014-05-26 22:00:00,0.35952118039131165,0.20345249772071838,0.11816423386335373,0.213522806763649
w5239,2014-05-26 23:00:00,0.34269243478775024,0.2136567384004593,0.12038689106702805,0.2131550908088684
w5240,2014-05-27 00:00:00,0.3881697654724121,0.2158868908882141,0.12149301916360855,0.21818993985652924
w5241,2014-05-27 01:00:00,0.3982970416545868,0.20377610623836517,0.12636405229568481,0.22288598120212555
w5242,2014-05-27 02:00:00,0.3726401925086975,0.2430572211742401,0.13634493947029114,0.22849273681640625
w5243,2014-05-27 03:00:00,0.418609082698822,0.2259466052055359,0.13539373874664307,0.23313723504543304
w5244,2014-05-27 04:00:00,0.31169116497039795,0.23866160213947296,0.14037534594535828,0.2368340790271759
w5245,2014-05-27 05:00:00,0.35595887899398804,0.23669880628585815,0.14415176212787628,0.23742014169692993
w5246,2014-05-27 06:00:00,0.4151090085506439,0.22279909253120422,0.14912192523479462,0.2354632019996643
w5247,2014-05-27 07:00:00,0.41894689202308655,0.2400149703025818,0.1512056440114975,0.23527532815933228
w5248,2014-05-27 08:00:00,0.4047046899795532,0.23317527770996094,0.15174826979637146,0.23527057468891144
w5249,2014-05-27 09:00:00,0.3658011853694916,0.24081826210021973,0.1528117060661316,0.23526756465435028
w5250,2014-05-27 10:00:00,0.3618471324443817,0.2303309142589569,0.15211626887321472,0.23525945842266083
w5251,2014-05-27 11:00:00,0.3719826936721802,0.23469819128513336,0.15175655484199524,0.23524196445941925
w5252,2014-05-27 12:00:00,0.39559364318847656,0.2363697737455368,0.15033017098903656,0.2352137565612793
w5253,2014-05-27 13:00:00,0.40110960602760315,0.23698364198207855,0.14894752204418182,0.23517364263534546
w5254,2014-05-27 14:00:00,0.32550254464149475,0.23811933398246765,0.14874431490898132,0.23512262105941772
w5255,2014-05-27 15:00:00,0.29764726758003235,0.2376125156879425,0.14969484508037567,0.23506423830986023
w5256,2014-05-27 16:00:00,0.3163629174232483,0.23102842271327972,0.1507793515920639,0.23500996828079224
w5257,2014-05-27 17:00:00,0.2970544099807739,0.23924840986728668,0.1521962434053421,0.23497237265110016
w5258,2014-05-27 18:00:00,0.3337421417236328,0.22798453271389008,0.1532999873161316,0.23495323956012726
w5259,2014-05-27 19:00:00,0.35618987679481506,0.22455450892448425,0.15408781170845032,0.2349625676870346
w5260,2014-05-27 20:00:00,0.316913902759552,0.23492100834846497,0.1551358997821808,0.23499886691570282
w5261,2014-05-27 21:00:00,0.33891940116882324,0.23167917132377625,0.15815122425556183,0.23505860567092896
w5262,2014-05-27 22:00:00,0.32411500811576843,0.23441073298454285,0.16448289155960083,0.23539093136787415
w5263,2014-05-27 23:00:00,0.31301653385162354,0.23730182647705078,0.16653507947921753,0.23581065237522125
w5264,2014-05-28 00:00:00,0.3496362864971161,0.23291444778442383,0.11286354064941406,0.23165930807590485
w5265,2014-05-28 01:00:00,0.3939518332481384,0.23281924426555634,0.10813841223716736,0.2259061634540558
w5266,2014-05-28 02:00:00,0.42186546325683594,0.22031015157699585,0.10511737316846848,0.22147530317306519
w5267,2014-05-28 03:00:00,0.4983363151550293,0.2166818529367447,0.10058446228504181,0.2170269787311554
w5268,2014-05-28 04:00:00,0.47272640466690063,0.2183050513267517,0.09179646521806717,0.2147570103406906
w5269,2014-05-28 05:00:00,0.40490013360977173,0.22452078759670258,0.09465868026018143,0.21558012068271637
w5270,2014-05-28 06:00:00,0.517380952835083,0.19897516071796417,0.08943913131952286,0.21608583629131317
w5271,2014-05-28 07:00:00,0.4514167606830597,0.2116071581840515,0.0880797952413559,0.21650421619415283
w5272,2014-05-28 08:00:00,0.28042182326316833,0.22455994784832,0.08790503442287445,0.21650928258895874
w5273,2014-05-28 09:00:00,0.38307985663414,0.2060289978981018,0.08947305381298065,0.21650627255439758
w5274,2014-05-28 10:00:00,0.3631307780742645,0.20382435619831085,0.08934257924556732,0.21649816632270813
w5275,2014-05-28 11:00:00,0.4165678322315216,0.222407266497612,0.08782799541950226,0.21648070216178894
w5276,2014-05-28 12:00:00,0.43229806423187256,0.2110481709241867,0.0864839181303978,0.21645277738571167
w5277,2014-05-28 13:00:00,0.46915584802627563,0.2215920239686966,0.08399729430675507,0.21641294658184052
w5278,2014-05-28 14:00:00,0.35295453667640686,0.21932554244995117,0.08669626712799072,0.21636338531970978
w5279,2014-05-28 15:00:00,0.34428632259368896,0.23270729184150696,0.08766552805900574,0.2163090705871582
w5280,2014-05-28 16:00:00,0.35894638299942017,0.21139764785766602,0.08776198327541351,0.21626080572605133
w5281,2014-05-28 17:00:00,0.3993475139141083,0.21657809615135193,0.0882713794708252,0.2162298560142517
w5282,2014-05-28 18:00:00,0.38612768054008484,0.21687191724777222,0.08925852179527283,0.21621793508529663
w5283,2014-05-28 19:00:00,0.4278882145881653,0.21336565911769867,0.08949140459299088,0.21623288094997406
w5284,2014-05-28 20:00:00,0.39963647723197937,0.21899694204330444,0.08852037787437439,0.21627455949783325
w5285,2014-05-28 21:00:00,0.373667448759079,0.22112761437892914,0.08739372342824936,0.21633979678153992
w5286,2014-05-28 22:00:00,0.33786454796791077,0.2197330743074417,0.08939386904239655,0.2167176455259323
w5287,2014-05-28 23:00:00,0.3746975064277649,0.2172589898109436,0.10672622919082642,0.21769247949123383
w5288,2014-05-29 00:00:00,0.4230196475982666,0.21919594705104828,0.09830696135759354,0.21673358976840973
